test,prev_run,red_run,red_at,new_in_run,mass,range_tasks,class,selected_by,missed,multi_landing_range,direct_commits_in_range,still_red_next_run
dagq::it::cli_changes::stats_and_kpi_split_the_landed_runs_by_their_change,36501595993,36502435811,2026-09-29T00:18:29Z,682,1,1046,it,1046,0,0,,1
dagq::it::cli_changes::the_set_of_changes_of_dagq_toml_holds_add_edit_lint_and_submit,36501595993,36502435811,2026-09-29T00:18:29Z,682,1,1046,it,1046,0,0,,1
dagq::it::draft_bundles::a_question_about_any_draft_of_the_bundle_goes_to_its_planner,36501595993,36502435811,2026-09-29T00:18:29Z,682,1,1046,it,1046,0,0,,1
dagq::it::draft_bundles::one_runs_follow_ups_are_one_bundle_for_one_planner,36501595993,36502435811,2026-09-29T00:18:29Z,682,1,1046,it,1046,0,0,,1
dagq::it::draft_bundles::what_a_bundle_leaves_undecided_makes_the_next_and_the_outcomes_are_read,36501595993,36502435811,2026-09-29T00:18:29Z,682,1,1046,it,1046,0,0,,1
dagq::it::finding_planner::a_marked_finding_gets_one_planner_whose_proposal_plan_review_readies,36501595993,36502435811,2026-09-29T00:18:29Z,682,1,1046,it,1046,0,0,,1
dagq::it::finding_planner::a_planner_question_about_a_finding_is_typed_to_its_planner_and_undecided_planners_end_in_the_inbox,36501595993,36502435811,2026-09-29T00:18:29Z,682,1,1046,it,1046,0,0,,1
dagq::it::finding_planner::a_propose_answer_marks_the_finding_and_a_planner_takes_it,36501595993,36502435811,2026-09-29T00:18:29Z,682,1,1046,it,1046,0,0,,1
dagq::it::finding_planner::improvement_planners_wait_at_the_limit_and_their_tasks_are_normal_at_most,36501595993,36502435811,2026-09-29T00:18:29Z,682,1,1046,it,1046,0,0,,1
dagq::it::goal_review::a_failed_goal_review_waits_for_a_person_until_rearmed,36501595993,36502435811,2026-09-29T00:18:29Z,682,1,1046,it,1046,0,0,,1
dagq::it::goal_review::a_fourth_gaps_in_a_row_asks_a_person,36501595993,36502435811,2026-09-29T00:18:29Z,682,1,1046,it,1046,0,0,,1
dagq::it::goal_review::a_goal_review_verdict_is_applied_at_its_jobs_request_and_a_broken_one_fails_closed,36501595993,36502435811,2026-09-29T00:18:29Z,682,1,1046,it,1046,0,0,,1
dagq::it::goal_review::abandoned_and_keep_open_answers_are_applied,36501595993,36502435811,2026-09-29T00:18:29Z,682,1,1046,it,1046,0,0,,1
dagq::it::goal_review::an_achieved_goal_is_closed_with_its_evidence,36501595993,36502435811,2026-09-29T00:18:29Z,682,1,1046,it,1046,0,0,,1
dagq::it::goal_review::an_answer_to_a_goal_closed_meanwhile_is_closed_with_ask_closed,36501595993,36502435811,2026-09-29T00:18:29Z,682,1,1046,it not in the table,,0,0,,1
dagq::it::goal_review::an_ask_waits_for_a_person_whose_answer_is_applied,36501595993,36502435811,2026-09-29T00:18:29Z,682,1,1046,it,1046,0,0,,1
dagq::it::goal_review::gaps_become_drafts_of_the_open_goal_and_a_review_waits_for_them,36501595993,36502435811,2026-09-29T00:18:29Z,682,1,1046,it,1046,0,0,,1
dagq::it::goal_review::only_goals_whose_tasks_ended_are_reviewed,36501595993,36502435811,2026-09-29T00:18:29Z,682,1,1046,it not in the table,,0,0,,1
dagq::it::inbox_nudge::a_nudge_of_an_absence_is_claimed_once_across_supervisors,36501595993,36502435811,2026-09-29T00:18:29Z,682,1,1046,it,1046,0,0,,1
dagq::it::inbox_nudge::an_idle_inbox_is_nudged_twice_then_the_person_is_notified_then_nothing,36501595993,36502435811,2026-09-29T00:18:29Z,682,1,1046,it,1046,0,0,,1
dagq::it::inbox_nudge::an_inbox_at_work_or_with_a_line_typed_is_not_nudged,36501595993,36502435811,2026-09-29T00:18:29Z,682,1,1046,it,1046,0,0,,1
dagq::it::inbox_nudge::nothing_is_typed_with_a_watcher_without_an_ask_or_without_the_workspace,36501595993,36502435811,2026-09-29T00:18:29Z,682,1,1046,it,1046,0,0,,1
dagq::it::installed_plugin::a_restart_by_the_runtime_does_not_check_the_installed_plugin,36501595993,36502435811,2026-09-29T00:18:29Z,682,1,1046,it,1046,0,0,,1
dagq::it::installed_plugin::plan_without_a_plugin_dir_needs_the_installed_plugin,36501595993,36502435811,2026-09-29T00:18:29Z,682,1,1046,it not in the table,,0,0,,1
dagq::it::installed_plugin::up_with_a_plugin_dir_does_not_check_the_installed_plugin,36501595993,36502435811,2026-09-29T00:18:29Z,682,1,1046,it,1046,0,0,,1
dagq::it::installed_plugin::up_without_a_plugin_dir_needs_the_installed_plugin,36501595993,36502435811,2026-09-29T00:18:29Z,682,1,1046,it,1046,0,0,,1
dagq::it::landing_branch::a_branch_named_in_dagq_toml_is_where_runs_land,36501595993,36502435811,2026-09-29T00:18:29Z,682,1,1046,it,1046,0,0,,1
dagq::it::landing_branch::a_landing_that_renames_the_branch_still_lands_and_pushes_on_its_branch,36501595993,36502435811,2026-09-29T00:18:29Z,682,1,1046,it,1046,0,0,,1
dagq::it::landing_branch::a_master_repository_without_origin_lands_on_master,36501595993,36502435811,2026-09-29T00:18:29Z,682,1,1046,it,1046,0,0,,1
dagq::it::landing_branch::up_and_doctor_check_the_configured_push_remote,36501595993,36502435811,2026-09-29T00:18:29Z,682,1,1046,it,1046,0,0,,1
dagq::it::landing_branch::up_checks_the_landing_branch_and_plan_opens_on_master,36501595993,36502435811,2026-09-29T00:18:29Z,682,1,1046,it not in the table,,0,0,,1
dagq::it::language::nothing_set_adds_no_instruction,36501595993,36502435811,2026-09-29T00:18:29Z,682,1,1046,it,1046,0,0,,1
dagq::it::language::the_repositorys_language_is_over_the_users,36501595993,36502435811,2026-09-29T00:18:29Z,682,1,1046,it,1046,0,0,,1
dagq::it::language::the_users_language_is_in_every_prompt,36501595993,36502435811,2026-09-29T00:18:29Z,682,1,1046,it,1046,0,0,,1
dagq::it::lifecycle_down::down_force_kills_after_the_unload_and_drops_the_registration,36501595993,36502435811,2026-09-29T00:18:29Z,682,1,1046,it,1046,0,0,,1
dagq::it::lifecycle_down::down_force_kills_an_in_cmux_supervisor_and_closes_or_reports_its_workspace,36501595993,36502435811,2026-09-29T00:18:29Z,682,1,1046,it,1046,0,0,,1
dagq::it::lifecycle_down::down_interrupts_an_in_cmux_supervisor_and_closes_its_workspace_once_it_is_gone,36501595993,36502435811,2026-09-29T00:18:29Z,682,1,1046,it,1046,0,0,,1
dagq::it::lifecycle_down::down_reports_not_running_without_a_live_registration_and_still_unloads_the_agent,36501595993,36502435811,2026-09-29T00:18:29Z,682,1,1046,it,1046,0,0,,1
dagq::it::lifecycle_down::down_stops_a_launchd_and_an_in_cmux_supervisor_in_one_call,36501595993,36502435811,2026-09-29T00:18:29Z,682,1,1046,it,1046,0,0,,1
dagq::it::lifecycle_down::down_unloads_the_agent_and_returns_while_the_supervisor_drains,36501595993,36502435811,2026-09-29T00:18:29Z,682,1,1046,it,1046,0,0,,1
dagq::it::lifecycle_down::down_wait_returns_stopped_once_the_registration_is_gone_or_the_process_died,36501595993,36502435811,2026-09-29T00:18:29Z,682,1,1046,it,1046,0,0,,1
dagq::it::lifecycle_in_cmux::up_in_cmux_does_not_mistake_a_silent_supervisor_for_the_one_it_started,36501595993,36502435811,2026-09-29T00:18:29Z,682,1,1046,it,1046,0,0,,1
dagq::it::lifecycle_in_cmux::up_in_cmux_forgets_a_supervisor_workspace_that_was_closed,36501595993,36502435811,2026-09-29T00:18:29Z,682,1,1046,it,1046,0,0,,1
dagq::it::lifecycle_in_cmux::up_in_cmux_refuses_to_open_a_second_supervisor_workspace,36501595993,36502435811,2026-09-29T00:18:29Z,682,1,1046,it,1046,0,0,,1
dagq::it::lifecycle_in_cmux::up_in_cmux_starts_the_supervisor_in_a_workspace_and_leaves_launchd_alone,36501595993,36502435811,2026-09-29T00:18:29Z,682,1,1046,it,1046,0,0,,1
dagq::it::lifecycle_install::a_handoff_looks_again_at_a_supervisor_that_took_it_as_the_wait_ran_out,36501595993,36502435811,2026-09-29T00:18:29Z,682,1,1046,it,1046,0,0,,1
dagq::it::lifecycle_install::a_stale_row_of_the_same_pid_is_not_a_successor,36501595993,36502435811,2026-09-29T00:18:29Z,682,1,1046,it,1046,0,0,,1
dagq::it::lifecycle_install::install_counts_a_supervisor_that_took_the_handoff_as_the_wait_ran_out,36501595993,36502435811,2026-09-29T00:18:29Z,682,1,1046,it,1046,0,0,,1
dagq::it::lifecycle_install::install_drains_only_for_a_breaking_migration_when_allowed,36501595993,36502435811,2026-09-29T00:18:29Z,682,1,1046,it,1046,0,0,,1
dagq::it::lifecycle_install::install_keeps_the_binary_unless_every_supervisor_failed_the_handoff,36501595993,36502435811,2026-09-29T00:18:29Z,682,1,1046,it,1046,0,0,,1
dagq::it::lifecycle_install::install_migrates_replaces_and_hands_over_and_restores_on_a_failed_handoff,36501595993,36502435811,2026-09-29T00:18:29Z,682,1,1046,it,1046,0,0,,1
dagq::it::lifecycle_install::install_of_a_checkout_replaces_nothing_unless_its_e2e_passes,36501595993,36502435811,2026-09-29T00:18:29Z,682,1,1046,it,1046,0,0,,1
dagq::it::lifecycle_install::the_plugin_only_job_updates_the_plugin_and_nothing_else,36501595993,36502435811,2026-09-29T00:18:29Z,682,1,1046,it,1046,0,0,,1
dagq::it::lifecycle_install::the_release_job_brings_the_plugin_after_the_binary,36501595993,36502435811,2026-09-29T00:18:29Z,682,1,1046,it,1046,0,0,,1
dagq::it::lifecycle_install::the_release_job_installs_a_release_like_a_build_and_asks_on_a_failure,36501595993,36502435811,2026-09-29T00:18:29Z,682,1,1046,it,1046,0,0,,1
dagq::it::lifecycle_install::the_release_job_skips_cargo_when_the_binary_is_that_release,36501595993,36502435811,2026-09-29T00:18:29Z,682,1,1046,it,1046,0,0,,1
dagq::it::lifecycle_install::the_update_job_brings_back_a_pid_that_registered_again_and_died,36501595993,36502435811,2026-09-29T00:18:29Z,682,1,1046,it,1046,0,0,,1
dagq::it::lifecycle_install::the_update_job_brings_back_every_supervisor_when_none_takes_the_handoff,36501595993,36502435811,2026-09-29T00:18:29Z,682,1,1046,it,1046,0,0,,1
dagq::it::lifecycle_install::the_update_job_brings_back_only_its_supervisor_when_the_install_fails_before_the_handoff,36501595993,36502435811,2026-09-29T00:18:29Z,682,1,1046,it,1046,0,0,,1
dagq::it::lifecycle_install::the_update_job_follows_a_pid_that_registered_again_under_the_new_build,36501595993,36502435811,2026-09-29T00:18:29Z,682,1,1046,it,1046,0,0,,1
dagq::it::lifecycle_install::the_update_job_follows_the_row_registered_after_the_handoff_over_a_stale_one,36501595993,36502435811,2026-09-29T00:18:29Z,682,1,1046,it,1046,0,0,,1
dagq::it::lifecycle_install::the_update_job_installs_past_a_supervisor_that_took_the_handoff_as_the_wait_ran_out,36501595993,36502435811,2026-09-29T00:18:29Z,682,1,1046,it,1046,0,0,,1
dagq::it::lifecycle_install::the_update_job_installs_watches_restores_and_asks,36501595993,36502435811,2026-09-29T00:18:29Z,682,1,1046,it,1046,0,0,,1
dagq::it::lifecycle_install::the_update_job_keeps_the_binary_when_only_some_take_the_handoff,36501595993,36502435811,2026-09-29T00:18:29Z,682,1,1046,it,1046,0,0,,1
dagq::it::lifecycle_install::the_update_job_replaces_nothing_unless_the_build_passes_its_e2e,36501595993,36502435811,2026-09-29T00:18:29Z,682,1,1046,it,1046,0,0,,1
dagq::it::lifecycle_install::the_update_job_watches_every_supervisor_it_handed_over,36501595993,36502435811,2026-09-29T00:18:29Z,682,1,1046,it,1046,0,0,,1
dagq::it::lifecycle_plan::a_new_planner_does_not_take_the_idle_marker_an_old_database_left,36501595993,36502435811,2026-09-29T00:18:29Z,682,1,1046,it,1046,0,0,,1
dagq::it::lifecycle_plan::a_planner_session_is_judged_alive_and_idle_like_a_worker,36501595993,36502435811,2026-09-29T00:18:29Z,682,1,1046,it,1046,0,0,,1
dagq::it::lifecycle_plan::a_planner_workspace_made_although_its_create_failed_is_not_left_open,36501595993,36502435811,2026-09-29T00:18:29Z,682,1,1046,it,1046,0,0,,1
dagq::it::lifecycle_plan::plan_closes_the_record_of_a_planner_whose_workspace_did_not_open,36501595993,36502435811,2026-09-29T00:18:29Z,682,1,1046,it not in the table,,0,0,,1
dagq::it::lifecycle_plan::plan_closes_the_records_of_planners_whose_workspace_and_wrapper_are_gone,36501595993,36502435811,2026-09-29T00:18:29Z,682,1,1046,it not in the table,,0,0,,1
dagq::it::lifecycle_plan::plan_gives_the_planner_the_model_and_effort_of_its_role,36501595993,36502435811,2026-09-29T00:18:29Z,682,1,1046,it not in the table,,0,0,,1
dagq::it::lifecycle_plan::plan_opens_a_new_planner_workspace_on_every_call_and_records_each,36501595993,36502435811,2026-09-29T00:18:29Z,682,1,1046,it not in the table,,0,0,,1
dagq::it::lifecycle_plan::the_runtime_opens_a_planner_for_a_proposal_with_its_reasons,36501595993,36502435811,2026-09-29T00:18:29Z,682,1,1046,it,1046,0,0,,1
dagq::it::lifecycle_replace::a_handoff_follows_a_pid_that_registered_again_under_the_new_build,36501595993,36502435811,2026-09-29T00:18:29Z,682,1,1046,it,1046,0,0,,1
dagq::it::lifecycle_replace::a_handoff_waits_for_every_supervisor_past_a_failure,36501595993,36502435811,2026-09-29T00:18:29Z,682,1,1046,it,1046,0,0,,1
dagq::it::lifecycle_replace::up_applies_compatible_migrations_and_refuses_breaking_ones,36501595993,36502435811,2026-09-29T00:18:29Z,682,1,1046,it,1046,0,0,,1
dagq::it::lifecycle_replace::up_drains_a_supervisor_whose_agent_starts_another_binary,36501595993,36502435811,2026-09-29T00:18:29Z,682,1,1046,it,1046,0,0,,1
dagq::it::lifecycle_replace::up_drains_and_replaces_a_launchd_supervisor_of_another_version,36501595993,36502435811,2026-09-29T00:18:29Z,682,1,1046,it,1046,0,0,,1
dagq::it::lifecycle_replace::up_drops_the_row_of_a_replaced_supervisor_that_died_without_deregistering,36501595993,36502435811,2026-09-29T00:18:29Z,682,1,1046,it,1046,0,0,,1
dagq::it::lifecycle_replace::up_finishes_its_steps_when_no_supervisor_takes_the_handoff,36501595993,36502435811,2026-09-29T00:18:29Z,682,1,1046,it,1046,0,0,,1
dagq::it::lifecycle_replace::up_hands_a_supervisor_of_another_build_over_without_draining_it,36501595993,36502435811,2026-09-29T00:18:29Z,682,1,1046,it,1046,0,0,,1
dagq::it::lifecycle_replace::up_in_cmux_refuses_a_leftover_supervisor_workspace_before_draining,36501595993,36502435811,2026-09-29T00:18:29Z,682,1,1046,it,1046,0,0,,1
dagq::it::lifecycle_replace::up_in_cmux_replaces_an_in_cmux_supervisor_of_another_version,36501595993,36502435811,2026-09-29T00:18:29Z,682,1,1046,it,1046,0,0,,1
dagq::it::lifecycle_replace::up_names_the_supervisors_that_did_not_take_the_handoff,36501595993,36502435811,2026-09-29T00:18:29Z,682,1,1046,it,1046,0,0,,1
dagq::it::lifecycle_replace::up_no_wait_gives_up_on_a_supervisor_that_does_not_stop,36501595993,36502435811,2026-09-29T00:18:29Z,682,1,1046,it,1046,0,0,,1
dagq::it::lifecycle_replace::up_no_wait_refuses_to_replace_while_runs_are_in_flight,36501595993,36502435811,2026-09-29T00:18:29Z,682,1,1046,it,1046,0,0,,1
dagq::it::lifecycle_replace::up_proves_the_detached_connection_before_draining_the_old_supervisor,36501595993,36502435811,2026-09-29T00:18:29Z,682,1,1046,it,1046,0,0,,1
dagq::it::lifecycle_replace::up_reports_a_handoff_that_did_not_happen,36501595993,36502435811,2026-09-29T00:18:29Z,682,1,1046,it,1046,0,0,,1
dagq::it::lifecycle_replace::up_reuses_a_supervisor_of_this_binary_version,36501595993,36502435811,2026-09-29T00:18:29Z,682,1,1046,it,1046,0,0,,1
dagq::it::lifecycle_replace::up_terminates_a_replaced_supervisor_that_launchd_did_not_signal,36501595993,36502435811,2026-09-29T00:18:29Z,682,1,1046,it,1046,0,0,,1
dagq::it::lifecycle_up::up_and_down_record_what_they_did_through_tracing,36501595993,36502435811,2026-09-29T00:18:29Z,682,1,1046,it,1046,0,0,,1
dagq::it::lifecycle_up::up_colors_labels_and_pins_the_inbox_on_every_up,36501595993,36502435811,2026-09-29T00:18:29Z,682,1,1046,it,1046,0,0,,1
dagq::it::lifecycle_up::up_fails_before_writing_the_plist_when_cmux_refuses_the_detached_ping,36501595993,36502435811,2026-09-29T00:18:29Z,682,1,1046,it,1046,0,0,,1
dagq::it::lifecycle_up::up_fails_when_claude_code_has_not_trusted_the_repository,36501595993,36502435811,2026-09-29T00:18:29Z,682,1,1046,it,1046,0,0,,1
dagq::it::lifecycle_up::up_fails_when_the_started_supervisor_never_registers,36501595993,36502435811,2026-09-29T00:18:29Z,682,1,1046,it,1046,0,0,,1
dagq::it::lifecycle_up::up_forgets_the_retired_and_the_resident_planner_workspaces_and_opens_only_the_inbox,36501595993,36502435811,2026-09-29T00:18:29Z,682,1,1046,it,1046,0,0,,1
dagq::it::lifecycle_up::up_from_a_linked_worktree_checks_the_trust_of_the_main_checkout,36501595993,36502435811,2026-09-29T00:18:29Z,682,1,1046,it,1046,0,0,,1
dagq::it::lifecycle_up::up_passes_max_load_to_the_supervisor_only_when_given,36501595993,36502435811,2026-09-29T00:18:29Z,682,1,1046,it,1046,0,0,,1
dagq::it::lifecycle_up::up_passes_parallel_and_max_waiting_only_when_given,36501595993,36502435811,2026-09-29T00:18:29Z,682,1,1046,it,1046,0,0,,1
dagq::it::lifecycle_up::up_passes_runtime_planners_only_when_given,36501595993,36502435811,2026-09-29T00:18:29Z,682,1,1046,it,1046,0,0,,1
dagq::it::lifecycle_up::up_proves_the_connection_with_the_exported_password_and_stores_it_in_the_plist,36501595993,36502435811,2026-09-29T00:18:29Z,682,1,1046,it,1046,0,0,,1
dagq::it::lifecycle_up::up_prunes_dead_registrations_and_keeps_live_ones_and_leases,36501595993,36502435811,2026-09-29T00:18:29Z,682,1,1046,it,1046,0,0,,1
dagq::it::lifecycle_up::up_prunes_rows_whose_pid_is_dead_or_taken_by_another_process,36501595993,36502435811,2026-09-29T00:18:29Z,682,1,1046,it,1046,0,0,,1
dagq::it::lifecycle_up::up_refuses_a_run_env_program_its_path_does_not_find,36501595993,36502435811,2026-09-29T00:18:29Z,682,1,1046,it,1046,0,0,,1
dagq::it::lifecycle_up::up_refuses_a_wrong_language_and_gives_the_inbox_a_right_one,36501595993,36502435811,2026-09-29T00:18:29Z,682,1,1046,it,1046,0,0,,1
dagq::it::lifecycle_up::up_reopens_a_closed_inbox_and_down_leaves_the_sessions_open,36501595993,36502435811,2026-09-29T00:18:29Z,682,1,1046,it,1046,0,0,,1
dagq::it::lifecycle_up::up_reports_runs_that_wait_for_a_person_or_the_supervisor,36501595993,36502435811,2026-09-29T00:18:29Z,682,1,1046,it,1046,0,0,,1
dagq::it::lifecycle_up::up_requires_cmux_claude_and_an_initialized_queue,36501595993,36502435811,2026-09-29T00:18:29Z,682,1,1046,it,1046,0,0,,1
dagq::it::lifecycle_up::up_skips_the_inbox_inside_its_own_session,36501595993,36502435811,2026-09-29T00:18:29Z,682,1,1046,it,1046,0,0,,1
dagq::it::lifecycle_up::up_starts_the_agent_and_the_sessions_once_and_reuses_them_after,36501595993,36502435811,2026-09-29T00:18:29Z,682,1,1046,it,1046,0,0,,1
dagq::it::lifecycle_up::up_warns_and_goes_on_when_cmux_refuses_the_look,36501595993,36502435811,2026-09-29T00:18:29Z,682,1,1046,it,1046,0,0,,1
dagq::it::lifecycle_up::up_warns_and_goes_on_when_the_workspace_group_cannot_be_made,36501595993,36502435811,2026-09-29T00:18:29Z,682,1,1046,it,1046,0,0,,1
dagq::it::main_checkout::a_bare_repository_stops_up_supervise_integrate_and_doctor,36501595993,36502435811,2026-09-29T00:18:29Z,682,1,1046,it,1046,0,0,,1
dagq::it::main_checkout::the_parent_of_a_dot_git_is_the_main_checkout_from_anywhere,36501595993,36502435811,2026-09-29T00:18:29Z,682,1,1046,it,1046,0,0,,1
dagq::it::main_checkout::up_in_a_separate_git_dir_repository_trusts_the_main_worktree,36501595993,36502435811,2026-09-29T00:18:29Z,682,1,1046,it,1046,0,0,,1
dagq::it::plan_review::a_concern_asks_the_inbox_and_the_supervisor_applies_the_answers,36501595993,36502435811,2026-09-29T00:18:29Z,682,1,1046,it,1046,0,0,,1
dagq::it::plan_review::a_duplicate_plan_review_cancels_is_recorded_as_cancel_duplicate_of_does,36501595993,36502435811,2026-09-29T00:18:29Z,682,1,1046,it,1046,0,0,,1
dagq::it::plan_review::a_failed_plan_review_waits_for_a_person_and_is_not_retried,36501595993,36502435811,2026-09-29T00:18:29Z,682,1,1046,it,1046,0,0,,1
dagq::it::plan_review::a_job_failing_after_an_edit_of_its_task_is_not_held_and_the_review_runs_again,36501595993,36502435811,2026-09-29T00:18:29Z,682,1,1046,it,1046,0,0,,1
dagq::it::plan_review::a_job_failing_after_edits_before_it_or_to_another_proposal_is_held,36501595993,36502435811,2026-09-29T00:18:29Z,682,1,1046,it,1046,0,0,,1
dagq::it::plan_review::a_passing_plan_review_readies_the_proposal_with_its_actions,36501595993,36502435811,2026-09-29T00:18:29Z,682,1,1046,it,1046,0,0,,1
dagq::it::plan_review::a_passing_plan_review_records_a_forecast_snapshot,36501595993,36502435811,2026-09-29T00:18:29Z,682,1,1046,it,1046,0,0,,1
dagq::it::plan_review::a_plan_review_at_the_usage_limit_joins_the_cost_ask_and_starts_again_after_done,36501595993,36502435811,2026-09-29T00:18:29Z,682,1,1046,it,1046,0,0,,1
dagq::it::plan_review::a_plan_review_duplicate_of_a_canceled_missing_or_the_same_task_fails,36501595993,36502435811,2026-09-29T00:18:29Z,682,1,1046,it,1046,0,0,,1
dagq::it::plan_review::a_plan_review_verdict_is_applied_at_its_jobs_request_and_a_broken_one_fails_closed,36501595993,36502435811,2026-09-29T00:18:29Z,682,1,1046,it,1046,0,0,,1
dagq::it::plan_review::a_planner_question_answer_another_supervisor_claimed_is_not_typed_again,36501595993,36502435811,2026-09-29T00:18:29Z,682,1,1046,it,1046,0,0,,1
dagq::it::plan_review::a_planner_question_answer_is_typed_into_its_planner_or_carried_by_a_new_one,36501595993,36502435811,2026-09-29T00:18:29Z,682,1,1046,it,1046,0,0,,1
dagq::it::plan_review::a_proposal_with_an_interrupt_task_is_reviewed_first,36501595993,36502435811,2026-09-29T00:18:29Z,682,1,1046,it,1046,0,0,,1
dagq::it::plan_review::a_ready_task_the_review_reopens_leaves_the_claim_for_a_planner,36501595993,36502435811,2026-09-29T00:18:29Z,682,1,1046,it,1046,0,0,,1
dagq::it::plan_review::a_revise_goes_to_the_live_planner_with_the_precedents_and_times_out_to_the_inbox,36501595993,36502435811,2026-09-29T00:18:29Z,682,1,1046,it,1046,0,0,,1
dagq::it::plan_review::a_revise_past_the_limit_is_a_concern,36501595993,36502435811,2026-09-29T00:18:29Z,682,1,1046,it,1046,0,0,,1
dagq::it::plan_review::a_revise_without_a_live_planner_opens_planners_within_the_limit,36501595993,36502435811,2026-09-29T00:18:29Z,682,1,1046,it,1046,0,0,,1
dagq::it::plan_review::a_verdict_on_a_task_edited_during_its_review_is_not_applied_and_the_review_runs_again,36501595993,36502435811,2026-09-29T00:18:29Z,682,1,1046,it,1046,0,0,,1
dagq::it::plan_review::a_withdrawn_proposal_closes_its_concern_and_its_drafts_are_free,36501595993,36502435811,2026-09-29T00:18:29Z,682,1,1046,it,1046,0,0,,1
dagq::it::plan_review::a_withdrawn_reopen_gets_a_planner_of_the_runtimes_with_the_reason,36501595993,36502435811,2026-09-29T00:18:29Z,682,1,1046,it,1046,0,0,,1
dagq::it::plan_review::an_answered_plan_ask_closed_unapplied_records_ask_closed,36501595993,36502435811,2026-09-29T00:18:29Z,682,1,1046,it,1046,0,0,,1
dagq::it::plan_review::an_in_progress_tasks_expected_files_are_what_its_run_changed,36501595993,36502435811,2026-09-29T00:18:29Z,682,1,1046,it,1046,0,0,,1
dagq::it::plan_review::drafts_of_the_runtime_get_planners_within_the_limit_and_a_persons_draft_none,36501595993,36502435811,2026-09-29T00:18:29Z,682,1,1046,it,1046,0,0,,1
dagq::it::plan_review::edits_before_a_review_or_to_another_proposal_leave_its_verdict_applied,36501595993,36502435811,2026-09-29T00:18:29Z,682,1,1046,it,1046,0,0,,1
dagq::it::plan_review::plan_review_records_each_tasks_predicted_weight_and_goes_on_without_one,36501595993,36502435811,2026-09-29T00:18:29Z,682,1,1046,it,1046,0,0,,1
dagq::it::plan_review::role_tables_set_the_plan_review_and_raise_the_revise_planner_from_them,36501595993,36502435811,2026-09-29T00:18:29Z,682,1,1046,it,1046,0,0,,1
dagq::it::plan_review::the_prompt_lists_each_tasks_duplicate_candidates_but_not_the_proposals_own,36501595993,36502435811,2026-09-29T00:18:29Z,682,1,1046,it,1046,0,0,,1
dagq::it::plan_review::the_prompt_lists_ready_tasks_in_summary_and_in_full_those_on_the_proposals_hotspot,36501595993,36502435811,2026-09-29T00:18:29Z,682,1,1046,it,1046,0,0,,1
dagq::it::plan_review::the_search_candidates_of_a_japanese_title_include_similar_japanese_tasks,36501595993,36502435811,2026-09-29T00:18:29Z,682,1,1046,it,1046,0,0,,1
dagq::it::plan_review_reasons::a_concerns_codes_and_the_answers_outcomes_are_recorded_and_tallied,36501595993,36502435811,2026-09-29T00:18:29Z,682,1,1046,it,1046,0,0,,1
dagq::it::planner_screen_idle::a_persons_planner_shows_idle_by_its_screen_and_is_not_asked_to_exit,36501595993,36502435811,2026-09-29T00:18:29Z,682,1,1046,it,1046,0,0,,1
dagq::it::planner_screen_idle::a_runtime_planner_whose_screen_shows_background_work_is_not_asked_to_exit,36501595993,36502435811,2026-09-29T00:18:29Z,682,1,1046,it,1046,0,0,,1
dagq::it::planner_screen_idle::a_runtime_planner_without_its_marker_is_ended_by_its_screen,36501595993,36502435811,2026-09-29T00:18:29Z,682,1,1046,it,1046,0,0,,1
dagq::it::planner_slots::a_planner_idle_after_its_typed_answer_is_ended_even_when_the_ask_closed_later,36501595993,36502435811,2026-09-29T00:18:29Z,682,1,1046,it,1046,0,0,,1
dagq::it::planner_slots::a_planner_waiting_on_a_person_keeps_its_place_past_the_timeout,36501595993,36502435811,2026-09-29T00:18:29Z,682,1,1046,it,1046,0,0,,1
dagq::it::planner_slots::a_revise_at_the_limit_names_its_holders_and_frees_a_place_past_the_timeout,36501595993,36502435811,2026-09-29T00:18:29Z,682,1,1046,it,1046,0,0,,1
dagq::it::planner_slots::the_supervisor_table_sets_the_limit_of_the_runtimes_planners,36501595993,36502435811,2026-09-29T00:18:29Z,682,1,1046,it,1046,0,0,,1
dagq::it::planner_timeout::a_planner_inferred_idle_by_its_screen_is_not_told_to_the_inbox,36501595993,36502435811,2026-09-29T00:18:29Z,682,1,1046,it,1046,0,0,,1
dagq::it::planner_timeout::a_silent_finding_planner_is_told_to_the_inbox_once,36501595993,36502435811,2026-09-29T00:18:29Z,682,1,1046,it,1046,0,0,,1
dagq::it::planner_timeout::a_silent_runtime_planner_is_told_to_the_inbox_once,36501595993,36502435811,2026-09-29T00:18:29Z,682,1,1046,it,1046,0,0,,1
dagq::it::queue_dependencies::a_goal_dependency_holds_the_claim_until_the_goal_is_achieved,36501595993,36502435811,2026-09-29T00:18:29Z,682,1,1046,it,1046,0,0,,1
dagq::it::queue_dependencies::awaiting_integration_keeps_dependents_blocked_but_frees_execution_slot,36501595993,36502435811,2026-09-29T00:18:29Z,682,1,1046,it,1046,0,0,,1
dagq::it::queue_dependencies::candidates_require_every_predecessor_to_be_completed,36501595993,36502435811,2026-09-29T00:18:29Z,682,1,1046,it,1046,0,0,,1
dagq::it::queue_dependencies::concurrent_opposite_edges_cannot_create_a_cycle,36501595993,36502435811,2026-09-29T00:18:29Z,682,1,1046,it,1046,0,0,,1
dagq::it::queue_dependencies::dependencies_reject_self_cycles_and_missing_tasks_and_can_be_removed,36501595993,36502435811,2026-09-29T00:18:29Z,682,1,1046,it,1046,0,0,,1
dagq::it::queue_dependencies::dependency_change_and_claim_are_serialized,36501595993,36502435811,2026-09-29T00:18:29Z,682,1,1046,it,1046,0,0,,1
dagq::it::queue_dependencies::invalid_registration_rolls_back_task_dependencies_and_events,36501595993,36502435811,2026-09-29T00:18:29Z,682,1,1046,it,1046,0,0,,1
dagq::it::queue_dependencies::predecessors_carry_the_integrated_run_and_in_progress_tasks_are_listed,36501595993,36502435811,2026-09-29T00:18:29Z,682,1,1046,it,1046,0,0,,1
dagq::it::queue_dependencies::tasks_dependencies_runs_and_events_survive_reopen,36501595993,36502435811,2026-09-29T00:18:29Z,682,1,1046,it,1046,0,0,,1
dagq::it::queue_goals::draft_goal_tasks_are_not_candidates_until_the_goal_is_ready,36501595993,36502435811,2026-09-29T00:18:29Z,682,1,1046,it,1046,0,0,,1
dagq::it::queue_goals::findings_on_a_run_or_a_goal_ride_on_their_target,36501595993,36502435811,2026-09-29T00:18:29Z,682,1,1046,it,1046,0,0,,1
dagq::it::queue_goals::goal_close_verdicts_depend_on_task_statuses,36501595993,36502435811,2026-09-29T00:18:29Z,682,1,1046,it,1046,0,0,,1
dagq::it::queue_goals::goal_events_are_recorded_without_a_run,36501595993,36502435811,2026-09-29T00:18:29Z,682,1,1046,it,1046,0,0,,1
dagq::it::queue_goals::notes_attach_to_tasks_runs_and_goals_and_page_by_cursor,36501595993,36502435811,2026-09-29T00:18:29Z,682,1,1046,it,1046,0,0,,1
dagq::it::queue_goals::set_goal_and_add_with_goal_follow_the_dependency_rules,36501595993,36502435811,2026-09-29T00:18:29Z,682,1,1046,it,1046,0,0,,1
dagq::it::queue_proposals::a_chain_in_an_abandoned_goal_is_told_once_at_its_root,36501595993,36502435811,2026-09-29T00:18:29Z,682,1,1046,it,1046,0,0,,1
dagq::it::queue_proposals::a_withdrawn_proposal_releases_its_goals_and_tasks_as_drafts,36501595993,36502435811,2026-09-29T00:18:29Z,682,1,1046,it,1046,0,0,,1
dagq::it::queue_proposals::a_withheld_task_tells_the_inbox_of_the_tasks_waiting_on_it,36501595993,36502435811,2026-09-29T00:18:29Z,682,1,1046,it,1046,0,0,,1
dagq::it::queue_proposals::abandoning_a_goal_tells_the_inbox_of_the_tasks_waiting_on_its_task,36501595993,36502435811,2026-09-29T00:18:29Z,682,1,1046,it,1046,0,0,,1
dagq::it::queue_proposals::approving_a_proposal_withholds_the_tasks_of_a_closed_goal,36501595993,36502435811,2026-09-29T00:18:29Z,682,1,1046,it,1046,0,0,,1
dagq::it::queue_proposals::readying_a_task_that_waits_on_a_stranded_task_tells_the_inbox,36501595993,36502435811,2026-09-29T00:18:29Z,682,1,1046,it,1046,0,0,,1
dagq::it::queue_proposals::submit_needs_a_draft_task_and_an_open_goal,36501595993,36502435811,2026-09-29T00:18:29Z,682,1,1046,it,1046,0,0,,1
dagq::it::queue_proposals::submitted_tasks_wait_for_plan_review_which_readies_or_sends_them_back,36501595993,36502435811,2026-09-29T00:18:29Z,682,1,1046,it,1046,0,0,,1
dagq::it::queue_runs::a_login_that_stops_several_runs_is_one_ask_that_lists_them,36501595993,36502435811,2026-09-29T00:18:29Z,682,1,1046,it,1046,0,0,,1
dagq::it::queue_runs::claim_takes_the_run_id_and_its_time_from_the_injected_generators,36501595993,36502435811,2026-09-29T00:18:29Z,682,1,1046,it,1046,0,0,,1
dagq::it::queue_runs::concurrent_connections_claim_each_ready_task_once,36501595993,36502435811,2026-09-29T00:18:29Z,682,1,1046,it,1046,0,0,,1
dagq::it::queue_runs::database_constraints_guard_per_task_runs_and_integration_ownership,36501595993,36502435811,2026-09-29T00:18:29Z,682,1,1046,it,1046,0,0,,1
dagq::it::queue_runs::event_write_failure_rolls_back_claim_and_task_transition,36501595993,36502435811,2026-09-29T00:18:29Z,682,1,1046,it,1046,0,0,,1
dagq::it::queue_runs::manual_transitions_cannot_change_claimed_or_terminal_tasks,36501595993,36502435811,2026-09-29T00:18:29Z,682,1,1046,it,1046,0,0,,1
dagq::it::queue_search::search_finds_every_kind_in_every_status_and_follows_edits,36501595993,36502435811,2026-09-29T00:18:29Z,682,1,1046,it,1046,0,0,,1
dagq::it::queue_tasks::candidates_graph_and_claims_share_the_priority_order,36501595993,36502435811,2026-09-29T00:18:29Z,682,1,1046,it,1046,0,0,,1
dagq::it::queue_tasks::edit_task_replaces_draft_fields_and_records_the_change,36501595993,36502435811,2026-09-29T00:18:29Z,682,1,1046,it,1046,0,0,,1
dagq::it::queue_tasks::list_defaults_to_unfinished_tasks_newest_first_with_compact_items,36501595993,36502435811,2026-09-29T00:18:29Z,682,1,1046,it,1046,0,0,,1
dagq::it::queue_tasks::list_full_items_carry_every_task_field,36501595993,36502435811,2026-09-29T00:18:29Z,682,1,1046,it,1046,0,0,,1
dagq::it::queue_tasks::list_pages_by_limit_with_next_as_the_following_before,36501595993,36502435811,2026-09-29T00:18:29Z,682,1,1046,it,1046,0,0,,1
dagq::it::queue_tasks::paths_are_stored_and_replaced_while_the_task_is_editable,36501595993,36502435811,2026-09-29T00:18:29Z,682,1,1046,it,1046,0,0,,1
dagq::it::queue_tasks::priority_is_stored_changed_while_editable_and_checked_on_read,36501595993,36502435811,2026-09-29T00:18:29Z,682,1,1046,it,1046,0,0,,1
dagq::it::runtime_abandon::a_run_given_up_in_its_review_asks_its_session_to_exit,36501595993,36502435811,2026-09-29T00:18:29Z,682,1,1046,it not in the table,,0,0,,1
dagq::it::runtime_abandon::a_session_that_cannot_be_asked_to_exit_is_a_persons_to_end,36501595993,36502435811,2026-09-29T00:18:29Z,682,1,1046,it not in the table,,0,0,,1
dagq::it::runtime_actor_env::the_review_and_the_recovery_job_run_as_their_own_actors,36501595993,36502435811,2026-09-29T00:18:29Z,682,1,1046,it,1046,0,0,,1
dagq::it::runtime_adopt::a_supervisor_that_lost_its_lease_stops_touching_the_run,36501595993,36502435811,2026-09-29T00:18:29Z,682,1,1046,it,1046,0,0,,1
dagq::it::runtime_adopt::a_timed_out_run_is_kept_while_the_other_run_is_accepted,36501595993,36502435811,2026-09-29T00:18:29Z,682,1,1046,it not in the table,,0,0,,1
dagq::it::runtime_adopt::adopted_exit_request_times_out_from_its_recorded_request,36501595993,36502435811,2026-09-29T00:18:29Z,682,1,1046,it not in the table,,0,0,,1
dagq::it::runtime_adopt::adopted_run_asks_about_an_exit_that_timed_out_again,36501595993,36502435811,2026-09-29T00:18:29Z,682,1,1046,it not in the table,,0,0,,1
dagq::it::runtime_adopt::adopted_run_does_not_ask_about_its_exit_twice,36501595993,36502435811,2026-09-29T00:18:29Z,682,1,1046,it not in the table,,0,0,,1
dagq::it::runtime_adopt::adopted_run_does_not_record_an_exit_timeout_twice,36501595993,36502435811,2026-09-29T00:18:29Z,682,1,1046,it not in the table,,0,0,,1
dagq::it::runtime_adopt::adopted_wait_after_the_receipt_runs_from_the_recorded_receipt,36501595993,36502435811,2026-09-29T00:18:29Z,682,1,1046,it not in the table,,0,0,,1
dagq::it::runtime_adopt::adopter_closes_the_answer_prompt_ask_of_a_dialog_the_receipt_ended,36501595993,36502435811,2026-09-29T00:18:29Z,682,1,1046,it not in the table,,0,0,,1
dagq::it::runtime_adopt::adopter_does_not_repeat_an_exit_request_the_previous_supervisor_sent,36501595993,36502435811,2026-09-29T00:18:29Z,682,1,1046,it not in the table,,0,0,,1
dagq::it::runtime_adopt::adopter_ends_the_wait_for_a_dialog_the_receipt_ended_and_closes_its_ask,36501595993,36502435811,2026-09-29T00:18:29Z,682,1,1046,it not in the table,,0,0,,1
dagq::it::runtime_adopt::dead_supervisor_pid_with_a_fresh_heartbeat_is_adopted,36501595993,36502435811,2026-09-29T00:18:29Z,682,1,1046,it,1046,0,0,,1
dagq::it::runtime_adopt::exited_wrapper_and_validating_runs_are_adopted_and_validated,36501595993,36502435811,2026-09-29T00:18:29Z,682,1,1046,it not in the table,,0,0,,1
dagq::it::runtime_adopt::failed_runs_in_the_same_pass_do_not_affect_the_accepted_run,36501595993,36502435811,2026-09-29T00:18:29Z,682,1,1046,it not in the table,,0,0,,1
dagq::it::runtime_adopt::fresh_leases_dead_wrappers_early_runs_leaseless_and_integrating_runs_are_not_adopted,36501595993,36502435811,2026-09-29T00:18:29Z,682,1,1046,it,1046,0,0,,1
dagq::it::runtime_adopt::independent_tasks_run_concurrently_and_a_dependent_starts_after_integration,36501595993,36502435811,2026-09-29T00:18:29Z,682,1,1046,it,1046,0,0,,1
dagq::it::runtime_adopt::integrating_run_with_a_stale_lease_is_not_adopted,36501595993,36502435811,2026-09-29T00:18:29Z,682,1,1046,it,1046,0,0,,1
dagq::it::runtime_adopt::recovering_one_orphaned_run_leaves_the_other_running,36501595993,36502435811,2026-09-29T00:18:29Z,682,1,1046,it,1046,0,0,,1
dagq::it::runtime_adopt::stale_lease_of_a_live_wrapper_is_adopted_and_driven_to_awaiting_integration,36501595993,36502435811,2026-09-29T00:18:29Z,682,1,1046,it,1046,0,0,,1
dagq::it::runtime_adopt::two_supervisors_racing_for_one_stale_lease_adopt_it_once,36501595993,36502435811,2026-09-29T00:18:29Z,682,1,1046,it,1046,0,0,,1
dagq::it::runtime_ask::a_session_killed_by_a_signal_is_classified_in_status_show_and_stats,36501595993,36502435811,2026-09-29T00:18:29Z,682,1,1046,it not in the table,,0,0,,1
dagq::it::runtime_ask::an_abandoned_run_is_recovered_and_triaged_by_the_supervisor,36501595993,36502435811,2026-09-29T00:18:29Z,682,1,1046,it,1046,0,0,,1
dagq::it::runtime_ask::asks_of_a_run_are_attention_for_the_inbox_until_closed,36501595993,36502435811,2026-09-29T00:18:29Z,682,1,1046,it,1046,0,0,,1
dagq::it::runtime_ask::attention_events_are_read_past_a_cursor_and_wake_watch,36501595993,36502435811,2026-09-29T00:18:29Z,682,1,1046,it,1046,0,0,,1
dagq::it::runtime_ask::only_a_new_ask_notifies_and_it_goes_to_the_inbox,36501595993,36502435811,2026-09-29T00:18:29Z,682,1,1046,it,1046,0,0,,1
dagq::it::runtime_ask::status_reports_failed_runs_and_unanswered_exit_requests,36501595993,36502435811,2026-09-29T00:18:29Z,682,1,1046,it not in the table,,0,0,,1
dagq::it::runtime_ask::watch_returns_when_supervisor_registrations_or_health_change,36501595993,36502435811,2026-09-29T00:18:29Z,682,1,1046,it,1046,0,0,,1
dagq::it::runtime_candidates::the_supervisor_samples_the_candidates_when_they_change,36501595993,36502435811,2026-09-29T00:18:29Z,682,1,1046,it,1046,0,0,,1
dagq::it::runtime_claim::a_lease_of_its_own_token_is_renewed_after_a_host_sleep_until_another_supervisor_adopts_it,36501595993,36502435811,2026-09-29T00:18:29Z,682,1,1046,it,1046,0,0,,1
dagq::it::runtime_claim::a_refused_run_transition_keeps_the_domain_reason_beside_the_old_error,36501595993,36502435811,2026-09-29T00:18:29Z,682,1,1046,it,1046,0,0,,1
dagq::it::runtime_claim::a_workspace_group_cmux_cannot_make_is_a_logged_warning,36501595993,36502435811,2026-09-29T00:18:29Z,682,1,1046,it not in the table,,0,0,,1
dagq::it::runtime_claim::an_injected_clock_decides_lease_staleness_and_injected_ids_name_the_run,36501595993,36502435811,2026-09-29T00:18:29Z,682,1,1046,it not in the table,,0,0,,1
dagq::it::runtime_claim::claim_creates_a_lease_that_only_its_owner_can_use_or_release,36501595993,36502435811,2026-09-29T00:18:29Z,682,1,1046,it,1046,0,0,,1
dagq::it::runtime_claim::failed_agent_retains_worktree_and_does_not_complete_task,36501595993,36502435811,2026-09-29T00:18:29Z,682,1,1046,it not in the table,,0,0,,1
dagq::it::runtime_claim::failed_backend_calls_are_recorded_with_the_load_and_counted_by_stats,36501595993,36502435811,2026-09-29T00:18:29Z,682,1,1046,it not in the table,,0,0,,1
dagq::it::runtime_claim::integrate_takes_its_time_and_token_from_the_injected_generators,36501595993,36502435811,2026-09-29T00:18:29Z,682,1,1046,it,1046,0,0,,1
dagq::it::runtime_claim::killed_supervisor_registration_is_reported_stale_and_never_deleted,36501595993,36502435811,2026-09-29T00:18:29Z,682,1,1046,it,1046,0,0,,1
dagq::it::runtime_claim::no_ready_task_ends_a_once_pass_without_creating_a_run_or_lease,36501595993,36502435811,2026-09-29T00:18:29Z,682,1,1046,it,1046,0,0,,1
dagq::it::runtime_claim::provisioning_failure_retains_the_run_and_stops_claiming_other_tasks,36501595993,36502435811,2026-09-29T00:18:29Z,682,1,1046,it,1046,0,0,,1
dagq::it::runtime_claim::recover_ignores_exited_processes_and_tolerates_a_missing_lease,36501595993,36502435811,2026-09-29T00:18:29Z,682,1,1046,it,1046,0,0,,1
dagq::it::runtime_claim::recover_requires_dead_processes_and_stale_lease_then_allows_a_new_run,36501595993,36502435811,2026-09-29T00:18:29Z,682,1,1046,it,1046,0,0,,1
dagq::it::runtime_claim::resident_supervisor_without_runs_is_listed_until_it_stops,36501595993,36502435811,2026-09-29T00:18:29Z,682,1,1046,it,1046,0,0,,1
dagq::it::runtime_claim::stats_raise_running_alerts_for_a_worker_idle_without_a_receipt,36501595993,36502435811,2026-09-29T00:18:29Z,682,1,1046,it not in the table,,0,0,,1
dagq::it::runtime_claim::stats_time_background_work_from_its_first_marker,36501595993,36502435811,2026-09-29T00:18:29Z,682,1,1046,it not in the table,,0,0,,1
dagq::it::runtime_claim::status_and_doctor_measure_to_the_injected_clock,36501595993,36502435811,2026-09-29T00:18:29Z,682,1,1046,it,1046,0,0,,1
dagq::it::runtime_claim::supervise_records_its_progress_as_json_lines,36501595993,36502435811,2026-09-29T00:18:29Z,682,1,1046,it,1046,0,0,,1
dagq::it::runtime_claim::supervisor_claims_by_effective_priority_like_candidates_and_graph,36501595993,36502435811,2026-09-29T00:18:29Z,682,1,1046,it,1046,0,0,,1
dagq::it::runtime_claim::supervisor_claims_the_candidate_that_releases_the_most_tasks_first,36501595993,36502435811,2026-09-29T00:18:29Z,682,1,1046,it,1046,0,0,,1
dagq::it::runtime_claim::workspace_close_is_recorded_once_and_only_for_accepted_runs,36501595993,36502435811,2026-09-29T00:18:29Z,682,1,1046,it,1046,0,0,,1
dagq::it::runtime_claim::wrapper_registration_is_one_shot_and_rejects_other_owners,36501595993,36502435811,2026-09-29T00:18:29Z,682,1,1046,it,1046,0,0,,1
dagq::it::runtime_claim_defer::a_changed_conflicts_table_is_read_again_without_a_restart,36501595993,36502435811,2026-09-29T00:18:29Z,682,1,1046,it,1046,0,0,,1
dagq::it::runtime_claim_defer::a_task_meeting_a_run_on_a_hotspot_waits_and_the_next_one_is_claimed,36501595993,36502435811,2026-09-29T00:18:29Z,682,1,1046,it,1046,0,0,,1
dagq::it::runtime_claim_hold::no_run_is_claimed_while_the_load_is_above_the_threshold,36501595993,36502435811,2026-09-29T00:18:29Z,682,1,1046,it,1046,0,0,,1
dagq::it::runtime_claim_hold::no_threshold_holds_nothing,36501595993,36502435811,2026-09-29T00:18:29Z,682,1,1046,it,1046,0,0,,1
dagq::it::runtime_claim_worker::a_claim_writes_the_worker_of_its_task_on_the_run,36501595993,36502435811,2026-09-29T00:18:29Z,682,1,1046,it,1046,0,0,,1
dagq::it::runtime_claim_worker::a_missing_codex_is_recorded_as_not_found,36501595993,36502435811,2026-09-29T00:18:29Z,682,1,1046,it,1046,0,0,,1
dagq::it::runtime_claim_worker::a_task_of_a_worker_the_supervisor_cannot_run_is_deferred,36501595993,36502435811,2026-09-29T00:18:29Z,682,1,1046,it,1046,0,0,,1
dagq::it::runtime_claim_worker::the_providers_are_recorded_on_the_registration,36501595993,36502435811,2026-09-29T00:18:29Z,682,1,1046,it,1046,0,0,,1
dagq::it::runtime_cleanup::a_canceled_task_loses_the_branch_of_a_worktree_already_gone,36501595993,36502435811,2026-09-29T00:18:29Z,682,1,1046,it,1046,0,0,,1
dagq::it::runtime_cleanup::a_run_leased_during_the_cleanup_keeps_its_worktree,36501595993,36502435811,2026-09-29T00:18:29Z,682,1,1046,it,1046,0,0,,1
dagq::it::runtime_cleanup::a_slow_cleanup_does_not_hold_up_the_loop,36501595993,36502435811,2026-09-29T00:18:29Z,682,1,1046,it,1046,0,0,,1
dagq::it::runtime_cleanup::a_worktree_left_pointing_at_an_old_repository_is_repaired_and_removed,36501595993,36502435811,2026-09-29T00:18:29Z,682,1,1046,it,1046,0,0,,1
dagq::it::runtime_codex::a_codex_run_answers_and_revises_through_resumes_of_its_thread_and_lands,36501595993,36502435811,2026-09-29T00:18:29Z,682,1,1046,it,1046,0,0,,1
dagq::it::runtime_codex::a_codex_turn_at_its_usage_limit_holds_the_queue_then_resumes_its_thread,36501595993,36502435811,2026-09-29T00:18:29Z,682,1,1046,it,1046,0,0,,1
dagq::it::runtime_codex::a_codex_turn_that_failed_is_classified_on_the_run,36501595993,36502435811,2026-09-29T00:18:29Z,682,1,1046,it,1046,0,0,,1
dagq::it::runtime_codex::a_resume_of_a_thread_codex_does_not_have_starts_a_new_one,36501595993,36502435811,2026-09-29T00:18:29Z,682,1,1046,it,1046,0,0,,1
dagq::it::runtime_disk::a_cleanup_that_makes_room_claims_without_holding,36501595993,36502435811,2026-09-29T00:18:29Z,682,1,1046,it,1046,0,0,,1
dagq::it::runtime_disk::a_landing_waits_for_room_before_its_verification,36501595993,36502435811,2026-09-29T00:18:29Z,682,1,1046,it,1046,0,0,,1
dagq::it::runtime_disk::a_persons_integrate_refuses_to_land_while_the_disk_is_short,36501595993,36502435811,2026-09-29T00:18:29Z,682,1,1046,it,1046,0,0,,1
dagq::it::runtime_disk::a_persons_integrate_without_a_threshold_or_a_reading_lands,36501595993,36502435811,2026-09-29T00:18:29Z,682,1,1046,it,1046,0,0,,1
dagq::it::runtime_disk::no_run_is_claimed_while_the_disk_is_short_and_the_inbox_is_told_once,36501595993,36502435811,2026-09-29T00:18:29Z,682,1,1046,it,1046,0,0,,1
dagq::it::runtime_evidence::a_branch_rebased_onto_a_moved_main_is_held_only_to_its_own_changes,36501595993,36502435811,2026-09-29T00:18:29Z,682,1,1046,it,1046,0,0,,1
dagq::it::runtime_evidence::a_change_inside_the_declared_paths_awaits_integration_and_lands,36501595993,36502435811,2026-09-29T00:18:29Z,682,1,1046,it,1046,0,0,,1
dagq::it::runtime_evidence::a_change_outside_the_declared_paths_parks_the_run_for_a_resumed_session,36501595993,36502435811,2026-09-29T00:18:29Z,682,1,1046,it,1046,0,0,,1
dagq::it::runtime_evidence::a_diff_outside_the_e2e_paths_lands_without_e2e_unless_the_task_requires_it,36501595993,36502435811,2026-09-29T00:18:29Z,682,1,1046,it not in the table,,0,0,,1
dagq::it::runtime_evidence::a_diff_touching_the_e2e_paths_parks_the_run_without_e2e,36501595993,36502435811,2026-09-29T00:18:29Z,682,1,1046,it not in the table,,0,0,,1
dagq::it::runtime_evidence::a_required_check_reported_failed_parks_the_run_instead_of_failing_it,36501595993,36502435811,2026-09-29T00:18:29Z,682,1,1046,it,1046,0,0,,1
dagq::it::runtime_evidence::a_resume_or_integrate_without_the_required_evidence_does_not_land,36501595993,36502435811,2026-09-29T00:18:29Z,682,1,1046,it,1046,0,0,,1
dagq::it::runtime_evidence::integrate_refuses_a_rebased_diff_outside_the_declared_paths,36501595993,36502435811,2026-09-29T00:18:29Z,682,1,1046,it,1046,0,0,,1
dagq::it::runtime_evidence::missing_required_evidence_parks_the_run_for_a_resumed_session,36501595993,36502435811,2026-09-29T00:18:29Z,682,1,1046,it,1046,0,0,,1
dagq::it::runtime_evidence::required_evidence_present_in_the_receipt_awaits_integration,36501595993,36502435811,2026-09-29T00:18:29Z,682,1,1046,it,1046,0,0,,1
dagq::it::runtime_exit_retry::a_held_exit_is_typed_again_into_a_ready_input_box,36501595993,36502435811,2026-09-29T00:18:29Z,682,1,1046,it not in the table,,0,0,,1
dagq::it::runtime_exit_retry::an_adopter_carries_the_retries_of_the_exit_on,36501595993,36502435811,2026-09-29T00:18:29Z,682,1,1046,it not in the table,,0,0,,1
dagq::it::runtime_exit_retry::an_adopter_does_not_retry_after_a_stuck_exit_ask,36501595993,36502435811,2026-09-29T00:18:29Z,682,1,1046,it not in the table,,0,0,,1
dagq::it::runtime_exit_retry::an_adopter_does_not_retry_after_a_stuck_exit_recovery_job,36501595993,36502435811,2026-09-29T00:18:29Z,682,1,1046,it not in the table,,0,0,,1
dagq::it::runtime_exit_retry::an_unsent_exit_of_a_run_that_cannot_land_is_retried,36501595993,36502435811,2026-09-29T00:18:29Z,682,1,1046,it not in the table,,0,0,,1
dagq::it::runtime_exit_retry::an_unsent_exit_whose_retries_never_get_there_goes_to_the_stuck_exit_ask,36501595993,36502435811,2026-09-29T00:18:29Z,682,1,1046,it not in the table,,0,0,,1
dagq::it::runtime_exit_retry::the_running_sessions_exit_is_retried_after_its_timeout,36501595993,36502435811,2026-09-29T00:18:29Z,682,1,1046,it not in the table,,0,0,,1
dagq::it::runtime_exit_retry::used_up_retries_do_not_close_a_run_with_a_rebase_in_progress,36501595993,36502435811,2026-09-29T00:18:29Z,682,1,1046,it not in the table,,0,0,,1
dagq::it::runtime_exit_retry::used_up_retries_do_not_close_a_run_with_an_open_worker_question,36501595993,36502435811,2026-09-29T00:18:29Z,682,1,1046,it not in the table,,0,0,,1
dagq::it::runtime_exit_retry::used_up_retries_of_a_run_that_does_not_land_go_to_the_stuck_exit_ask,36501595993,36502435811,2026-09-29T00:18:29Z,682,1,1046,it not in the table,,0,0,,1
dagq::it::runtime_exit_retry::used_up_retries_over_a_dialog_close_the_workspace_of_a_landing_run,36501595993,36502435811,2026-09-29T00:18:29Z,682,1,1046,it not in the table,,0,0,,1
dagq::it::runtime_forecast::a_failed_snapshot_stops_no_landing_and_off_records_nothing,36501595993,36502435811,2026-09-29T00:18:29Z,682,1,1046,it,1046,0,0,,1
dagq::it::runtime_forecast::snapshots_are_recorded_at_the_day_a_moving_landing_and_a_start,36501595993,36502435811,2026-09-29T00:18:29Z,682,1,1046,it,1046,0,0,,1
dagq::it::runtime_handoff::a_handoff_after_a_recovery_repair_of_the_exit_times_it_from_the_repair,36501595993,36502435811,2026-09-29T00:18:29Z,682,1,1046,it not in the table,,0,0,,1
dagq::it::runtime_handoff::a_handoff_during_a_resume_goes_on_watching_the_resumed_session,36501595993,36502435811,2026-09-29T00:18:29Z,682,1,1046,it,1046,0,0,,1
dagq::it::runtime_handoff::a_handoff_leaves_the_session_running_and_the_next_process_drives_it_on,36501595993,36502435811,2026-09-29T00:18:29Z,682,1,1046,it,1046,0,0,,1
dagq::it::runtime_handoff::a_handoff_while_a_rejected_run_waits_for_its_exit_sends_no_second_exit,36501595993,36502435811,2026-09-29T00:18:29Z,682,1,1046,it not in the table,,0,0,,1
dagq::it::runtime_handoff::a_handoff_while_a_run_waits_for_its_exit_times_it_from_the_recorded_request,36501595993,36502435811,2026-09-29T00:18:29Z,682,1,1046,it not in the table,,0,0,,1
dagq::it::runtime_handoff::a_handoff_without_its_state_after_the_resumed_session_ended_gives_the_lease_back,36501595993,36502435811,2026-09-29T00:18:29Z,682,1,1046,it not in the table,,0,0,,1
dagq::it::runtime_handoff::a_handoff_without_its_state_during_a_resume_still_watches_the_session,36501595993,36502435811,2026-09-29T00:18:29Z,682,1,1046,it,1046,0,0,,1
dagq::it::runtime_handoff::a_supervisor_that_stops_during_a_resume_leaves_the_session_to_its_adopter,36501595993,36502435811,2026-09-29T00:18:29Z,682,1,1046,it,1046,0,0,,1
dagq::it::runtime_handoff::after_a_handoff_a_run_without_state_gives_its_lease_back,36501595993,36502435811,2026-09-29T00:18:29Z,682,1,1046,it,1046,0,0,,1
dagq::it::runtime_handoff::auto_update_builds_runtime_landings_and_retries_on_the_answer,36501595993,36502435811,2026-09-29T00:18:29Z,682,1,1046,it,1046,0,0,,1
dagq::it::runtime_headless::a_headless_run_lands_after_its_first_turn,36501595993,36502435811,2026-09-29T00:18:29Z,682,1,1046,it,1046,0,0,,1
dagq::it::runtime_headless::a_parked_run_is_resumed_with_a_turn_of_the_same_session,36501595993,36502435811,2026-09-29T00:18:29Z,682,1,1046,it,1046,0,0,,1
dagq::it::runtime_headless::a_revise_is_sent_to_the_same_session_as_a_resume,36501595993,36502435811,2026-09-29T00:18:29Z,682,1,1046,it,1046,0,0,,1
dagq::it::runtime_headless::a_silent_turn_is_stopped_and_its_recovery_job_resumes_the_session,36501595993,36502435811,2026-09-29T00:18:29Z,682,1,1046,it not in the table,,0,0,,1
dagq::it::runtime_headless::a_turn_past_its_limit_is_stopped,36501595993,36502435811,2026-09-29T00:18:29Z,682,1,1046,it not in the table,,0,0,,1
dagq::it::runtime_headless::a_turn_started_in_another_permission_mode_is_stopped,36501595993,36502435811,2026-09-29T00:18:29Z,682,1,1046,it,1046,0,0,,1
dagq::it::runtime_headless::a_turn_that_failed_at_the_login_holds_the_queue_until_a_person_logs_in,36501595993,36502435811,2026-09-29T00:18:29Z,682,1,1046,it,1046,0,0,,1
dagq::it::runtime_headless::a_turn_without_a_receipt_is_nudged_then_its_recovery_job_instructs_it,36501595993,36502435811,2026-09-29T00:18:29Z,682,1,1046,it,1046,0,0,,1
dagq::it::runtime_headless::a_worker_question_is_answered_by_a_resume_of_the_same_session,36501595993,36502435811,2026-09-29T00:18:29Z,682,1,1046,it,1046,0,0,,1
dagq::it::runtime_headless::refused_permissions_go_to_the_recovery_job_whose_escalation_asks_a_person,36501595993,36502435811,2026-09-29T00:18:29Z,682,1,1046,it,1046,0,0,,1
dagq::it::runtime_headless_jobs::a_timed_out_review_stops_the_processes_it_started,36501595993,36502435811,2026-09-29T00:18:29Z,682,1,1046,it,1046,0,0,,1
dagq::it::runtime_headless_jobs::an_adopter_stops_the_review_a_dead_supervisor_left_and_only_its_own_runs,36501595993,36502435811,2026-09-29T00:18:29Z,682,1,1046,it,1046,0,0,,1
dagq::it::runtime_host_metrics::a_failed_sample_stops_nothing,36501595993,36502435811,2026-09-29T00:18:29Z,682,1,1046,it,1046,0,0,,1
dagq::it::runtime_host_metrics::supervisor_records_the_host_load_while_it_runs_and_prunes_old_files,36501595993,36502435811,2026-09-29T00:18:29Z,682,1,1046,it,1046,0,0,,1
dagq::it::runtime_integrate::a_failed_push_keeps_the_landing_and_waits_as_attention,36501595993,36502435811,2026-09-29T00:18:29Z,682,1,1046,it,1046,0,0,,1
dagq::it::runtime_integrate::a_failed_test_is_named_in_the_verification_events,36501595993,36502435811,2026-09-29T00:18:29Z,682,1,1046,it not in the table,,0,0,,1
dagq::it::runtime_integrate::a_failed_verification_is_classified_in_its_events,36501595993,36502435811,2026-09-29T00:18:29Z,682,1,1046,it not in the table,,0,0,,1
dagq::it::runtime_integrate::a_migration_that_cannot_be_renumbered_mechanically_needs_a_session,36501595993,36502435811,2026-09-29T00:18:29Z,682,1,1046,it not in the table,,0,0,,1
dagq::it::runtime_integrate::a_refused_renumbering_commit_is_undone_and_needs_a_session,36501595993,36502435811,2026-09-29T00:18:29Z,682,1,1046,it,1046,0,0,,1
dagq::it::runtime_integrate::a_renamed_migration_is_not_renumbered,36501595993,36502435811,2026-09-29T00:18:29Z,682,1,1046,it not in the table,,0,0,,1
dagq::it::runtime_integrate::an_unreadable_repository_table_fails_the_push,36501595993,36502435811,2026-09-29T00:18:29Z,682,1,1046,it not in the table,,0,0,,1
dagq::it::runtime_integrate::conflict_free_run_lands_as_one_squash_commit_and_releases_dependents,36501595993,36502435811,2026-09-29T00:18:29Z,682,1,1046,it,1046,0,0,,1
dagq::it::runtime_integrate::failing_verification_command_passes_validation_and_needs_a_session_at_integrate,36501595993,36502435811,2026-09-29T00:18:29Z,682,1,1046,it,1046,0,0,,1
dagq::it::runtime_integrate::git_adapter_pushes_main_to_a_bare_origin,36501595993,36502435811,2026-09-29T00:18:29Z,682,1,1046,it,1046,0,0,,1
dagq::it::runtime_integrate::integrate_does_not_renumber_migrations_outside_dagqs_source,36501595993,36502435811,2026-09-29T00:18:29Z,682,1,1046,it not in the table,,0,0,,1
dagq::it::runtime_integrate::integrate_pushes_the_landed_main_to_origin,36501595993,36502435811,2026-09-29T00:18:29Z,682,1,1046,it not in the table,,0,0,,1
dagq::it::runtime_integrate::integrate_records_the_requester_and_the_integrator,36501595993,36502435811,2026-09-29T00:18:29Z,682,1,1046,it,1046,0,0,,1
dagq::it::runtime_integrate::integrate_registers_the_landed_follow_ups_as_draft_tasks_of_the_goal_once,36501595993,36502435811,2026-09-29T00:18:29Z,682,1,1046,it,1046,0,0,,1
dagq::it::runtime_integrate::integrate_renumbers_a_migration_whose_number_main_took,36501595993,36502435811,2026-09-29T00:18:29Z,682,1,1046,it,1046,0,0,,1
dagq::it::runtime_integrate::integration_slot_is_exclusive_and_an_abandoned_landing_is_recoverable,36501595993,36502435811,2026-09-29T00:18:29Z,682,1,1046,it,1046,0,0,,1
dagq::it::runtime_integrate::moved_queue_directory_resolves_run_paths_and_lands_awaiting_runs,36501595993,36502435811,2026-09-29T00:18:29Z,682,1,1046,it,1046,0,0,,1
dagq::it::runtime_integrate::no_push_and_a_missing_origin_skip_the_push,36501595993,36502435811,2026-09-29T00:18:29Z,682,1,1046,it not in the table,,0,0,,1
dagq::it::runtime_integrate::prompt_describes_landed_predecessors_and_sibling_tasks_in_progress,36501595993,36502435811,2026-09-29T00:18:29Z,682,1,1046,it,1046,0,0,,1
dagq::it::runtime_integrate::prompt_describes_the_goal_and_the_context_and_keeps_one_shape_without_them,36501595993,36502435811,2026-09-29T00:18:29Z,682,1,1046,it not in the table,,0,0,,1
dagq::it::runtime_integrate::prompt_lists_only_the_siblings_of_the_same_goal_in_progress,36501595993,36502435811,2026-09-29T00:18:29Z,682,1,1046,it not in the table,,0,0,,1
dagq::it::runtime_integrate::prompt_snapshots_the_goal_at_claim_time,36501595993,36502435811,2026-09-29T00:18:29Z,682,1,1046,it,1046,0,0,,1
dagq::it::runtime_integrate::rebind_follows_a_moved_repository_and_the_awaiting_run_lands,36501595993,36502435811,2026-09-29T00:18:29Z,682,1,1046,it,1046,0,0,,1
dagq::it::runtime_integrate::rebind_is_refused_while_a_run_is_integrating,36501595993,36502435811,2026-09-29T00:18:29Z,682,1,1046,it,1046,0,0,,1
dagq::it::runtime_integrate::review_writes_a_non_utf8_diff_as_raw_bytes,36501595993,36502435811,2026-09-29T00:18:29Z,682,1,1046,it,1046,0,0,,1
dagq::it::runtime_integrate::review_writes_the_run_material_to_review_md_and_returns_only_its_size,36501595993,36502435811,2026-09-29T00:18:29Z,682,1,1046,it,1046,0,0,,1
dagq::it::runtime_integrate::runs_land_fifo_by_validation_time_and_later_ones_are_rebased,36501595993,36502435811,2026-09-29T00:18:29Z,682,1,1046,it,1046,0,0,,1
dagq::it::runtime_integrate::successor_starts_when_the_predecessor_receipt_is_unavailable,36501595993,36502435811,2026-09-29T00:18:29Z,682,1,1046,it,1046,0,0,,1
dagq::it::runtime_integrate::the_push_follows_the_repository_table_of_dagq_toml,36501595993,36502435811,2026-09-29T00:18:29Z,682,1,1046,it not in the table,,0,0,,1
dagq::it::runtime_integrate::verification_failure_after_rebase_needs_a_session_and_keeps_the_rebased_tree,36501595993,36502435811,2026-09-29T00:18:29Z,682,1,1046,it,1046,0,0,,1
dagq::it::runtime_job_verdicts::a_passing_review_does_not_land_a_run_its_landing_does_not_verify,36501595993,36502435811,2026-09-29T00:18:29Z,682,1,1046,it,1046,0,0,,1
dagq::it::runtime_job_verdicts::a_recovery_verdict_is_applied_only_when_it_holds_and_a_broken_one_fails_closed,36501595993,36502435811,2026-09-29T00:18:29Z,682,1,1046,it,1046,0,0,,1
dagq::it::runtime_job_verdicts::a_review_verdict_with_an_unknown_field_asks_a_person_and_lands_nothing,36501595993,36502435811,2026-09-29T00:18:29Z,682,1,1046,it,1046,0,0,,1
dagq::it::runtime_landing_answers::a_cancel_answer_is_applied_while_the_slot_is_taken,36501595993,36502435811,2026-09-29T00:18:29Z,682,1,1046,it,1046,0,0,,1
dagq::it::runtime_landing_answers::a_land_answer_is_applied_while_another_run_integrates,36501595993,36502435811,2026-09-29T00:18:29Z,682,1,1046,it,1046,0,0,,1
dagq::it::runtime_landing_answers::a_land_answer_is_applied_while_the_slot_is_taken_and_lands_before_a_new_claim,36501595993,36502435811,2026-09-29T00:18:29Z,682,1,1046,it,1046,0,0,,1
dagq::it::runtime_landing_answers::approved_runs_wait_for_the_landing_and_land_oldest_approval_first_once,36501595993,36502435811,2026-09-29T00:18:29Z,682,1,1046,it,1046,0,0,,1
dagq::it::runtime_observer::a_failing_supervisor_leaves_no_observer_process,36501595993,36502435811,2026-09-29T00:18:29Z,682,1,1046,it,1046,0,0,,1
dagq::it::runtime_observer::a_handoff_leaves_no_observer_process,36501595993,36502435811,2026-09-29T00:18:29Z,682,1,1046,it,1046,0,0,,1
dagq::it::runtime_observer::an_observer_at_a_login_that_ran_out_joins_the_authentication_ask,36501595993,36502435811,2026-09-29T00:18:29Z,682,1,1046,it,1046,0,0,,1
dagq::it::runtime_observer::observe_counts_the_findings_the_observer_closed_and_no_other_close,36501595993,36502435811,2026-09-29T00:18:29Z,682,1,1046,it,1046,0,0,,1
dagq::it::runtime_observer::observe_kills_an_agent_past_its_timeout_with_its_children,36501595993,36502435811,2026-09-29T00:18:29Z,682,1,1046,it,1046,0,0,,1
dagq::it::runtime_observer::observe_reads_again_what_others_wrote_while_its_agent_ran,36501595993,36502435811,2026-09-29T00:18:29Z,682,1,1046,it,1046,0,0,,1
dagq::it::runtime_observer::observe_reads_the_forecast_errors_and_a_forecast_breach_becomes_a_forecast_finding,36501595993,36502435811,2026-09-29T00:18:29Z,682,1,1046,it,1046,0,0,,1
dagq::it::runtime_observer::observe_reads_the_kpis_and_the_improvements_and_keeps_one_kpi_finding_per_subject,36501595993,36502435811,2026-09-29T00:18:29Z,682,1,1046,it,1046,0,0,,1
dagq::it::runtime_observer::observe_records_findings_and_a_blocked_ask_and_advances_the_cursor,36501595993,36502435811,2026-09-29T00:18:29Z,682,1,1046,it,1046,0,0,,1
dagq::it::runtime_observer::observe_starts_again_for_an_alert_that_time_alone_raised,36501595993,36502435811,2026-09-29T00:18:29Z,682,1,1046,it,1046,0,0,,1
dagq::it::runtime_observer::supervisor_starts_the_observer_on_its_interval_without_a_run_slot,36501595993,36502435811,2026-09-29T00:18:29Z,682,1,1046,it,1046,0,0,,1
dagq::it::runtime_observer::the_observer_takes_its_role_table_and_records_what_it_started_with,36501595993,36502435811,2026-09-29T00:18:29Z,682,1,1046,it,1046,0,0,,1
dagq::it::runtime_open_turn::a_resumed_session_at_work_on_a_notice_after_its_idle_is_not_ended,36501595993,36502435811,2026-09-29T00:18:29Z,682,1,1046,it not in the table,,0,0,,1
dagq::it::runtime_open_turn::a_revised_session_at_work_on_a_notice_after_its_idle_is_not_ended,36501595993,36502435811,2026-09-29T00:18:29Z,682,1,1046,it not in the table,,0,0,,1
dagq::it::runtime_precheck::a_precheck_conflict_after_the_counted_resumes_asks_a_person,36501595993,36502435811,2026-09-29T00:18:29Z,682,1,1046,it,1046,0,0,,1
dagq::it::runtime_precheck::precheck_conflicts_up_to_the_conflict_only_limit_retry_the_task_with_its_branch,36501595993,36502435811,2026-09-29T00:18:29Z,682,1,1046,it,1046,0,0,,1
dagq::it::runtime_precheck::the_conflict_only_limit_of_dagq_toml_retries_the_task_sooner,36501595993,36502435811,2026-09-29T00:18:29Z,682,1,1046,it,1046,0,0,,1
dagq::it::runtime_provider_switch::a_claude_turn_at_its_usage_limit_moves_to_codex_and_lands,36501595993,36502435811,2026-09-29T00:18:29Z,682,1,1046,it,1046,0,0,,1
dagq::it::runtime_provider_switch::a_codex_task_without_codex_starts_on_claude_and_lands,36501595993,36502435811,2026-09-29T00:18:29Z,682,1,1046,it,1046,0,0,,1
dagq::it::runtime_provider_switch::a_codex_that_does_not_start_moves_its_run_to_claude,36501595993,36502435811,2026-09-29T00:18:29Z,682,1,1046,it not in the table,,0,0,,1
dagq::it::runtime_provider_switch::a_codex_that_does_not_start_while_claude_is_held_waits_in_the_hold_ask,36501595993,36502435811,2026-09-29T00:18:29Z,682,1,1046,it,1046,0,0,,1
dagq::it::runtime_provider_switch::a_codex_turn_at_its_usage_limit_moves_to_claude_without_an_ask,36501595993,36502435811,2026-09-29T00:18:29Z,682,1,1046,it,1046,0,0,,1
dagq::it::runtime_provider_switch::a_run_out_of_switches_waits_on_codexs_hold_and_retries_at_its_reset,36501595993,36502435811,2026-09-29T00:18:29Z,682,1,1046,it not in the table,,0,0,,1
dagq::it::runtime_provider_switch::a_run_switches_twice_at_most_and_then_waits_in_the_hold_ask,36501595993,36502435811,2026-09-29T00:18:29Z,682,1,1046,it not in the table,,0,0,,1
dagq::it::runtime_provider_switch::an_interactive_claude_session_at_its_limit_moves_to_headless_codex,36501595993,36502435811,2026-09-29T00:18:29Z,682,1,1046,it not in the table,,0,0,,1
dagq::it::runtime_provider_switch::with_neither_provider_a_task_waits_until_one_can_take_it,36501595993,36502435811,2026-09-29T00:18:29Z,682,1,1046,it,1046,0,0,,1
dagq::it::runtime_push::a_breach_is_recorded_once_per_start,36501595993,36502435811,2026-09-29T00:18:29Z,682,1,1046,it,1046,0,0,,1
dagq::it::runtime_push::a_failing_command_is_retried_then_told_once_and_cleared_by_a_success,36501595993,36502435811,2026-09-29T00:18:29Z,682,1,1046,it,1046,0,0,,1
dagq::it::runtime_push::the_daily_summary_and_a_breach_reach_the_command_once,36501595993,36502435811,2026-09-29T00:18:29Z,682,1,1046,it,1046,0,0,,1
dagq::it::runtime_push::without_push_nothing_is_called_nor_recorded,36501595993,36502435811,2026-09-29T00:18:29Z,682,1,1046,it,1046,0,0,,1
dagq::it::runtime_queue_hold::an_open_usage_limit_ask_holds_claims_and_reviews_until_done,36501595993,36502435811,2026-09-29T00:18:29Z,682,1,1046,it,1046,0,0,,1
dagq::it::runtime_queue_hold::cancel_affected_gives_the_held_runs_up,36501595993,36502435811,2026-09-29T00:18:29Z,682,1,1046,it not in the table,,0,0,,1
dagq::it::runtime_queue_hold::done_starts_again_the_recovery_job_that_failed_during_the_hold,36501595993,36502435811,2026-09-29T00:18:29Z,682,1,1046,it,1046,0,0,,1
dagq::it::runtime_queue_hold_detect::an_idle_session_at_the_usage_limit_joins_the_cost_ask,36501595993,36502435811,2026-09-29T00:18:29Z,682,1,1046,it not in the table,,0,0,,1
dagq::it::runtime_queue_hold_detect::reviews_stopped_at_a_login_join_one_ask_and_review_again_after_done,36501595993,36502435811,2026-09-29T00:18:29Z,682,1,1046,it,1046,0,0,,1
dagq::it::runtime_queue_hold_detect::runs_and_jobs_join_the_one_ask_of_their_wall,36501595993,36502435811,2026-09-29T00:18:29Z,682,1,1046,it,1046,0,0,,1
dagq::it::runtime_queue_hold_shared::cancel_affected_gives_up_the_held_runs_of_every_supervisor,36501595993,36502435811,2026-09-29T00:18:29Z,682,1,1046,it,1046,0,0,,1
dagq::it::runtime_queue_hold_shared::done_tells_the_held_sessions_of_every_supervisor_to_go_on,36501595993,36502435811,2026-09-29T00:18:29Z,682,1,1046,it,1046,0,0,,1
dagq::it::runtime_queue_hold_shared::the_answered_ask_waits_for_the_runs_another_live_supervisor_leases,36501595993,36502435811,2026-09-29T00:18:29Z,682,1,1046,it,1046,0,0,,1
dagq::it::runtime_recheck::a_run_held_in_its_slot_that_a_landing_conflicts_with_is_parked_before_it_lands,36501595993,36502435811,2026-09-29T00:18:29Z,682,1,1046,it not in the table,,0,0,,1
dagq::it::runtime_recheck::a_waiting_run_that_a_landing_conflicts_with_is_resumed_before_its_answer,36501595993,36502435811,2026-09-29T00:18:29Z,682,1,1046,it,1046,0,0,,1
dagq::it::runtime_recheck::a_waiting_run_that_still_lands_is_left_waiting,36501595993,36502435811,2026-09-29T00:18:29Z,682,1,1046,it,1046,0,0,,1
dagq::it::runtime_recheck::a_waiting_run_whose_check_fails_on_the_new_main_is_resumed,36501595993,36502435811,2026-09-29T00:18:29Z,682,1,1046,it,1046,0,0,,1
dagq::it::runtime_release::a_development_build_and_release_off_do_not_look,36501595993,36502435811,2026-09-29T00:18:29Z,682,1,1046,it,1046,0,0,,1
dagq::it::runtime_release::a_development_build_applies_no_release_answer,36501595993,36502435811,2026-09-29T00:18:29Z,682,1,1046,it,1046,0,0,,1
dagq::it::runtime_release::a_look_by_another_supervisor_within_the_interval_is_not_repeated,36501595993,36502435811,2026-09-29T00:18:29Z,682,1,1046,it,1046,0,0,,1
dagq::it::runtime_release::a_new_release_opens_one_approve_release_and_a_newer_one_supersedes_it,36501595993,36502435811,2026-09-29T00:18:29Z,682,1,1046,it,1046,0,0,,1
dagq::it::runtime_release::a_plugin_dir_supervisor_leaves_the_installed_plugin,36501595993,36502435811,2026-09-29T00:18:29Z,682,1,1046,it,1046,0,0,,1
dagq::it::runtime_release::a_plugin_older_than_the_latest_binary_is_asked_about_and_updated_alone,36501595993,36502435811,2026-09-29T00:18:29Z,682,1,1046,it,1046,0,0,,1
dagq::it::runtime_release::a_release_build_records_the_latest_release_and_asks_about_it,36501595993,36502435811,2026-09-29T00:18:29Z,682,1,1046,it,1046,0,0,,1
dagq::it::runtime_release::a_skipped_release_is_not_asked_about_again,36501595993,36502435811,2026-09-29T00:18:29Z,682,1,1046,it,1046,0,0,,1
dagq::it::runtime_release::an_index_that_cannot_be_read_is_recorded_and_asks_nothing,36501595993,36502435811,2026-09-29T00:18:29Z,682,1,1046,it,1046,0,0,,1
dagq::it::runtime_release::an_interrupted_release_job_is_reported_not_retried,36501595993,36502435811,2026-09-29T00:18:29Z,682,1,1046,it,1046,0,0,,1
dagq::it::runtime_release::doctor_warns_of_a_wrong_update_value_taken_as_its_default,36501595993,36502435811,2026-09-29T00:18:29Z,682,1,1046,it,1046,0,0,,1
dagq::it::runtime_release::past_the_interval_the_etag_is_sent_and_a_304_keeps_the_last_result,36501595993,36502435811,2026-09-29T00:18:29Z,682,1,1046,it,1046,0,0,,1
dagq::it::runtime_release::release_auto_installs_without_asking,36501595993,36502435811,2026-09-29T00:18:29Z,682,1,1046,it,1046,0,0,,1
dagq::it::runtime_release::the_install_answer_starts_the_job_and_retry_and_skip_follow_its_failure,36501595993,36502435811,2026-09-29T00:18:29Z,682,1,1046,it,1046,0,0,,1
dagq::it::runtime_repair::a_live_escalation_is_recorded_at_the_recovery_jobs_request_unless_the_job_failed,36501595993,36502435811,2026-09-29T00:18:29Z,682,1,1046,it,1046,0,0,,1
dagq::it::runtime_repair::a_long_background_alert_is_repaired_by_stopping_the_orphan_of_the_worktree,36501595993,36502435811,2026-09-29T00:18:29Z,682,1,1046,it not in the table,,0,0,,1
dagq::it::runtime_repair::a_long_process_that_uses_cpu_time_is_not_an_idle_process_alert,36501595993,36502435811,2026-09-29T00:18:29Z,682,1,1046,it,1046,0,0,,1
dagq::it::runtime_repair::a_process_without_cpu_progress_is_an_idle_process_alert_for_the_recovery_job,36501595993,36502435811,2026-09-29T00:18:29Z,682,1,1046,it,1046,0,0,,1
dagq::it::runtime_repair::a_recovery_repair_of_a_process_outside_the_run_becomes_an_ask,36501595993,36502435811,2026-09-29T00:18:29Z,682,1,1046,it,1046,0,0,,1
dagq::it::runtime_repair::a_recovery_repair_of_low_confidence_becomes_an_ask,36501595993,36502435811,2026-09-29T00:18:29Z,682,1,1046,it,1046,0,0,,1
dagq::it::runtime_repair::background_work_left_after_the_receipt_is_a_long_background_alert_for_the_recovery_job,36501595993,36502435811,2026-09-29T00:18:29Z,682,1,1046,it not in the table,,0,0,,1
dagq::it::runtime_report::a_report_is_recorded_once,36501595993,36502435811,2026-09-29T00:18:29Z,682,1,1046,it,1046,0,0,,1
dagq::it::runtime_report::supervisor_writes_the_reports_it_owes_once_and_prunes_old_ones,36501595993,36502435811,2026-09-29T00:18:29Z,682,1,1046,it,1046,0,0,,1
dagq::it::runtime_report::the_backfill_stops_at_the_retention_and_old_temporary_files_go,36501595993,36502435811,2026-09-29T00:18:29Z,682,1,1046,it,1046,0,0,,1
dagq::it::runtime_report::the_reports_carry_the_dependency_diagram_or_why_not,36501595993,36502435811,2026-09-29T00:18:29Z,682,1,1046,it,1046,0,0,,1
dagq::it::runtime_resume::a_lost_request_is_sent_again_after_no_sign_of_work,36501595993,36502435811,2026-09-29T00:18:29Z,682,1,1046,it not in the table,,0,0,,1
dagq::it::runtime_resume::a_request_left_in_the_input_box_gets_enter_again_not_the_text,36501595993,36502435811,2026-09-29T00:18:29Z,682,1,1046,it not in the table,,0,0,,1
dagq::it::runtime_resume::a_request_lost_twice_is_asked_to_the_inbox,36501595993,36502435811,2026-09-29T00:18:29Z,682,1,1046,it not in the table,,0,0,,1
dagq::it::runtime_resume::a_request_stuck_in_the_input_box_is_asked_to_the_inbox,36501595993,36502435811,2026-09-29T00:18:29Z,682,1,1046,it not in the table,,0,0,,1
dagq::it::runtime_resume::a_resumed_session_gets_its_request_only_once_its_input_box_is_ready,36501595993,36502435811,2026-09-29T00:18:29Z,682,1,1046,it not in the table,,0,0,,1
dagq::it::runtime_resume::a_resumed_session_that_ignores_exit_is_let_go,36501595993,36502435811,2026-09-29T00:18:29Z,682,1,1046,it not in the table,,0,0,,1
dagq::it::runtime_resume::a_run_a_person_sent_back_is_resumed,36501595993,36502435811,2026-09-29T00:18:29Z,682,1,1046,it not in the table,,0,0,,1
dagq::it::runtime_resume::a_run_main_moved_past_is_resumed,36501595993,36502435811,2026-09-29T00:18:29Z,682,1,1046,it not in the table,,0,0,,1
dagq::it::runtime_resume::a_run_missing_the_required_evidence_is_resumed,36501595993,36502435811,2026-09-29T00:18:29Z,682,1,1046,it not in the table,,0,0,,1
dagq::it::runtime_resume::a_run_not_resumed_since_it_was_parked_is_resumed,36501595993,36502435811,2026-09-29T00:18:29Z,682,1,1046,it not in the table,,0,0,,1
dagq::it::runtime_resume::a_run_parked_again_after_a_skip_is_resumed_not_skipped,36501595993,36502435811,2026-09-29T00:18:29Z,682,1,1046,it,1046,0,0,,1
dagq::it::runtime_resume::a_run_whose_receipt_names_the_old_head_is_resumed,36501595993,36502435811,2026-09-29T00:18:29Z,682,1,1046,it not in the table,,0,0,,1
dagq::it::runtime_resume::a_run_whose_receipt_reports_failed_is_resumed,36501595993,36502435811,2026-09-29T00:18:29Z,682,1,1046,it not in the table,,0,0,,1
dagq::it::runtime_resume::a_run_with_a_dirty_worktree_is_resumed,36501595993,36502435811,2026-09-29T00:18:29Z,682,1,1046,it,1046,0,0,,1
dagq::it::runtime_resume::a_run_with_another_runs_receipt_is_resumed,36501595993,36502435811,2026-09-29T00:18:29Z,682,1,1046,it not in the table,,0,0,,1
dagq::it::runtime_resume::a_session_nobody_watches_blocks_the_resume_until_it_ends,36501595993,36502435811,2026-09-29T00:18:29Z,682,1,1046,it,1046,0,0,,1
dagq::it::runtime_resume::a_skipped_run_whose_supervisor_died_is_adopted,36501595993,36502435811,2026-09-29T00:18:29Z,682,1,1046,it,1046,0,0,,1
dagq::it::runtime_resume::a_used_up_run_is_retried_with_its_branch_by_its_recovery_job,36501595993,36502435811,2026-09-29T00:18:29Z,682,1,1046,it,1046,0,0,,1
dagq::it::runtime_resume::an_approved_run_resolved_by_an_earlier_resume_lands_without_a_session,36501595993,36502435811,2026-09-29T00:18:29Z,682,1,1046,it,1046,0,0,,1
dagq::it::runtime_resume::an_unapproved_run_resolved_by_an_earlier_resume_is_validated_without_a_session,36501595993,36502435811,2026-09-29T00:18:29Z,682,1,1046,it,1046,0,0,,1
dagq::it::runtime_resume::approved_needs_session_run_is_resumed_until_the_runtime_lands_it,36501595993,36502435811,2026-09-29T00:18:29Z,682,1,1046,it,1046,0,0,,1
dagq::it::runtime_resume::conflict_only_resumes_are_not_counted_and_a_used_up_run_is_retried_with_its_branch,36501595993,36502435811,2026-09-29T00:18:29Z,682,1,1046,it not in the table,,0,0,,1
dagq::it::runtime_resume::conflicting_run_needs_a_session_and_lands_after_the_session_resolves_it,36501595993,36502435811,2026-09-29T00:18:29Z,682,1,1046,it,1046,0,0,,1
dagq::it::runtime_resume::failed_receipt_from_a_session_ends_the_run_without_landing,36501595993,36502435811,2026-09-29T00:18:29Z,682,1,1046,it,1046,0,0,,1
dagq::it::runtime_resume::resumed_session_with_a_failed_receipt_fails_the_run,36501595993,36502435811,2026-09-29T00:18:29Z,682,1,1046,it,1046,0,0,,1
dagq::it::runtime_resume::resumes_after_kills_from_outside_are_not_counted_and_stop_at_their_own_limit,36501595993,36502435811,2026-09-29T00:18:29Z,682,1,1046,it not in the table,,0,0,,1
dagq::it::runtime_resume::resuming_stops_after_three_attempts,36501595993,36502435811,2026-09-29T00:18:29Z,682,1,1046,it,1046,0,0,,1
dagq::it::runtime_resume::stats_ties_a_deferred_landing_to_the_landing_that_broke_it,36501595993,36502435811,2026-09-29T00:18:29Z,682,1,1046,it,1046,0,0,,1
dagq::it::runtime_resume::unapproved_resumed_run_is_validated_and_reviewed_with_its_session_open,36501595993,36502435811,2026-09-29T00:18:29Z,682,1,1046,it,1046,0,0,,1
dagq::it::runtime_resume_adopt::a_resume_taken_over_after_a_handoff_in_its_slot_does_not_record_its_dialog_again,36501595993,36502435811,2026-09-29T00:18:29Z,682,1,1046,it not in the table,,0,0,,1
dagq::it::runtime_resume_adopt::a_resume_taken_over_after_a_handoff_keeps_its_dialog_and_clears_it_at_its_end,36501595993,36502435811,2026-09-29T00:18:29Z,682,1,1046,it not in the table,,0,0,,1
dagq::it::runtime_resume_adopt::a_resume_taken_over_after_a_handoff_times_its_exit_from_the_recorded_request,36501595993,36502435811,2026-09-29T00:18:29Z,682,1,1046,it not in the table,,0,0,,1
dagq::it::runtime_resume_adopt::an_adopted_resume_in_its_slot_does_not_record_its_dialog_again,36501595993,36502435811,2026-09-29T00:18:29Z,682,1,1046,it not in the table,,0,0,,1
dagq::it::runtime_resume_adopt::an_adopted_resume_keeps_its_dialog_and_clears_it_at_its_end,36501595993,36502435811,2026-09-29T00:18:29Z,682,1,1046,it not in the table,,0,0,,1
dagq::it::runtime_resume_adopt::an_adopted_resume_times_its_exit_from_the_recorded_request,36501595993,36502435811,2026-09-29T00:18:29Z,682,1,1046,it not in the table,,0,0,,1
dagq::it::runtime_resume_exit_retry::a_resume_taken_over_after_a_handoff_carries_its_exit_retries_on,36501595993,36502435811,2026-09-29T00:18:29Z,682,1,1046,it not in the table,,0,0,,1
dagq::it::runtime_resume_exit_retry::a_resume_taken_over_after_a_retry_answered_a_dialog_does_not_retry_anew,36501595993,36502435811,2026-09-29T00:18:29Z,682,1,1046,it not in the table,,0,0,,1
dagq::it::runtime_resume_exit_retry::a_resumed_sessions_held_exit_is_typed_again_into_a_ready_input_box,36501595993,36502435811,2026-09-29T00:18:29Z,682,1,1046,it not in the table,,0,0,,1
dagq::it::runtime_resume_exit_retry::an_adopted_resume_carries_its_exit_retries_on,36501595993,36502435811,2026-09-29T00:18:29Z,682,1,1046,it not in the table,,0,0,,1
dagq::it::runtime_resume_exit_retry::an_unsent_exit_of_a_resumed_session_is_retried,36501595993,36502435811,2026-09-29T00:18:29Z,682,1,1046,it not in the table,,0,0,,1
dagq::it::runtime_resume_exit_retry::used_up_retries_of_an_unreviewed_resume_go_to_the_stuck_exit_ask,36501595993,36502435811,2026-09-29T00:18:29Z,682,1,1046,it not in the table,,0,0,,1
dagq::it::runtime_resume_exit_retry::used_up_retries_over_a_dialog_close_a_reviewed_resume_and_judge_it,36501595993,36502435811,2026-09-29T00:18:29Z,682,1,1046,it not in the table,,0,0,,1
dagq::it::runtime_review::a_concern_canceled_fails_the_run_and_cancels_the_task,36501595993,36502435811,2026-09-29T00:18:29Z,682,1,1046,it not in the table,,0,0,,1
dagq::it::runtime_review::a_concern_sent_back_is_resumed_reviewed_again_and_landed,36501595993,36502435811,2026-09-29T00:18:29Z,682,1,1046,it,1046,0,0,,1
dagq::it::runtime_review::a_dialog_while_revising_is_recorded_as_prompt_waiting,36501595993,36502435811,2026-09-29T00:18:29Z,682,1,1046,it not in the table,,0,0,,1
dagq::it::runtime_review::a_failed_review_closes_the_session_and_asks_a_person_in_the_same_step,36501595993,36502435811,2026-09-29T00:18:29Z,682,1,1046,it,1046,0,0,,1
dagq::it::runtime_review::a_failed_review_span_ends_with_its_job_not_with_the_exit,36501595993,36502435811,2026-09-29T00:18:29Z,682,1,1046,it,1046,0,0,,1
dagq::it::runtime_review::a_later_concern_closes_the_earlier_landing_ask_and_asks_again,36501595993,36502435811,2026-09-29T00:18:29Z,682,1,1046,it,1046,0,0,,1
dagq::it::runtime_review::a_passing_review_exits_the_live_session_and_lands_it,36501595993,36502435811,2026-09-29T00:18:29Z,682,1,1046,it,1046,0,0,,1
dagq::it::runtime_review::a_review_that_could_not_start_names_no_output_of_its_own,36501595993,36502435811,2026-09-29T00:18:29Z,682,1,1046,it not in the table,,0,0,,1
dagq::it::runtime_review::a_revise_receipt_for_another_commit_is_sent_back_to_the_session_until_it_names_head,36501595993,36502435811,2026-09-29T00:18:29Z,682,1,1046,it,1046,0,0,,1
dagq::it::runtime_review::a_revise_verdict_is_fixed_by_the_live_session_and_reviewed_again,36501595993,36502435811,2026-09-29T00:18:29Z,682,1,1046,it,1046,0,0,,1
dagq::it::runtime_review::a_run_the_supervisor_lands_closes_its_landing_ask,36501595993,36502435811,2026-09-29T00:18:29Z,682,1,1046,it,1046,0,0,,1
dagq::it::runtime_review::a_third_review_that_does_not_pass_asks_a_person_and_land_lands_it,36501595993,36502435811,2026-09-29T00:18:29Z,682,1,1046,it,1046,0,0,,1
dagq::it::runtime_review::a_worker_question_asked_while_revising_is_answered_and_the_run_lands,36501595993,36502435811,2026-09-29T00:18:29Z,682,1,1046,it,1046,0,0,,1
dagq::it::runtime_review::an_unreadable_verdict_is_reviewed_again_and_a_readable_one_lands,36501595993,36502435811,2026-09-29T00:18:29Z,682,1,1046,it not in the table,,0,0,,1
dagq::it::runtime_review::integrate_by_hand_closes_the_landing_ask_of_the_run,36501595993,36502435811,2026-09-29T00:18:29Z,682,1,1046,it not in the table,,0,0,,1
dagq::it::runtime_review::integrate_closes_the_blocked_asks_of_the_run_and_its_task,36501595993,36502435811,2026-09-29T00:18:29Z,682,1,1046,it not in the table,,0,0,,1
dagq::it::runtime_review_adopt::an_adopted_revise_in_its_slot_does_not_record_its_dialog_again,36501595993,36502435811,2026-09-29T00:18:29Z,682,1,1046,it not in the table,,0,0,,1
dagq::it::runtime_review_adopt::an_adopted_revise_keeps_the_dialog_recorded_before_and_clears_it_at_its_end,36501595993,36502435811,2026-09-29T00:18:29Z,682,1,1046,it not in the table,,0,0,,1
dagq::it::runtime_review_adopt::an_adopted_revise_leaves_a_dialog_recorded_before_its_request,36501595993,36502435811,2026-09-29T00:18:29Z,682,1,1046,it not in the table,,0,0,,1
dagq::it::runtime_review_adopt::an_adopter_asks_when_an_unsent_exit_to_land_no_longer_holds,36501595993,36502435811,2026-09-29T00:18:29Z,682,1,1046,it not in the table,,0,0,,1
dagq::it::runtime_review_adopt::an_adopter_closes_and_lands_a_run_whose_unsent_exit_was_to_land,36501595993,36502435811,2026-09-29T00:18:29Z,682,1,1046,it not in the table,,0,0,,1
dagq::it::runtime_review_adopt::an_adopter_keeps_an_unreviewed_head_from_landing_when_the_workspace_is_gone,36501595993,36502435811,2026-09-29T00:18:29Z,682,1,1046,it not in the table,,0,0,,1
dagq::it::runtime_review_adopt::an_adopter_takes_the_session_as_ended_when_the_workspace_of_an_unsent_exit_is_gone,36501595993,36502435811,2026-09-29T00:18:29Z,682,1,1046,it not in the table,,0,0,,1
dagq::it::runtime_review_background::a_marker_without_running_background_work_is_idle,36501595993,36502435811,2026-09-29T00:18:29Z,682,1,1046,it not in the table,,0,0,,1
dagq::it::runtime_review_background::a_revise_session_that_holds_exit_back_raises_a_stuck_exit_ask,36501595993,36502435811,2026-09-29T00:18:29Z,682,1,1046,it not in the table,,0,0,,1
dagq::it::runtime_review_background::background_work_holds_the_exit_after_the_review,36501595993,36502435811,2026-09-29T00:18:29Z,682,1,1046,it not in the table,,0,0,,1
dagq::it::runtime_review_background::background_work_holds_the_first_session_until_it_ends,36501595993,36502435811,2026-09-29T00:18:29Z,682,1,1046,it not in the table,,0,0,,1
dagq::it::runtime_review_background::background_work_holds_the_resumed_session_until_it_ends,36501595993,36502435811,2026-09-29T00:18:29Z,682,1,1046,it not in the table,,0,0,,1
dagq::it::runtime_review_background::background_work_holds_the_revise_until_it_ends,36501595993,36502435811,2026-09-29T00:18:29Z,682,1,1046,it not in the table,,0,0,,1
dagq::it::runtime_review_background::background_work_that_never_ends_is_waited_for_up_to_the_resume_timeout,36501595993,36502435811,2026-09-29T00:18:29Z,682,1,1046,it not in the table,,0,0,,1
dagq::it::runtime_review_conflict::a_conflict_request_that_cannot_be_sent_is_withdrawn_and_the_run_lands,36501595993,36502435811,2026-09-29T00:18:29Z,682,1,1046,it not in the table,,0,0,,1
dagq::it::runtime_review_conflict::a_passed_run_that_conflicts_with_main_is_rebased_by_its_live_session_and_lands,36501595993,36502435811,2026-09-29T00:18:29Z,682,1,1046,it,1046,0,0,,1
dagq::it::runtime_review_conflict::a_passed_run_that_merges_cleanly_with_main_lands_without_a_request,36501595993,36502435811,2026-09-29T00:18:29Z,682,1,1046,it,1046,0,0,,1
dagq::it::runtime_review_conflict::a_revise_that_cannot_be_sent_is_withdrawn_and_asks_a_person,36501595993,36502435811,2026-09-29T00:18:29Z,682,1,1046,it not in the table,,0,0,,1
dagq::it::runtime_review_conflict::an_adopted_conflict_request_the_session_never_got_is_sent_again_and_lands,36501595993,36502435811,2026-09-29T00:18:29Z,682,1,1046,it not in the table,,0,0,,1
dagq::it::runtime_review_conflict::an_adopted_request_already_sent_again_is_not_sent_a_third_time,36501595993,36502435811,2026-09-29T00:18:29Z,682,1,1046,it not in the table,,0,0,,1
dagq::it::runtime_review_conflict::an_adopted_request_lost_again_is_asked_to_the_inbox,36501595993,36502435811,2026-09-29T00:18:29Z,682,1,1046,it not in the table,,0,0,,1
dagq::it::runtime_review_conflict::an_adopted_revise_the_session_never_got_is_sent_again_and_lands,36501595993,36502435811,2026-09-29T00:18:29Z,682,1,1046,it not in the table,,0,0,,1
dagq::it::runtime_review_conflict::an_adopted_run_with_a_pending_conflict_request_waits_without_sending_it_again,36501595993,36502435811,2026-09-29T00:18:29Z,682,1,1046,it not in the table,,0,0,,1
dagq::it::runtime_review_conflict::an_adopted_run_with_a_pending_revise_waits_without_sending_it_again,36501595993,36502435811,2026-09-29T00:18:29Z,682,1,1046,it not in the table,,0,0,,1
dagq::it::runtime_review_conflict::an_adopted_run_with_a_withdrawn_revise_asks_a_person_without_sending_it,36501595993,36502435811,2026-09-29T00:18:29Z,682,1,1046,it,1046,0,0,,1
dagq::it::runtime_review_exit::a_failed_stuck_exit_job_opens_the_stuck_exit_ask_answered_exit,36501595993,36502435811,2026-09-29T00:18:29Z,682,1,1046,it not in the table,,0,0,,1
dagq::it::runtime_review_exit::a_failed_stuck_exit_job_opens_the_stuck_exit_ask_answered_wait,36501595993,36502435811,2026-09-29T00:18:29Z,682,1,1046,it not in the table,,0,0,,1
dagq::it::runtime_review_exit::a_stuck_exit_after_a_pass_is_closed_and_landed_by_its_recovery_job,36501595993,36502435811,2026-09-29T00:18:29Z,682,1,1046,it not in the table,,0,0,,1
dagq::it::runtime_review_exit::a_stuck_exit_repair_that_does_not_hold_becomes_the_stuck_exit_ask,36501595993,36502435811,2026-09-29T00:18:29Z,682,1,1046,it not in the table,,0,0,,1
dagq::it::runtime_review_exit::adopted_run_waiting_for_its_exit_after_a_pass_asks_once_and_lands,36501595993,36502435811,2026-09-29T00:18:29Z,682,1,1046,it not in the table,,0,0,,1
dagq::it::runtime_review_exit::an_exit_that_never_got_there_asks_for_a_passed_run_whose_worktree_changed,36501595993,36502435811,2026-09-29T00:18:29Z,682,1,1046,it not in the table,,0,0,,1
dagq::it::runtime_review_exit::an_exit_that_never_got_there_asks_for_a_run_that_cannot_land,36501595993,36502435811,2026-09-29T00:18:29Z,682,1,1046,it not in the table,,0,0,,1
dagq::it::runtime_review_exit::an_exit_that_never_got_there_asks_when_the_workspace_cannot_be_closed,36501595993,36502435811,2026-09-29T00:18:29Z,682,1,1046,it not in the table,,0,0,,1
dagq::it::runtime_review_exit::an_exit_that_never_got_there_closes_a_sound_passed_run_and_lands_it,36501595993,36502435811,2026-09-29T00:18:29Z,682,1,1046,it not in the table,,0,0,,1
dagq::it::runtime_review_exit::an_exit_that_timed_out_before_reaching_the_session_is_sent_again,36501595993,36502435811,2026-09-29T00:18:29Z,682,1,1046,it not in the table,,0,0,,1
dagq::it::runtime_review_questions::a_mismatched_receipt_rewritten_after_an_open_question_is_judged,36501595993,36502435811,2026-09-29T00:18:29Z,682,1,1046,it,1046,0,0,,1
dagq::it::runtime_review_questions::a_question_open_from_before_the_revise_does_not_hold_an_idle_session,36501595993,36502435811,2026-09-29T00:18:29Z,682,1,1046,it,1046,0,0,,1
dagq::it::runtime_review_questions::a_question_open_from_before_the_revise_does_not_stop_its_resume_timeout,36501595993,36502435811,2026-09-29T00:18:29Z,682,1,1046,it,1046,0,0,,1
dagq::it::runtime_review_questions::a_question_passed_by_a_rewritten_receipt_does_not_hold_its_fix,36501595993,36502435811,2026-09-29T00:18:29Z,682,1,1046,it,1046,0,0,,1
dagq::it::runtime_review_questions::a_receipt_rewritten_after_an_open_question_is_judged,36501595993,36502435811,2026-09-29T00:18:29Z,682,1,1046,it,1046,0,0,,1
dagq::it::runtime_review_questions::an_answer_to_a_question_from_before_the_revise_is_left_to_the_inbox,36501595993,36502435811,2026-09-29T00:18:29Z,682,1,1046,it,1046,0,0,,1
dagq::it::runtime_review_questions::an_open_question_without_a_rewritten_receipt_holds_past_the_resume_timeout,36501595993,36502435811,2026-09-29T00:18:29Z,682,1,1046,it,1046,0,0,,1
dagq::it::runtime_review_reasons::a_concern_canceled_records_the_cancel,36501595993,36502435811,2026-09-29T00:18:29Z,682,1,1046,it,1046,0,0,,1
dagq::it::runtime_review_reasons::a_concern_landed_records_the_departure_accepted,36501595993,36502435811,2026-09-29T00:18:29Z,682,1,1046,it,1046,0,0,,1
dagq::it::runtime_review_reasons::a_concern_sent_back_records_its_codes_and_outcome_and_stats_tally_them,36501595993,36502435811,2026-09-29T00:18:29Z,682,1,1046,it,1046,0,0,,1
dagq::it::runtime_run_env::a_broken_dagq_toml_stops_provisioning_before_the_workspace,36501595993,36502435811,2026-09-29T00:18:29Z,682,1,1046,it,1046,0,0,,1
dagq::it::runtime_run_env::a_missing_run_env_program_holds_resumes_until_it_is_found,36501595993,36502435811,2026-09-29T00:18:29Z,682,1,1046,it,1046,0,0,,1
dagq::it::runtime_run_env::a_missing_run_env_program_stops_claims_and_landings_until_it_is_found,36501595993,36502435811,2026-09-29T00:18:29Z,682,1,1046,it,1046,0,0,,1
dagq::it::runtime_run_env::a_repository_without_dagq_toml_checks_no_program,36501595993,36502435811,2026-09-29T00:18:29Z,682,1,1046,it,1046,0,0,,1
dagq::it::runtime_run_env::a_resumed_session_gets_the_run_env_too,36501595993,36502435811,2026-09-29T00:18:29Z,682,1,1046,it,1046,0,0,,1
dagq::it::runtime_run_env::dagq_toml_run_env_reaches_the_workspace_and_the_verification_commands,36501595993,36502435811,2026-09-29T00:18:29Z,682,1,1046,it,1046,0,0,,1
dagq::it::runtime_run_env::supervisor_starts_and_run_env_changes_are_recorded_as_marks_once,36501595993,36502435811,2026-09-29T00:18:29Z,682,1,1046,it,1046,0,0,,1
dagq::it::runtime_screen_idle::a_first_session_whose_hook_could_not_write_its_marker_is_validated_by_its_screen,36501595993,36502435811,2026-09-29T00:18:29Z,682,1,1046,it not in the table,,0,0,,1
dagq::it::runtime_screen_idle::a_first_session_with_its_marker_is_judged_by_the_marker,36501595993,36502435811,2026-09-29T00:18:29Z,682,1,1046,it not in the table,,0,0,,1
dagq::it::runtime_screen_idle::a_first_session_without_its_marker_is_nudged_when_idle_without_a_receipt,36501595993,36502435811,2026-09-29T00:18:29Z,682,1,1046,it not in the table,,0,0,,1
dagq::it::runtime_screen_idle::a_markerless_session_at_a_dialog_is_not_idle,36501595993,36502435811,2026-09-29T00:18:29Z,682,1,1046,it not in the table,,0,0,,1
dagq::it::runtime_screen_idle::a_markerless_session_at_work_is_not_idle,36501595993,36502435811,2026-09-29T00:18:29Z,682,1,1046,it not in the table,,0,0,,1
dagq::it::runtime_screen_idle::a_markerless_session_that_shows_background_work_is_not_idle,36501595993,36502435811,2026-09-29T00:18:29Z,682,1,1046,it not in the table,,0,0,,1
dagq::it::runtime_screen_idle::a_markerless_session_whose_screen_cannot_be_read_is_not_idle,36501595993,36502435811,2026-09-29T00:18:29Z,682,1,1046,it not in the table,,0,0,,1
dagq::it::runtime_screen_idle::a_resumed_session_without_its_marker_ends_its_stage_by_its_screen,36501595993,36502435811,2026-09-29T00:18:29Z,682,1,1046,it not in the table,,0,0,,1
dagq::it::runtime_screen_idle::a_revised_session_without_its_marker_ends_its_revise_by_its_screen,36501595993,36502435811,2026-09-29T00:18:29Z,682,1,1046,it not in the table,,0,0,,1
dagq::it::runtime_screen_idle_input::a_markerless_first_session_at_a_dialog_gets_no_answer,36501595993,36502435811,2026-09-29T00:18:29Z,682,1,1046,it not in the table,,0,0,,1
dagq::it::runtime_screen_idle_input::a_markerless_first_session_gets_its_answer_once_its_screen_rests,36501595993,36502435811,2026-09-29T00:18:29Z,682,1,1046,it not in the table,,0,0,,1
dagq::it::runtime_screen_idle_input::a_markerless_first_session_whose_screen_cannot_be_read_gets_no_answer,36501595993,36502435811,2026-09-29T00:18:29Z,682,1,1046,it not in the table,,0,0,,1
dagq::it::runtime_screen_idle_input::a_markerless_resumed_session_gets_its_answer_once_its_screen_rests,36501595993,36502435811,2026-09-29T00:18:29Z,682,1,1046,it not in the table,,0,0,,1
dagq::it::runtime_screen_idle_input::a_markerless_revised_session_gets_its_answer_once_its_screen_rests,36501595993,36502435811,2026-09-29T00:18:29Z,682,1,1046,it not in the table,,0,0,,1
dagq::it::runtime_screen_idle_input::a_markerless_session_has_its_dialog_cleared_once_its_screen_rests,36501595993,36502435811,2026-09-29T00:18:29Z,682,1,1046,it not in the table,,0,0,,1
dagq::it::runtime_screen_idle_input::an_instruction_does_not_reach_a_markerless_session_at_work,36501595993,36502435811,2026-09-29T00:18:29Z,682,1,1046,it not in the table,,0,0,,1
dagq::it::runtime_screen_idle_input::an_instruction_reaches_a_markerless_session_whose_screen_rests,36501595993,36502435811,2026-09-29T00:18:29Z,682,1,1046,it not in the table,,0,0,,1
dagq::it::runtime_session::a_background_work_dialog_after_exit_is_answered_when_the_receipt_is_at_head,36501595993,36502435811,2026-09-29T00:18:29Z,682,1,1046,it not in the table,,0,0,,1
dagq::it::runtime_session::a_background_work_dialog_over_a_dirty_worktree_is_left_to_the_ask,36501595993,36502435811,2026-09-29T00:18:29Z,682,1,1046,it not in the table,,0,0,,1
dagq::it::runtime_session::a_compatible_migration_during_a_run_leaves_the_run_working,36501595993,36502435811,2026-09-29T00:18:29Z,682,1,1046,it,1046,0,0,,1
dagq::it::runtime_session::a_dialog_goes_to_its_recovery_job_before_the_inbox,36501595993,36502435811,2026-09-29T00:18:29Z,682,1,1046,it not in the table,,0,0,,1
dagq::it::runtime_session::a_dialog_on_the_screen_is_asked_once_and_cleared,36501595993,36502435811,2026-09-29T00:18:29Z,682,1,1046,it not in the table,,0,0,,1
dagq::it::runtime_session::a_failed_answer_delivery_is_left_to_the_inbox,36501595993,36502435811,2026-09-29T00:18:29Z,682,1,1046,it not in the table,,0,0,,1
dagq::it::runtime_session::a_refused_run_wrapper_closes_its_workspace_the_run_does_not_record,36501595993,36502435811,2026-09-29T00:18:29Z,682,1,1046,it not in the table,,0,0,,1
dagq::it::runtime_session::a_settings_panel_found_by_the_start_check_is_closed_with_escape,36501595993,36502435811,2026-09-29T00:18:29Z,682,1,1046,it not in the table,,0,0,,1
dagq::it::runtime_session::a_settings_panel_is_closed_with_escape,36501595993,36502435811,2026-09-29T00:18:29Z,682,1,1046,it not in the table,,0,0,,1
dagq::it::runtime_session::a_settings_panel_over_a_typed_answer_is_closed_with_escape,36501595993,36502435811,2026-09-29T00:18:29Z,682,1,1046,it not in the table,,0,0,,1
dagq::it::runtime_session::a_stub_agent_dies_with_its_fixture_and_holds_no_stream_of_the_test,36501595993,36502435811,2026-09-29T00:18:29Z,682,1,1046,it,1046,0,0,,1
dagq::it::runtime_session::an_answer_is_typed_after_the_settings_panel_over_the_box_is_closed,36501595993,36502435811,2026-09-29T00:18:29Z,682,1,1046,it not in the table,,0,0,,1
dagq::it::runtime_session::an_answered_worker_question_is_typed_into_the_idle_worker_and_closed,36501595993,36502435811,2026-09-29T00:18:29Z,682,1,1046,it not in the table,,0,0,,1
dagq::it::runtime_session::an_idle_marker_after_a_typed_answer_counts_for_idle,36501595993,36502435811,2026-09-29T00:18:29Z,682,1,1046,it not in the table,,0,0,,1
dagq::it::runtime_session::an_unknown_dialog_over_a_typed_answer_gets_no_key,36501595993,36502435811,2026-09-29T00:18:29Z,682,1,1046,it not in the table,,0,0,,1
dagq::it::runtime_session::dirty_worktree_fails_validation,36501595993,36502435811,2026-09-29T00:18:29Z,682,1,1046,it,1046,0,0,,1
dagq::it::runtime_session::exit_requested_precedes_a_session_exit_that_beats_the_send,36501595993,36502435811,2026-09-29T00:18:29Z,682,1,1046,it not in the table,,0,0,,1
dagq::it::runtime_session::failed_workspace_close_is_recorded_without_changing_run_status,36501595993,36502435811,2026-09-29T00:18:29Z,682,1,1046,it,1046,0,0,,1
dagq::it::runtime_session::idle_marker_after_receipt_triggers_exit_request_and_run_finishes,36501595993,36502435811,2026-09-29T00:18:29Z,682,1,1046,it not in the table,,0,0,,1
dagq::it::runtime_session::missing_or_stale_idle_marker_does_not_request_exit,36501595993,36502435811,2026-09-29T00:18:29Z,682,1,1046,it not in the table,,0,0,,1
dagq::it::runtime_session::missing_receipt_fails_validation,36501595993,36502435811,2026-09-29T00:18:29Z,682,1,1046,it not in the table,,0,0,,1
dagq::it::runtime_session::receipt_commit_that_is_not_branch_head_fails_validation,36501595993,36502435811,2026-09-29T00:18:29Z,682,1,1046,it,1046,0,0,,1
dagq::it::runtime_session::receipt_without_new_commit_fails_validation,36501595993,36502435811,2026-09-29T00:18:29Z,682,1,1046,it,1046,0,0,,1
dagq::it::runtime_session::run_id_mismatch_fails_validation,36501595993,36502435811,2026-09-29T00:18:29Z,682,1,1046,it,1046,0,0,,1
dagq::it::runtime_session::sessions_stopped_at_the_same_login_share_one_authentication_ask,36501595993,36502435811,2026-09-29T00:18:29Z,682,1,1046,it not in the table,,0,0,,1
dagq::it::runtime_session::the_first_commit_is_observed_once_while_the_session_works,36501595993,36502435811,2026-09-29T00:18:29Z,682,1,1046,it,1046,0,0,,1
dagq::it::runtime_session::unanswered_exit_request_times_out_and_keeps_the_run,36501595993,36502435811,2026-09-29T00:18:29Z,682,1,1046,it not in the table,,0,0,,1
dagq::it::runtime_session::valid_receipt_is_verified_and_awaits_integration,36501595993,36502435811,2026-09-29T00:18:29Z,682,1,1046,it,1046,0,0,,1
dagq::it::runtime_slot_limits::a_flag_wins_over_the_table_and_the_default_is_four,36501595993,36502435811,2026-09-29T00:18:29Z,682,1,1046,it,1046,0,0,,1
dagq::it::runtime_slot_limits::the_supervisor_table_sets_parallel_and_max_waiting_and_is_read_again,36501595993,36502435811,2026-09-29T00:18:29Z,682,1,1046,it,1046,0,0,,1
dagq::it::runtime_slot_limits::the_supervisor_table_sets_runtime_planners_and_is_read_again,36501595993,36502435811,2026-09-29T00:18:29Z,682,1,1046,it,1046,0,0,,1
dagq::it::runtime_stale_receipt::a_receipt_for_the_head_is_not_asked_to_be_rewritten,36501595993,36502435811,2026-09-29T00:18:29Z,682,1,1046,it,1046,0,0,,1
dagq::it::runtime_stale_receipt::a_resumed_session_idle_after_its_rebase_with_the_old_receipt_is_asked_once,36501595993,36502435811,2026-09-29T00:18:29Z,682,1,1046,it,1046,0,0,,1
dagq::it::runtime_stale_receipt::a_resumed_session_that_leaves_the_old_receipt_ends_its_attempt_as_before,36501595993,36502435811,2026-09-29T00:18:29Z,682,1,1046,it,1046,0,0,,1
dagq::it::runtime_stale_receipt::a_session_idle_with_a_stale_receipt_is_asked_once_and_the_rewrite_goes_on,36501595993,36502435811,2026-09-29T00:18:29Z,682,1,1046,it,1046,0,0,,1
dagq::it::runtime_stale_receipt::a_stale_receipt_left_as_it_is_goes_on_as_before,36501595993,36502435811,2026-09-29T00:18:29Z,682,1,1046,it,1046,0,0,,1
dagq::it::runtime_stale_receipt::a_stale_receipt_left_during_a_wait_is_unchanged,36501595993,36502435811,2026-09-29T00:18:29Z,682,1,1046,it,1046,0,0,,1
dagq::it::runtime_stale_receipt::a_stale_receipt_rewritten_during_a_wait_is_rewritten,36501595993,36502435811,2026-09-29T00:18:29Z,682,1,1046,it,1046,0,0,,1
dagq::it::runtime_stall::a_receiptless_idle_is_nudged_once_and_the_receipt_resolves_it,36501595993,36502435811,2026-09-29T00:18:29Z,682,1,1046,it not in the table,,0,0,,1
dagq::it::runtime_stall::a_session_idle_after_its_nudge_gets_one_stalled_ask_and_its_answers_are_applied,36501595993,36502435811,2026-09-29T00:18:29Z,682,1,1046,it not in the table,,0,0,,1
dagq::it::runtime_stall::a_stalled_ask_closed_after_wait_is_asked_again,36501595993,36502435811,2026-09-29T00:18:29Z,682,1,1046,it not in the table,,0,0,,1
dagq::it::runtime_stall::a_worker_idle_at_its_question_is_not_nudged,36501595993,36502435811,2026-09-29T00:18:29Z,682,1,1046,it,1046,0,0,,1
dagq::it::runtime_stall::an_adopted_stalled_session_is_neither_nudged_nor_asked_again,36501595993,36502435811,2026-09-29T00:18:29Z,682,1,1046,it not in the table,,0,0,,1
dagq::it::runtime_stall::an_idle_session_at_a_login_that_ran_out_waits_in_the_authentication_ask,36501595993,36502435811,2026-09-29T00:18:29Z,682,1,1046,it not in the table,,0,0,,1
dagq::it::runtime_stall::an_input_the_supervisor_did_not_send_holds_the_nudge_and_is_preempted,36501595993,36502435811,2026-09-29T00:18:29Z,682,1,1046,it not in the table,,0,0,,1
dagq::it::runtime_stall::an_input_whose_turn_never_ended_is_nudged_past_the_threshold,36501595993,36502435811,2026-09-29T00:18:29Z,682,1,1046,it not in the table,,0,0,,1
dagq::it::runtime_stall_end::an_abandoned_run_closes_its_answered_stalled_ask_and_ends_its_nudge,36501595993,36502435811,2026-09-29T00:18:29Z,682,1,1046,it,1046,0,0,,1
dagq::it::runtime_stall_end::recover_closes_the_stalled_ask_and_ends_its_detections_once,36501595993,36502435811,2026-09-29T00:18:29Z,682,1,1046,it,1046,0,0,,1
dagq::it::runtime_stall_recovery::a_failed_stalled_job_raises_the_stalled_ask,36501595993,36502435811,2026-09-29T00:18:29Z,682,1,1046,it not in the table,,0,0,,1
dagq::it::runtime_stall_recovery::a_recovery_job_of_low_confidence_raises_one_stalled_ask_that_closes_when_the_session_moves,36501595993,36502435811,2026-09-29T00:18:29Z,682,1,1046,it not in the table,,0,0,,1
dagq::it::runtime_stall_recovery::a_repair_whose_precondition_fails_raises_the_stalled_ask,36501595993,36502435811,2026-09-29T00:18:29Z,682,1,1046,it not in the table,,0,0,,1
dagq::it::runtime_stall_recovery::a_send_the_job_cannot_repair_becomes_the_stalled_ask_in_the_first_session,36501595993,36502435811,2026-09-29T00:18:29Z,682,1,1046,it not in the table,,0,0,,1
dagq::it::runtime_stall_recovery::a_send_the_session_did_not_take_is_repaired_by_the_recovery_job,36501595993,36502435811,2026-09-29T00:18:29Z,682,1,1046,it not in the table,,0,0,,1
dagq::it::runtime_stall_recovery::a_stall_past_its_three_recovery_jobs_is_asked_without_a_fourth,36501595993,36502435811,2026-09-29T00:18:29Z,682,1,1046,it not in the table,,0,0,,1
dagq::it::runtime_stall_recovery::a_stalled_session_the_job_resumes_is_parked_resumed_and_lands,36501595993,36502435811,2026-09-29T00:18:29Z,682,1,1046,it not in the table,,0,0,,1
dagq::it::runtime_stall_recovery::an_adopted_stall_whose_job_waits_gets_no_second_nudge_job_or_ask,36501595993,36502435811,2026-09-29T00:18:29Z,682,1,1046,it not in the table,,0,0,,1
dagq::it::runtime_stall_recovery::an_escalated_recovery_job_raises_the_stalled_ask_with_its_category,36501595993,36502435811,2026-09-29T00:18:29Z,682,1,1046,it not in the table,,0,0,,1
dagq::it::runtime_stall_recovery::an_idle_after_the_nudge_is_repaired_by_the_recovery_job_without_an_ask,36501595993,36502435811,2026-09-29T00:18:29Z,682,1,1046,it not in the table,,0,0,,1
dagq::it::runtime_stall_recovery::an_instruction_reaches_a_session_whose_interrupted_turn_left_no_idle_marker,36501595993,36502435811,2026-09-29T00:18:29Z,682,1,1046,it not in the table,,0,0,,1
dagq::it::runtime_sweep::a_completed_task_loses_the_worktrees_of_all_its_runs,36501595993,36502435811,2026-09-29T00:18:29Z,682,1,1046,it,1046,0,0,,1
dagq::it::runtime_sweep::an_ended_run_with_a_stale_lease_is_swept_but_not_one_with_a_live_lease,36501595993,36502435811,2026-09-29T00:18:29Z,682,1,1046,it,1046,0,0,,1
dagq::it::runtime_sweep::build_outputs_that_cannot_be_removed_are_retried_by_the_sweep,36501595993,36502435811,2026-09-29T00:18:29Z,682,1,1046,it,1046,0,0,,1
dagq::it::runtime_sweep::ended_runs_lose_their_build_outputs_and_canceled_tasks_their_worktrees,36501595993,36502435811,2026-09-29T00:18:29Z,682,1,1046,it,1046,0,0,,1
dagq::it::runtime_sweep::the_supervisor_closes_the_session_spans_of_gone_inbox_and_planner_workspaces,36501595993,36502435811,2026-09-29T00:18:29Z,682,1,1046,it,1046,0,0,,1
dagq::it::runtime_sweep::the_sweep_closes_every_workspace_left_open_by_a_landed_run,36501595993,36502435811,2026-09-29T00:18:29Z,682,1,1046,it not in the table,,0,0,,1
dagq::it::runtime_sweep::the_sweep_closes_the_records_of_planners_whose_workspace_and_wrapper_are_gone,36501595993,36502435811,2026-09-29T00:18:29Z,682,1,1046,it,1046,0,0,,1
dagq::it::runtime_sweep::the_sweep_closes_the_workspaces_of_failed_runs_the_triage_does_not_take,36501595993,36502435811,2026-09-29T00:18:29Z,682,1,1046,it not in the table,,0,0,,1
dagq::it::runtime_sweep::the_sweep_removes_the_runners_of_planners_whose_wrapper_is_done,36501595993,36502435811,2026-09-29T00:18:29Z,682,1,1046,it,1046,0,0,,1
dagq::it::runtime_throughput_review::a_failed_review_is_recorded_and_tells_the_inbox_nothing,36501595993,36502435811,2026-09-29T00:18:29Z,682,1,1046,it not in the table,,0,0,,1
dagq::it::runtime_throughput_review::a_failing_review_stops_no_claim_nor_landing,36501595993,36502435811,2026-09-29T00:18:29Z,682,1,1046,it,1046,0,0,,1
dagq::it::runtime_throughput_review::an_hour_a_rule_meets_is_reviewed_saved_and_told_to_the_inbox_and_the_job_only_reads,36501595993,36502435811,2026-09-29T00:18:29Z,682,1,1046,it,1046,0,0,,1
dagq::it::runtime_throughput_review::an_hour_no_rule_meets_starts_no_agent,36501595993,36502435811,2026-09-29T00:18:29Z,682,1,1046,it,1046,0,0,,1
dagq::it::runtime_throughput_review::the_supervisor_starts_each_review_due_once_without_a_run_slot,36501595993,36502435811,2026-09-29T00:18:29Z,682,1,1046,it,1046,0,0,,1
dagq::it::runtime_throughput_review::the_weekly_review_records_its_next_move_as_a_finding_marked_for_a_proposal,36501595993,36502435811,2026-09-29T00:18:29Z,682,1,1046,it,1046,0,0,,1
dagq::it::runtime_triage::a_dead_run_nobody_leases_is_recovered_triaged_and_retried,36501595993,36502435811,2026-09-29T00:18:29Z,682,1,1046,it,1046,0,0,,1
dagq::it::runtime_triage::a_dead_run_whose_dead_supervisor_still_leases_it_is_recovered_and_retried,36501595993,36502435811,2026-09-29T00:18:29Z,682,1,1046,it,1046,0,0,,1
dagq::it::runtime_triage::a_failed_run_the_recovery_job_resumes_is_resumed_in_its_session_and_lands,36501595993,36502435811,2026-09-29T00:18:29Z,682,1,1046,it,1046,0,0,,1
dagq::it::runtime_triage::a_failed_run_without_commits_is_retried_by_its_recovery_job_and_lands,36501595993,36502435811,2026-09-29T00:18:29Z,682,1,1046,it,1046,0,0,,1
dagq::it::runtime_triage::a_resumed_session_with_a_silent_wrapper_is_asked_to_exit_then_let_go,36501595993,36502435811,2026-09-29T00:18:29Z,682,1,1046,it not in the table,,0,0,,1
dagq::it::runtime_triage::a_retry_of_a_run_with_commits_is_refused_and_asked_with_the_jobs_options,36501595993,36502435811,2026-09-29T00:18:29Z,682,1,1046,it,1046,0,0,,1
dagq::it::runtime_triage::a_revise_for_an_adopted_run_whose_wrapper_died_asks_a_person,36501595993,36502435811,2026-09-29T00:18:29Z,682,1,1046,it,1046,0,0,,1
dagq::it::runtime_triage::a_silent_wrapper_after_the_review_waits_for_the_exit_with_an_ask,36501595993,36502435811,2026-09-29T00:18:29Z,682,1,1046,it not in the table,,0,0,,1
dagq::it::runtime_triage::a_silent_wrapper_that_dies_after_the_exit_closes_its_ask,36501595993,36502435811,2026-09-29T00:18:29Z,682,1,1046,it not in the table,,0,0,,1
dagq::it::runtime_triage::a_silent_wrapper_whose_process_is_gone_is_given_up_as_before,36501595993,36502435811,2026-09-29T00:18:29Z,682,1,1046,it not in the table,,0,0,,1
dagq::it::runtime_triage::a_silent_wrapper_with_a_live_session_is_asked_to_exit_then_raised_to_the_inbox,36501595993,36502435811,2026-09-29T00:18:29Z,682,1,1046,it not in the table,,0,0,,1
dagq::it::runtime_triage::a_wait_runs_the_job_again_and_an_alert_past_its_jobs_is_asked,36501595993,36502435811,2026-09-29T00:18:29Z,682,1,1046,it not in the table,,0,0,,1
dagq::it::runtime_triage::an_adopted_run_whose_concern_was_asked_waits_for_the_ask,36501595993,36502435811,2026-09-29T00:18:29Z,682,1,1046,it,1046,0,0,,1
dagq::it::runtime_triage::an_adopted_run_whose_failed_review_ask_was_answered_has_the_answer_applied,36501595993,36502435811,2026-09-29T00:18:29Z,682,1,1046,it,1046,0,0,,1
dagq::it::runtime_triage::an_adopted_run_whose_failed_review_ask_was_closed_is_reviewed_again,36501595993,36502435811,2026-09-29T00:18:29Z,682,1,1046,it,1046,0,0,,1
dagq::it::runtime_triage::an_adopted_run_whose_failed_review_was_asked_waits_for_the_ask,36501595993,36502435811,2026-09-29T00:18:29Z,682,1,1046,it,1046,0,0,,1
dagq::it::runtime_triage::an_adopted_run_whose_failed_review_was_recorded_is_not_recorded_again,36501595993,36502435811,2026-09-29T00:18:29Z,682,1,1046,it,1046,0,0,,1
dagq::it::runtime_triage::an_adopted_run_whose_retried_review_was_asked_records_the_second_attempt,36501595993,36502435811,2026-09-29T00:18:29Z,682,1,1046,it,1046,0,0,,1
dagq::it::runtime_triage::an_awaiting_run_whose_supervisor_and_wrapper_died_is_adopted_reviewed_and_landed,36501595993,36502435811,2026-09-29T00:18:29Z,682,1,1046,it,1046,0,0,,1
dagq::it::runtime_triage::an_escalation_waits_for_a_person_and_the_supervisor_applies_the_answer,36501595993,36502435811,2026-09-29T00:18:29Z,682,1,1046,it,1046,0,0,,1
dagq::it::runtime_triage::recover_releases_the_stale_lease_of_an_awaiting_run_for_integrate,36501595993,36502435811,2026-09-29T00:18:29Z,682,1,1046,it,1046,0,0,,1
dagq::it::runtime_triage::retry_inherit_carries_the_branch_over_once_and_a_failed_job_is_recovered_by_hand,36501595993,36502435811,2026-09-29T00:18:29Z,682,1,1046,it,1046,0,0,,1
dagq::it::runtime_triage::triage_answers_resume_the_run_or_ready_the_task,36501595993,36502435811,2026-09-29T00:18:29Z,682,1,1046,it,1046,0,0,,1
dagq::it::runtime_verify_flaky::a_failure_that_is_not_flaky_is_resumed_at_once,36501595993,36502435811,2026-09-29T00:18:29Z,682,1,1046,it,1046,0,0,,1
dagq::it::runtime_verify_flaky::a_second_flaky_failure_is_resumed,36501595993,36502435811,2026-09-29T00:18:29Z,682,1,1046,it not in the table,,0,0,,1
dagq::it::runtime_verify_flaky::only_flaky_tests_failing_lands_the_run_once_more_without_a_resume,36501595993,36502435811,2026-09-29T00:18:29Z,682,1,1046,it,1046,0,0,,1
dagq::it::runtime_verify_flaky::the_supervisor_lands_a_run_with_only_flaky_failures_once_more,36501595993,36502435811,2026-09-29T00:18:29Z,682,1,1046,it,1046,0,0,,1
dagq::it::runtime_verify_retry::a_command_past_its_whole_limit_is_a_timeout_failure,36501595993,36502435811,2026-09-29T00:18:29Z,682,1,1046,it,1046,0,0,,1
dagq::it::runtime_verify_retry::a_command_that_failed_on_the_host_is_retried_and_lands_when_it_passes,36501595993,36502435811,2026-09-29T00:18:29Z,682,1,1046,it,1046,0,0,,1
dagq::it::runtime_verify_retry::a_command_that_fails_on_the_host_again_waits_for_a_person_without_a_resume,36501595993,36502435811,2026-09-29T00:18:29Z,682,1,1046,it,1046,0,0,,1
dagq::it::runtime_verify_retry::a_failure_of_the_code_is_resumed_as_before,36501595993,36502435811,2026-09-29T00:18:29Z,682,1,1046,it,1046,0,0,,1
dagq::it::runtime_verify_retry::a_full_disk_without_room_is_held_without_a_retry,36501595993,36502435811,2026-09-29T00:18:29Z,682,1,1046,it,1046,0,0,,1
dagq::it::runtime_waiting::a_landing_run_fills_its_supervisors_slot_in_status_and_stats,36501595993,36502435811,2026-09-29T00:18:29Z,682,1,1046,it,1046,0,0,,1
dagq::it::runtime_waiting::a_returning_run_counts_toward_the_limit,36501595993,36502435811,2026-09-29T00:18:29Z,682,1,1046,it,1046,0,0,,1
dagq::it::runtime_waiting::a_run_waiting_for_its_answer_leaves_the_slot_to_another_task,36501595993,36502435811,2026-09-29T00:18:29Z,682,1,1046,it,1046,0,0,,1
dagq::it::runtime_waiting::a_stuck_exit_waits_outside_the_slot_until_its_session_exits,36501595993,36502435811,2026-09-29T00:18:29Z,682,1,1046,it not in the table,,0,0,,1
dagq::it::runtime_waiting::a_wait_is_taken_over_after_a_handoff,36501595993,36502435811,2026-09-29T00:18:29Z,682,1,1046,it,1046,0,0,,1
dagq::it::runtime_waiting::a_wrapper_heartbeat_that_comes_back_lets_the_run_wait_again,36501595993,36502435811,2026-09-29T00:18:29Z,682,1,1046,it,1046,0,0,,1
dagq::it::runtime_waiting::a_wrapper_that_dies_during_a_wait_ends_it_as_the_sessions_end,36501595993,36502435811,2026-09-29T00:18:29Z,682,1,1046,it not in the table,,0,0,,1
dagq::it::runtime_waiting::a_wrapper_that_goes_silent_during_a_wait_sends_the_run_back_for_its_exit,36501595993,36502435811,2026-09-29T00:18:29Z,682,1,1046,it,1046,0,0,,1
dagq::it::runtime_waiting::an_adopted_run_keeps_waiting_outside_the_slot,36501595993,36502435811,2026-09-29T00:18:29Z,682,1,1046,it,1046,0,0,,1
dagq::it::runtime_waiting::no_wait_without_a_limit,36501595993,36502435811,2026-09-29T00:18:29Z,682,1,1046,it,1046,0,0,,1
dagq::it::runtime_waiting::sessions_a_person_moved_go_back_at_once,36501595993,36502435811,2026-09-29T00:18:29Z,682,1,1046,it not in the table,,0,0,,1
dagq::it::runtime_waiting::the_waits_stay_within_their_limit,36501595993,36502435811,2026-09-29T00:18:29Z,682,1,1046,it,1046,0,0,,1
dagq::it::runtime_waiting_stages::a_question_while_resuming_waits_outside_the_slot_and_gets_its_answer,36501595993,36502435811,2026-09-29T00:18:29Z,682,1,1046,it,1046,0,0,,1
dagq::it::runtime_waiting_stages::a_question_while_revising_waits_outside_the_slot_with_its_clock_stopped,36501595993,36502435811,2026-09-29T00:18:29Z,682,1,1046,it,1046,0,0,,1
dagq::it::runtime_waiting_stages::a_resume_question_past_the_limit_waits_in_its_slot_with_its_clock_stopped,36501595993,36502435811,2026-09-29T00:18:29Z,682,1,1046,it,1046,0,0,,1
dagq::it::runtime_waiting_stages::an_adopted_revise_keeps_waiting_outside_the_slot,36501595993,36502435811,2026-09-29T00:18:29Z,682,1,1046,it not in the table,,0,0,,1
dagq::it::source_repository::install_without_from_builds_only_dagqs_source,36501595993,36502435811,2026-09-29T00:18:29Z,682,1,1046,it,1046,0,0,,1
dagq::it::source_repository::up_auto_update_needs_dagqs_source,36501595993,36502435811,2026-09-29T00:18:29Z,682,1,1046,it,1046,0,0,,1
dagq::it::worker_escalation::a_concern_sent_back_resumes_one_step_higher,36501595993,36502435811,2026-09-29T00:18:29Z,682,1,1046,it,1046,0,0,,1
dagq::it::worker_escalation::a_conflict_resume_keeps_the_step,36501595993,36502435811,2026-09-29T00:18:29Z,682,1,1046,it,1046,0,0,,1
dagq::it::worker_escalation::a_failed_verification_resumes_one_step_higher,36501595993,36502435811,2026-09-29T00:18:29Z,682,1,1046,it,1046,0,0,,1
dagq::it::worker_escalation::a_kill_keeps_the_step,36501595993,36502435811,2026-09-29T00:18:29Z,682,1,1046,it,1046,0,0,,1
dagq::it::worker_escalation::a_raised_resume_starts_the_session_higher_and_stats_reads_it,36501595993,36502435811,2026-09-29T00:18:29Z,682,1,1046,it,1046,0,0,,1
dagq::it::worker_escalation::a_retry_inherits_the_raised_step,36501595993,36502435811,2026-09-29T00:18:29Z,682,1,1046,it,1046,0,0,,1
dagq::it::worker_escalation::a_revise_whose_session_cannot_be_switched_goes_on_unraised,36501595993,36502435811,2026-09-29T00:18:29Z,682,1,1046,it not in the table,,0,0,,1
dagq::it::worker_escalation::a_switch_left_in_the_input_box_asks_a_person_without_typing_the_revise,36501595993,36502435811,2026-09-29T00:18:29Z,682,1,1046,it not in the table,,0,0,,1
dagq::it::worker_escalation::missing_evidence_and_a_scope_violation_keep_the_step,36501595993,36502435811,2026-09-29T00:18:29Z,682,1,1046,it,1046,0,0,,1
dagq::it::worker_model::claims_choose_the_session_in_their_transaction,36501595993,36502435811,2026-09-29T00:18:29Z,682,1,1046,it,1046,0,0,,1
dagq::it::worker_model::stats_compare_the_groups,36501595993,36502435811,2026-09-29T00:18:29Z,682,1,1046,it,1046,0,0,,1
dagq::it::worker_model::the_trial_alternates_the_mechanical_tasks_of_the_lower_third,36501595993,36502435811,2026-09-29T00:18:29Z,682,1,1046,it,1046,0,0,,1
dagq::it::worker_model::workers_start_at_opus_medium_by_default,36501595993,36502435811,2026-09-29T00:18:29Z,682,1,1046,it,1046,0,0,,1
dagq::it::cli_areas::stats_and_kpi_split_the_landed_runs_by_the_areas_of_their_commit,36503281989,36504899321,2026-09-29T00:48:47Z,1,0,1049;898,it,898,0,1,,1
dagq::it::cli_areas::stats_and_kpi_split_the_landed_runs_by_the_areas_of_their_commit,36508163048,36509651080,2026-09-29T01:48:46Z,2,0,1062,it,1062,0,0,,1
dagq::it::goal_review::a_goal_review_records_its_launch_and_session_and_takes_its_role_table,36508163048,36509651080,2026-09-29T01:48:46Z,2,0,1062,it not in the table,,0,0,,1
dagq::it::actor_model::jobs_with_a_role_table_are_given_its_model_and_effort,36509651080,36516366693,2026-09-29T03:15:53Z,11,0,1051;1064;923;925;1063;917;915;843;1052,it,1064;923;925;843,0,1,,1
dagq::it::actor_model::jobs_without_a_role_table_start_as_before,36509651080,36516366693,2026-09-29T03:15:53Z,11,0,1051;1064;923;925;1063;917;915;843;1052,it,1064;923;925;843,0,1,,1
dagq::it::lifecycle_up::up_refuses_a_broker_mode_without_podman_on_its_path,36509651080,36516366693,2026-09-29T03:15:53Z,11,0,1051;1064;923;925;1063;917;915;843;1052,it,1064;923;925;843,0,1,,1
dagq::it::runtime_broker::a_busy_machine_tells_the_inbox_and_claims_go_on,36509651080,36516366693,2026-09-29T03:15:53Z,11,0,1051;1064;923;925;1063;917;915;843;1052,it,1064;923;925;843,0,1,,1
dagq::it::runtime_broker::a_disabled_broker_calls_no_podman,36509651080,36516366693,2026-09-29T03:15:53Z,11,0,1051;1064;923;925;1063;917;915;843;1052,it,1064;923;925;843,0,1,,1
dagq::it::runtime_broker::a_handoff_leaves_the_broker_running,36509651080,36516366693,2026-09-29T03:15:53Z,11,0,1051;1064;923;925;1063;917;915;843;1052,it,1064;923;925;843,0,1,,1
dagq::it::runtime_broker::a_required_broker_does_not_start_the_supervisor,36509651080,36516366693,2026-09-29T03:15:53Z,11,0,1051;1064;923;925;1063;917;915;843;1052,it not in the table,,0,1,,1
dagq::it::runtime_broker::down_stops_the_broker_after_the_drain,36509651080,36516366693,2026-09-29T03:15:53Z,11,0,1051;1064;923;925;1063;917;915;843;1052,it,1064;923;925;843,0,1,,1
dagq::it::runtime_broker::the_default_down_has_the_supervisor_stop_the_broker_after_its_drain,36509651080,36516366693,2026-09-29T03:15:53Z,11,0,1051;1064;923;925;1063;917;915;843;1052,it,1064;923;925;843,0,1,,1
dagq::it::runtime_broker::the_image_builds_in_the_background_and_holds_no_claim,36509651080,36516366693,2026-09-29T03:15:53Z,11,0,1051;1064;923;925;1063;917;915;843;1052,it,1064;923;925;843,0,1,,1
dagq::it::runtime_broker::three_failed_looks_restart_the_container_and_then_tell_the_inbox,36509651080,36516366693,2026-09-29T03:15:53Z,11,0,1051;1064;923;925;1063;917;915;843;1052,it,1064;923;925;843,0,1,,1
dagq::it::goal_review_codex::a_codex_that_cannot_log_in_moves_the_goal_review_to_claude,36574104483,36582751752,2026-09-29T14:27:01Z,11,0,1065;1099;863;1085;862,it,1065;1099;863;1085;862,0,1,,1
dagq::it::goal_review_codex::a_goal_review_on_codex_runs_read_only_and_records_its_thread_and_model,36574104483,36582751752,2026-09-29T14:27:01Z,11,0,1065;1099;863;1085;862,it,1065;1099;863;1085;862,0,1,,1
dagq::it::goal_review_codex::a_goal_review_runs_on_codex_while_claudes_hold_ask_is_open,36574104483,36582751752,2026-09-29T14:27:01Z,11,0,1065;1099;863;1085;862,it not in the table,,0,1,,1
dagq::it::goal_review_codex::a_goal_review_waits_while_both_providers_are_held,36574104483,36582751752,2026-09-29T14:27:01Z,11,0,1065;1099;863;1085;862,it,1065;1099;863;1085;862,0,1,,1
dagq::it::goal_review_codex::without_codex_the_goal_review_starts_on_claude,36574104483,36582751752,2026-09-29T14:27:01Z,11,0,1065;1099;863;1085;862,it not in the table,,0,1,,1
dagq::it::runtime_headless::a_later_turn_is_the_runs_agent_and_its_helper_no_idle_process,36574104483,36582751752,2026-09-29T14:27:01Z,11,0,1065;1099;863;1085;862,it,1065;1099;863;1085;862,0,1,,1
dagq::it::runtime_headless::a_turn_past_its_limit_is_stopped_with_its_command_outside_its_group,36574104483,36582751752,2026-09-29T14:27:01Z,11,0,1065;1099;863;1085;862,it,1065;1099;863;1085;862,0,1,,1
dagq::it::runtime_headless::a_turn_that_ends_by_itself_leaves_what_runs_outside_its_group,36574104483,36582751752,2026-09-29T14:27:01Z,11,0,1065;1099;863;1085;862,it,1065;1099;863;1085;862,0,1,,1
dagq::it::runtime_headless::an_adopter_does_not_send_a_stalled_answer_already_requested,36574104483,36582751752,2026-09-29T14:27:01Z,11,0,1065;1099;863;1085;862,it,1065;1099;863;1085;862,0,1,,1
dagq::it::runtime_headless::an_adopter_sends_a_stalled_answer_not_yet_requested,36574104483,36582751752,2026-09-29T14:27:01Z,11,0,1065;1099;863;1085;862,it,1065;1099;863;1085;862,0,1,,1
dagq::it::runtime_headless::the_exit_request_stops_a_turn_with_its_command_outside_its_group,36574104483,36582751752,2026-09-29T14:27:01Z,11,0,1065;1099;863;1085;862,it,1065;1099;863;1085;862,0,1,,1
dagq::it::runtime_cleanup::a_scratchpad_gone_meanwhile_is_no_failure_and_one_failing_root_keeps_the_others,36582751752,36596806563,2026-09-29T16:18:59Z,4,0,1060;973;1100;924,it,1060;1100;924,0,1,,1
dagq::it::runtime_disk::a_cleanup_for_room_removes_the_scratchpads_and_the_needs_count_them,36582751752,36596806563,2026-09-29T16:18:59Z,4,0,1060;973;1100;924,it,1060;1100;924,0,1,,1
dagq::it::runtime_disk::a_persons_integrate_counts_the_scratchpads_in_a_runs_size,36582751752,36596806563,2026-09-29T16:18:59Z,4,0,1060;973;1100;924,it,1060;1100;924,0,1,,1
dagq::it::runtime_sweep::a_task_over_loses_the_claude_scratchpads_of_its_runs,36582751752,36596806563,2026-09-29T16:18:59Z,4,0,1060;973;1100;924,it,1060;1100;924,0,1,,1
dagq::it::runtime_broker::a_preferred_worker_gets_its_token_and_the_end_of_its_run_revokes_it,36596806563,36608026109,2026-09-29T17:52:32Z,9,0,1067;821;1089;1118;837;1086;1047,it,1089;1118;837;1086,0,1,,1
dagq::it::runtime_broker::a_run_that_fails_or_is_interrupted_loses_its_token,36596806563,36608026109,2026-09-29T17:52:32Z,9,0,1067;821;1089;1118;837;1086;1047,it,1089;1118;837;1086,0,1,,1
dagq::it::runtime_landing_release::a_dead_landing_is_not_released_while_a_process_works_in_its_worktree,36596806563,36608026109,2026-09-29T17:52:32Z,9,0,1067;821;1089;1118;837;1086;1047,it,1089;1118;837;1086,0,1,,1
dagq::it::runtime_landing_release::a_draining_supervisor_releases_a_dead_landing_and_leaves_it_queued,36596806563,36608026109,2026-09-29T17:52:32Z,9,0,1067;821;1089;1118;837;1086;1047,it,1089;1118;837;1086,0,1,,1
dagq::it::runtime_landing_release::a_landing_that_died_after_its_rebase_lands_the_rebased_head,36596806563,36608026109,2026-09-29T17:52:32Z,9,0,1067;821;1089;1118;837;1086;1047,it,1089;1118;837;1086,0,1,,1
dagq::it::runtime_landing_release::a_landing_that_reached_main_before_its_supervisor_died_is_not_landed_twice,36596806563,36608026109,2026-09-29T17:52:32Z,9,0,1067;821;1089;1118;837;1086;1047,it,1089;1118;837;1086,0,1,,1
dagq::it::runtime_landing_release::a_passed_run_a_person_recovered_from_its_landing_is_queued_to_land,36596806563,36608026109,2026-09-29T17:52:32Z,9,0,1067;821;1089;1118;837;1086;1047,it,1089;1118;837;1086,0,1,,1
dagq::it::runtime_landing_release::a_passed_run_whose_landing_died_is_released_and_lands_again,36596806563,36608026109,2026-09-29T17:52:32Z,9,0,1067;821;1089;1118;837;1086;1047,it,1089;1118;837;1086,0,1,,1
dagq::it::runtime_landing_release::a_run_neither_approved_nor_passed_is_reviewed_again_once_its_landing_died,36596806563,36608026109,2026-09-29T17:52:32Z,9,0,1067;821;1089;1118;837;1086;1047,it,1089;1118;837;1086,0,1,,1
dagq::it::landing_branch::no_push_records_the_configured_remote,36608026109,36620540525,2026-09-29T19:37:20Z,6,0,622;1125;1048;1018;1103;1030;976;974;959;674,it,622;1125;1048;1103;974;959;674,0,1,,1
dagq::it::runtime_broker::a_disabled_supervisor_resumes_a_run_without_the_tools_left_to_it,36608026109,36620540525,2026-09-29T19:37:20Z,6,0,622;1125;1048;1018;1103;1030;976;974;959;674,it,622;1125;1048;1103;974;959;674,0,1,,1
dagq::it::runtime_broker::a_disabled_supervisor_revokes_the_tokens_an_earlier_mode_left,36608026109,36620540525,2026-09-29T19:37:20Z,6,0,622;1125;1048;1018;1103;1030;976;974;959;674,it,622;1125;1048;1103;974;959;674,0,1,,1
dagq::it::runtime_claim::main_vanishing_after_the_landing_branch_check_holds_the_claim,36608026109,36620540525,2026-09-29T19:37:20Z,6,0,622;1125;1048;1018;1103;1030;976;974;959;674,it,622;1125;1048;1018;1103;974;959;674,0,1,,1
dagq::it::runtime_review_adopt::an_adopted_exit_after_a_failed_review_ask_times_out_from_its_recorded_request,36608026109,36620540525,2026-09-29T19:37:20Z,6,0,622;1125;1048;1018;1103;1030;976;974;959;674,it not in the table,,0,1,,1
dagq::it::runtime_review_adopt::an_adopted_exit_after_a_passed_review_times_out_from_its_recorded_request,36608026109,36620540525,2026-09-29T19:37:20Z,6,0,622;1125;1048;1018;1103;1030;976;974;959;674,it not in the table,,0,1,,1
dagq::it::lifecycle_up::up_stores_the_exported_config_home_in_the_plist,36620540525,36631608380,2026-09-29T21:11:35Z,11,0,893;902;868;864;859;798;797;749;776;629;1128,it,893;902;868;859;798;749;1128,0,1,,1
dagq::it::runtime_job_verdicts::a_broken_long_background_recovery_verdict_stops_nothing_and_opens_the_stalled_ask,36620540525,36631608380,2026-09-29T21:11:35Z,11,0,893;902;868;864;859;798;797;749;776;629;1128,it not in the table,,0,1,,1
dagq::it::runtime_job_verdicts::a_broken_prompt_waiting_recovery_verdict_answers_nothing_and_opens_the_answer_prompt_ask,36620540525,36631608380,2026-09-29T21:11:35Z,11,0,893;902;868;864;859;798;797;749;776;629;1128,it not in the table,,0,1,,1
dagq::it::runtime_job_verdicts::a_broken_stuck_exit_recovery_verdict_closes_nothing_and_opens_the_stuck_exit_ask,36620540525,36631608380,2026-09-29T21:11:35Z,11,0,893;902;868;864;859;798;797;749;776;629;1128,it not in the table,,0,1,,1
dagq::it::runtime_job_verdicts::a_concern_is_asked_at_the_review_jobs_request,36620540525,36631608380,2026-09-29T21:11:35Z,11,0,893;902;868;864;859;798;797;749;776;629;1128,it,893;902;868;859;798;797;749;1128,0,1,,1
dagq::it::runtime_job_verdicts::a_revise_past_its_limit_is_asked_at_the_review_jobs_request,36620540525,36631608380,2026-09-29T21:11:35Z,11,0,893;902;868;864;859;798;797;749;776;629;1128,it,893;902;868;859;798;797;749;1128,0,1,,1
dagq::it::runtime_job_verdicts::an_adopted_concern_is_asked_at_the_review_jobs_request,36620540525,36631608380,2026-09-29T21:11:35Z,11,0,893;902;868;864;859;798;797;749;776;629;1128,it,893;902;868;859;798;797;749;1128,0,1,,1
dagq::it::runtime_release::a_binary_answer_applied_by_its_own_build_is_not_about_the_plugin,36620540525,36631608380,2026-09-29T21:11:35Z,11,0,893;902;868;864;859;798;797;749;776;629;1128,it,893;902;868;859;798;749;1128,0,1,,1
dagq::it::runtime_release::a_plugin_answer_applied_by_another_build_stays_about_the_plugin,36620540525,36631608380,2026-09-29T21:11:35Z,11,0,893;902;868;864;859;798;797;749;776;629;1128,it,893;902;868;859;798;749;1128,0,1,,1
dagq::it::runtime_release::a_plugin_install_behind_a_newer_release_is_dropped_with_its_reason,36620540525,36631608380,2026-09-29T21:11:35Z,11,0,893;902;868;864;859;798;797;749;776;629;1128,it,893;902;868;859;798;749;1128,0,1,,1
dagq::it::runtime_release::an_ask_without_its_purpose_is_about_the_plugin_only_on_its_own_build,36620540525,36631608380,2026-09-29T21:11:35Z,11,0,893;902;868;864;859;798;797;749;776;629;1128,it,893;902;868;859;798;749;1128,0,1,,1
dagq::it::landing_branch::a_running_supervisor_follows_each_change_of_the_landing_branch,36631608380,36640387506,2026-09-29T22:34:41Z,4,0,960;972;1078;971;1126,it,960;1078;971,0,1,,1
dagq::it::runtime_review_adopt::an_adopter_keeps_an_unreviewed_head_on_the_stuck_exit_path_while_the_workspace_is_listed,36631608380,36640387506,2026-09-29T22:34:41Z,4,0,960;972;1078;971;1126,it not in the table,,0,1,,1
dagq::it::runtime_review_adopt::an_adopter_parks_an_unreviewed_head_for_a_resume_when_the_workspace_is_gone,36631608380,36640387506,2026-09-29T22:34:41Z,4,0,960;972;1078;971;1126,it not in the table,,0,1,,1
dagq::it::runtime_review_questions::an_answer_whose_send_outlasts_the_turn_settles_the_revise_at_its_idle,36631608380,36640387506,2026-09-29T22:34:41Z,4,0,960;972;1078;971;1126,it not in the table,,0,1,,1
dagq::it::runtime_codex_ask::a_codex_workers_ask_is_a_request_its_supervisor_opens,36640387506,36650878523,2026-09-30T00:33:03Z,8,0,1107;890;1008;1104;1120;1102;1091;699;978;998;1131,it not in the table,,0,1,,1
dagq::it::runtime_codex_ask::a_link_in_place_of_the_request_directory_is_not_followed,36640387506,36650878523,2026-09-30T00:33:03Z,8,0,1107;890;1008;1104;1120;1102;1091;699;978;998;1131,it not in the table,,0,1,,1
dagq::it::runtime_codex_ask::a_request_is_opened_once_even_after_its_ask_closed,36640387506,36650878523,2026-09-30T00:33:03Z,8,0,1107;890;1008;1104;1120;1102;1091;699;978;998;1131,it not in the table,,0,1,,1
dagq::it::runtime_codex_ask::a_taken_request_that_cannot_be_moved_holds_nothing,36640387506,36650878523,2026-09-30T00:33:03Z,8,0,1107;890;1008;1104;1120;1102;1091;699;978;998;1131,it not in the table,,0,1,,1
dagq::it::runtime_codex_ask::entries_that_are_no_regular_file_are_refused_untouched_and_hold_nothing,36640387506,36650878523,2026-09-30T00:33:03Z,8,0,1107;890;1008;1104;1120;1102;1091;699;978;998;1131,it not in the table,,0,1,,1
dagq::it::runtime_codex_ask::requests_the_worker_may_not_make_open_no_ask_and_none_opens_twice,36640387506,36650878523,2026-09-30T00:33:03Z,8,0,1107;890;1008;1104;1120;1102;1091;699;978;998;1131,it not in the table,,0,1,,1
dagq::it::runtime_headless::a_stop_answer_ends_the_headless_session_and_its_run_goes_to_recovery,36640387506,36650878523,2026-09-30T00:33:03Z,8,0,1107;890;1008;1104;1120;1102;1091;699;978;998;1131,it,890;1104;978,0,1,,1
dagq::it::runtime_headless::a_stop_answer_to_a_run_out_of_its_slot_waits_for_the_slot,36640387506,36650878523,2026-09-30T00:33:03Z,8,0,1107;890;1008;1104;1120;1102;1091;699;978;998;1131,it,890;1104;978,0,1,,1
dagq::it::runtime_evidence::the_worker_and_resume_prompts_name_the_e2e_marks_that_hold,36650878523,36660244563,2026-09-30T02:31:33Z,1,0,1167;1110;1168;1097;1050;1165;1058;1042;1096;1162,it not in the table,,0,1,,1
dagq::it::runtime_headless_stall::an_adopter_opens_the_next_ask_of_a_closed_intervene_once,36660244563,36664804211,2026-09-30T03:31:46Z,5,0,1199;1173;1179;1006;1153;1132;1166,it,1199;1173;1179;1153;1166,0,1,,1
dagq::it::runtime_headless_stall::an_adopter_opens_the_next_ask_of_an_intervene_a_person_closed,36660244563,36664804211,2026-09-30T03:31:46Z,5,0,1199;1173;1179;1006;1153;1132;1166,it,1199;1173;1179;1153;1166,0,1,,1
dagq::it::runtime_headless_stall::an_adopter_reopens_a_headless_stalled_ask_left_answered_intervene,36660244563,36664804211,2026-09-30T03:31:46Z,5,0,1199;1173;1179;1006;1153;1132;1166,it,1199;1173;1179;1153;1166,0,1,,1
dagq::it::runtime_headless_stall::an_intervene_answer_closes_the_headless_stalled_ask_and_opens_another,36660244563,36664804211,2026-09-30T03:31:46Z,5,0,1199;1173;1179;1006;1153;1132;1166,it,1199;1173;1179;1153;1166,0,1,,1
dagq::it::runtime_headless_stall::an_intervene_text_is_not_sent_and_the_next_ask_takes_an_instruction,36660244563,36664804211,2026-09-30T03:31:46Z,5,0,1199;1173;1179;1006;1153;1132;1166,it,1199;1173;1179;1153;1166,0,1,,1
dagq::it::goal_review_codex::no_claude_goal_review_runs_on_codex_and_never_falls_back,36664804211,36673129750,2026-09-30T05:22:48Z,9,0,1174,it not in the table,,0,0,0e8c4020daa1,1
dagq::it::lifecycle_up::no_claude_up_needs_no_claude_plugin_or_trust_and_opens_no_inbox,36664804211,36673129750,2026-09-30T05:22:48Z,9,0,1174,it,1174,0,0,0e8c4020daa1,1
dagq::it::lifecycle_up::no_claude_up_refuses_to_reuse_a_supervisor_with_another_policy,36664804211,36673129750,2026-09-30T05:22:48Z,9,0,1174,it,1174,0,0,0e8c4020daa1,1
dagq::it::plan_review::no_claude_plan_review_waits_for_manual_handling_and_opens_no_planner,36664804211,36673129750,2026-09-30T05:22:48Z,9,0,1174,it,1174,0,0,0e8c4020daa1,1
dagq::it::runtime_provider_switch::no_claude_hands_ended_recovery_to_a_person_without_calling_a_job,36664804211,36673129750,2026-09-30T05:22:48Z,9,0,1174,it,1174,0,0,0e8c4020daa1,1
dagq::it::runtime_provider_switch::no_claude_routes_a_worker_to_codex_and_releases_it_for_manual_landing,36664804211,36673129750,2026-09-30T05:22:48Z,9,0,1174,it,1174,0,0,0e8c4020daa1,1
dagq::it::runtime_provider_switch::no_claude_waits_on_codex_limit_then_retries_codex_without_a_claude_hold,36664804211,36673129750,2026-09-30T05:22:48Z,9,0,1174,it,1174,0,0,0e8c4020daa1,1
dagq::it::runtime_provider_switch::no_claude_without_codex_claims_nothing_and_reports_manual_policy,36664804211,36673129750,2026-09-30T05:22:48Z,9,0,1174,it not in the table,,0,0,0e8c4020daa1,1
dagq::it::runtime_resume::no_claude_leaves_an_old_claude_resume_for_manual_recovery,36664804211,36673129750,2026-09-30T05:22:48Z,9,0,1174,it,1174,0,0,0e8c4020daa1,1
dagq::it::runtime_broker::a_disabled_sweep_retries_a_failed_run_read,36873101967,36890218837,2026-10-01T16:12:18Z,6,0,1144;1233;979;995;1028;1111;1142;1202,it,1144;979;995;1111;1142;1202,0,1,,1
dagq::it::runtime_broker::a_preferred_sweep_retries_a_failed_run_read,36873101967,36890218837,2026-10-01T16:12:18Z,6,0,1144;1233;979;995;1028;1111;1142;1202,it,1144;979;995;1111;1142;1202,0,1,,1
dagq::it::runtime_integrate::a_failed_remote_check_keeps_the_original_push_failure,36873101967,36890218837,2026-10-01T16:12:18Z,6,0,1144;1233;979;995;1028;1111;1142;1202,it not in the table,,0,1,,1
dagq::it::runtime_integrate::a_later_landing_pushes_both_commits_before_the_first_push_finishes,36873101967,36890218837,2026-10-01T16:12:18Z,6,0,1144;1233;979;995;1028;1111;1142;1202,it,1144;979;995;1111;1142;1202,0,1,,1
dagq::it::runtime_integrate::a_rejected_push_already_on_the_remote_does_not_raise_attention,36873101967,36890218837,2026-10-01T16:12:18Z,6,0,1144;1233;979;995;1028;1111;1142;1202,it not in the table,,0,1,,1
dagq::it::runtime_integrate::git_adapter_checks_whether_a_later_remote_head_contains_the_landing,36873101967,36890218837,2026-10-01T16:12:18Z,6,0,1144;1233;979;995;1028;1111;1142;1202,it,1144;979;995;1111;1142;1202,0,1,,1
dagq::it::goal_review::handoff_closes_review_rows_and_spans_without_candidates,36890218837,36907494273,2026-10-01T18:31:42Z,12,0,1198;1115;1231;1235;1230;1234;1087;1228;1222;1095;883,it,1198;1231;1235;1230;1234;1087;1095;883,0,1,,1
dagq::it::goal_review::handoff_reviews_candidates_again_without_counting_interrupted_attempts,36890218837,36907494273,2026-10-01T18:31:42Z,12,0,1198;1115;1231;1235;1230;1234;1087;1228;1222;1095;883,it,1198;1231;1235;1230;1234;1087;1095;883,0,1,,1
dagq::it::goal_review_codex::a_timed_out_codex_goal_review_stops_a_command_in_another_process_group,36890218837,36907494273,2026-10-01T18:31:42Z,12,0,1198;1115;1231;1235;1230;1234;1087;1228;1222;1095;883,it,1198;1115;1231;1235;1230;1234;1087;1095;883,0,1,,1
dagq::it::queue_service::a_service_of_another_build_is_replaced_once_and_then_accepted,36890218837,36907494273,2026-10-01T18:31:42Z,12,0,1198;1115;1231;1235;1230;1234;1087;1228;1222;1095;883,it,1198;1231;1235;1230;1234;1087;1095;883,0,1,,1
dagq::it::queue_service::a_service_that_keeps_dying_is_left_to_a_person_after_three_starts,36890218837,36907494273,2026-10-01T18:31:42Z,12,0,1198;1115;1231;1235;1230;1234;1087;1228;1222;1095;883,it,1198;1231;1235;1230;1234;1087;1095;883,0,1,,1
dagq::it::queue_service::the_last_supervisor_down_asked_stops_the_service_when_its_drain_ends,36890218837,36907494273,2026-10-01T18:31:42Z,12,0,1198;1115;1231;1235;1230;1234;1087;1228;1222;1095;883,it,1198;1231;1235;1230;1234;1087;1095;883,0,1,,1
dagq::it::queue_service::the_supervisor_starts_the_service_and_holds_its_claims_while_it_is_down,36890218837,36907494273,2026-10-01T18:31:42Z,12,0,1198;1115;1231;1235;1230;1234;1087;1228;1222;1095;883,it,1198;1231;1235;1230;1234;1087;1095;883,0,1,,1
dagq::it::queue_service::up_starts_the_service_and_down_stops_it,36890218837,36907494273,2026-10-01T18:31:42Z,12,0,1198;1115;1231;1235;1230;1234;1087;1228;1222;1095;883,it,1198;1231;1235;1230;1234;1087;1095;883,0,1,,1
dagq::it::runtime_evidence::unusable_main_marks_leave_worker_and_resume_prompts_without_marks,36890218837,36907494273,2026-10-01T18:31:42Z,12,0,1198;1115;1231;1235;1230;1234;1087;1228;1222;1095;883,it not in the table,,0,1,,1
dagq::it::runtime_provider_switch::switching_provider_keeps_only_the_landed_e2e_marks,36890218837,36907494273,2026-10-01T18:31:42Z,12,0,1198;1115;1231;1235;1230;1234;1087;1228;1222;1095;883,it not in the table,,0,1,,1
dagq::it::runtime_triage::a_corrected_verify_gets_a_round_past_the_used_up_limit_and_lands_inherited,36890218837,36907494273,2026-10-01T18:31:42Z,12,0,1198;1115;1231;1235;1230;1234;1087;1228;1222;1095;883,it,1198;1231;1235;1230;1234;1087;1095;883,0,1,,1
dagq::it::runtime_workspace_cleanup::ended_runs_workspaces_are_listed_then_closed_by_run_task_or_all,36890218837,36907494273,2026-10-01T18:31:42Z,12,0,1198;1115;1231;1235;1230;1234;1087;1228;1222;1095;883,it not in the table,,0,1,,1
dagq::it::runtime_run_files::a_fifo_request_does_not_hold_the_wrapper,36907494273,36920533811,2026-10-01T20:17:52Z,4,0,1264;1177;1184;1186;1079;1242,it,1184;1186;1079;1242,0,1,,1
dagq::it::runtime_run_files::fifo_markers_do_not_block_supervisor_passes,36907494273,36920533811,2026-10-01T20:17:52Z,4,0,1264;1177;1184;1186;1079;1242,it,1184;1186;1079;1242,0,1,,1
dagq::it::runtime_run_files::linked_exit_and_temporary_files_leave_the_target_untouched,36907494273,36920533811,2026-10-01T20:17:52Z,4,0,1264;1177;1184;1186;1079;1242,it,1184;1186;1079;1242,0,1,,1
dagq::it::runtime_run_files::linked_markers_are_not_read_by_the_supervisor,36907494273,36920533811,2026-10-01T20:17:52Z,4,0,1264;1177;1184;1186;1079;1242,it,1184;1186;1079;1242,0,1,,1
dagq::it::inbox_nudge::failed_submissions_are_recorded_once_and_advance_to_the_next_nudge,36920533811,36939822587,2026-10-01T23:15:37Z,16,0,1137;1114;824;1039;1041;1034;1011;1020;1270;1240;1164;1022;1237;1239,it,1137;824;1039;1020;1164;1022;1239,0,1,,1
dagq::it::runtime_e2e::a_failed_e2e_parks_the_run_for_a_resume_and_its_fix_lands,36920533811,36939822587,2026-10-01T23:15:37Z,16,0,1137;1114;824;1039;1041;1034;1011;1020;1270;1240;1164;1022;1237;1239,it,1137;824;1039;1011;1270;1164;1022;1239,0,1,,1
dagq::it::runtime_e2e::a_mark_committed_on_main_passes_a_test_that_fails_its_rerun,36920533811,36939822587,2026-10-01T23:15:37Z,16,0,1137;1114;824;1039;1041;1034;1011;1020;1270;1240;1164;1022;1237;1239,it,1137;824;1039;1011;1270;1164;1022;1239,0,1,,1
dagq::it::runtime_e2e::a_passed_run_that_needs_the_e2e_runs_it_on_the_host_and_lands,36920533811,36939822587,2026-10-01T23:15:37Z,16,0,1137;1114;824;1039;1041;1034;1011;1020;1270;1240;1164;1022;1237;1239,it,1137;824;1039;1011;1270;1164;1022;1239,0,1,,1
dagq::it::runtime_e2e::a_run_that_needs_no_e2e_or_has_none_lands_without_running_one,36920533811,36939822587,2026-10-01T23:15:37Z,16,0,1137;1114;824;1039;1041;1034;1011;1020;1270;1240;1164;1022;1237;1239,it,1137;824;1039;1164;1022;1239,0,1,,1
dagq::it::runtime_e2e::an_e2e_past_its_timeout_is_run_again_instead_of_sending_the_run_back,36920533811,36939822587,2026-10-01T23:15:37Z,16,0,1137;1114;824;1039;1041;1034;1011;1020;1270;1240;1164;1022;1237;1239,it,1137;824;1039;1011;1270;1164;1022;1239,0,1,,1
dagq::it::runtime_e2e::the_runs_of_a_supervisor_run_their_e2e_one_at_a_time,36920533811,36939822587,2026-10-01T23:15:37Z,16,0,1137;1114;824;1039;1041;1034;1011;1020;1270;1240;1164;1022;1237;1239,it,1137;824;1039;1011;1270;1164;1022;1239,0,1,,1
dagq::it::runtime_evidence::the_e2e_a_run_needs_is_recorded_and_its_receipt_backs_none,36920533811,36939822587,2026-10-01T23:15:37Z,16,0,1137;1114;824;1039;1041;1034;1011;1020;1270;1240;1164;1022;1237;1239,it,1137;824;1039;1164;1022;1239,0,1,,1
dagq::it::runtime_handoff::a_resume_handoff_before_exit_does_not_answer_background_work,36920533811,36939822587,2026-10-01T23:15:37Z,16,0,1137;1114;824;1039;1041;1034;1011;1020;1270;1240;1164;1022;1237;1239,it not in the table,,0,1,,1
dagq::it::runtime_handoff::a_resume_handoff_preserves_the_exit_for_its_background_dialog,36920533811,36939822587,2026-10-01T23:15:37Z,16,0,1137;1114;824;1039;1041;1034;1011;1020;1270;1240;1164;1022;1237;1239,it not in the table,,0,1,,1
dagq::it::runtime_handoff::a_resume_without_a_snapshot_recovers_the_exit_for_its_background_dialog,36920533811,36939822587,2026-10-01T23:15:37Z,16,0,1137;1114;824;1039;1041;1034;1011;1020;1270;1240;1164;1022;1237;1239,it not in the table,,0,1,,1
dagq::it::runtime_handoff::an_adopted_resume_before_exit_does_not_answer_background_work,36920533811,36939822587,2026-10-01T23:15:37Z,16,0,1137;1114;824;1039;1041;1034;1011;1020;1270;1240;1164;1022;1237;1239,it not in the table,,0,1,,1
dagq::it::runtime_handoff::an_adopted_resume_with_an_unsent_exit_does_not_answer_background_work,36920533811,36939822587,2026-10-01T23:15:37Z,16,0,1137;1114;824;1039;1041;1034;1011;1020;1270;1240;1164;1022;1237;1239,it not in the table,,0,1,,1
dagq::it::runtime_handoff::canceling_a_handoff_during_a_landing_resumes_claims_without_exec,36920533811,36939822587,2026-10-01T23:15:37Z,16,0,1137;1114;824;1039;1041;1034;1011;1020;1270;1240;1164;1022;1237;1239,it,1137;824;1039;1164;1022;1239,0,1,,1
dagq::it::runtime_verify_flaky::a_failed_retry_resumes_and_a_later_landing_can_retry_again,36920533811,36939822587,2026-10-01T23:15:37Z,16,0,1137;1114;824;1039;1041;1034;1011;1020;1270;1240;1164;1022;1237;1239,it,1137;824;1039;1164;1022;1239,0,1,,1
dagq::it::runtime_verify_flaky::a_flaky_retry_keeps_coverage_and_host_failures,36920533811,36939822587,2026-10-01T23:15:37Z,16,0,1137;1114;824;1039;1041;1034;1011;1020;1270;1240;1164;1022;1237;1239,it,1137;824;1039;1164;1022;1239,0,1,,1
dagq::it::runtime_client_mode::the_review_and_the_recovery_job_are_given_the_service_not_the_queue,36939822587,36947209762,2026-10-02T00:40:58Z,14,0,1053;450;1236;451;1207;1059;871;766;608;889;1150;1171;1169;1117;1139;1077;1080;1146,it,1236;1207;1150;1077;1080,0,1,,1
dagq::it::runtime_client_mode::the_worker_and_its_resume_reach_the_queue_only_through_the_service,36939822587,36947209762,2026-10-02T00:40:58Z,14,0,1053;450;1236;451;1207;1059;871;766;608;889;1150;1171;1169;1117;1139;1077;1080;1146,it,1236;1207;1150;1077;1080,0,1,,1
dagq::it::runtime_codex::a_codex_review_at_its_usage_limit_holds_codex_and_moves_to_claude,36939822587,36947209762,2026-10-02T00:40:58Z,14,0,1053;450;1236;451;1207;1059;871;766;608;889;1150;1171;1169;1117;1139;1077;1080;1146,it,1236;1207;1150;1077;1080,0,1,,1
dagq::it::runtime_codex::a_codex_review_starts_while_claudes_hold_ask_is_open,36939822587,36947209762,2026-10-02T00:40:58Z,14,0,1053;450;1236;451;1207;1059;871;766;608;889;1150;1171;1169;1117;1139;1077;1080;1146,it not in the table,,0,1,,1
dagq::it::runtime_codex::a_codex_review_whose_codex_does_not_start_moves_to_claude,36939822587,36947209762,2026-10-02T00:40:58Z,14,0,1053;450;1236;451;1207;1059;871;766;608;889;1150;1171;1169;1117;1139;1077;1080;1146,it,1236;1207;1150;1077;1080,0,1,,1
dagq::it::runtime_codex::a_codex_review_without_codex_moves_to_claude_and_lands,36939822587,36947209762,2026-10-02T00:40:58Z,14,0,1053;450;1236;451;1207;1059;871;766;608;889;1150;1171;1169;1117;1139;1077;1080;1146,it not in the table,,0,1,,1
dagq::it::runtime_codex::no_claude_codex_review_at_its_usage_limit_holds_codex_and_asks_a_person,36939822587,36947209762,2026-10-02T00:40:58Z,14,0,1053;450;1236;451;1207;1059;871;766;608;889;1150;1171;1169;1117;1139;1077;1080;1146,it not in the table,,0,1,,1
dagq::it::runtime_codex::no_claude_codex_review_concern_records_reasons_and_asks,36939822587,36947209762,2026-10-02T00:40:58Z,14,0,1053;450;1236;451;1207;1059;871;766;608;889;1150;1171;1169;1117;1139;1077;1080;1146,it not in the table,,0,1,,1
dagq::it::runtime_codex::no_claude_codex_review_failure_asks_without_starting_claude,36939822587,36947209762,2026-10-02T00:40:58Z,14,0,1053;450;1236;451;1207;1059;871;766;608;889;1150;1171;1169;1117;1139;1077;1080;1146,it,1236;1207;1150;1077;1080,0,1,,1
dagq::it::runtime_codex::no_claude_codex_review_revise_reaches_the_worker_and_passes,36939822587,36947209762,2026-10-02T00:40:58Z,14,0,1053;450;1236;451;1207;1059;871;766;608;889;1150;1171;1169;1117;1139;1077;1080;1146,it,1236;1207;1150;1077;1080,0,1,,1
dagq::it::runtime_codex::no_claude_run_uses_a_read_only_codex_review_and_lands,36939822587,36947209762,2026-10-02T00:40:58Z,14,0,1053;450;1236;451;1207;1059;871;766;608;889;1150;1171;1169;1117;1139;1077;1080;1146,it,1236;1207;1150;1077;1080,0,1,,1
dagq::it::runtime_codex::no_claude_unreadable_codex_review_at_its_limit_fails_with_its_output,36939822587,36947209762,2026-10-02T00:40:58Z,14,0,1053;450;1236;451;1207;1059;871;766;608;889;1150;1171;1169;1117;1139;1077;1080;1146,it,1236;1207;1150;1077;1080,0,1,,1
dagq::it::runtime_codex_ask::a_codex_workers_ask_goes_to_the_queue_service,36939822587,36947209762,2026-10-02T00:40:58Z,14,0,1053;450;1236;451;1207;1059;871;766;608;889;1150;1171;1169;1117;1139;1077;1080;1146,it,1236;1207;1150;1077;1080,0,1,,1
dagq::it::runtime_review::the_default_test_reviewer_skips_retry_but_still_asks_after_its_job,36939822587,36947209762,2026-10-02T00:40:58Z,14,0,1053;450;1236;451;1207;1059;871;766;608;889;1150;1171;1169;1117;1139;1077;1080;1146,it,1236;1207;1150;1077;1080,0,1,,1
dagq::it::inbox_nudge::the_watchers_changes_are_recorded_once_and_give_how_long_an_ask_waited_to_be_seen,36947209762,36961077339,2026-10-02T03:38:47Z,9,0,1219;1200;1208;1218;1197;1129;1119;1021;1098,it,1218;1197;1129;1119;1021;1098,0,1,,1
dagq::it::plan_review_codex::a_codex_that_cannot_log_in_moves_the_plan_review_to_claude,36947209762,36961077339,2026-10-02T03:38:47Z,9,0,1219;1200;1208;1218;1197;1129;1119;1021;1098,it,1218;1197;1129;1119;1021;1098,0,1,,1
dagq::it::plan_review_codex::a_plan_review_on_codex_runs_read_only_and_applies_its_verdicts,36947209762,36961077339,2026-10-02T03:38:47Z,9,0,1219;1200;1208;1218;1197;1129;1119;1021;1098,it,1218;1197;1129;1119;1021;1098,0,1,,1
dagq::it::plan_review_codex::no_claude_plan_review_runs_on_codex_and_never_falls_back,36947209762,36961077339,2026-10-02T03:38:47Z,9,0,1219;1200;1208;1218;1197;1129;1119;1021;1098,it,1218;1197;1129;1119;1021;1098,0,1,,1
dagq::it::plan_review_codex::without_codex_the_plan_review_starts_on_claude,36947209762,36961077339,2026-10-02T03:38:47Z,9,0,1219;1200;1208;1218;1197;1129;1119;1021;1098,it,1218;1197;1129;1119;1021;1098,0,1,,1
dagq::it::runtime_landing_release::a_live_supervisors_landing_and_its_processes_are_left_alone,36947209762,36961077339,2026-10-02T03:38:47Z,9,0,1219;1200;1208;1218;1197;1129;1119;1021;1098,it,1218;1197;1129;1119;1021;1098,0,1,,1
dagq::it::runtime_landing_release::a_process_past_its_grace_is_stopped_and_the_dead_landing_released,36947209762,36961077339,2026-10-02T03:38:47Z,9,0,1219;1200;1208;1218;1197;1129;1119;1021;1098,it,1218;1197;1129;1119;1021;1098,0,1,,1
dagq::it::runtime_landing_release::a_process_that_outlives_its_stop_is_the_inboxs_once,36947209762,36961077339,2026-10-02T03:38:47Z,9,0,1219;1200;1208;1218;1197;1129;1119;1021;1098,it,1218;1197;1129;1119;1021;1098,0,1,,1
dagq::it::runtime_landing_release::processes_unlisted_past_twice_the_grace_are_the_inboxs_once,36947209762,36961077339,2026-10-02T03:38:47Z,9,0,1219;1200;1208;1218;1197;1129;1119;1021;1098,it,1218;1197;1129;1119;1021;1098,0,1,,1
dagq::it::runtime_sccache::a_wrapper_other_than_sccache_is_left_alone,36970284493,36983018628,2026-10-02T08:15:29Z,6,0,1254;968;1221;1340;961;1215;1220;1017,it,1340;1215;1220;1017,0,1,,1
dagq::it::runtime_sccache::the_supervisor_starts_a_missing_server_outside_the_sandbox_and_records_it,36970284493,36983018628,2026-10-02T08:15:29Z,6,0,1254;968;1221;1340;961;1215;1220;1017,it,1340;1215;1220;1017,0,1,,1
dagq::it::runtime_sccache::turns_and_reviews_without_a_confirmed_server_run_without_the_wrapper,36970284493,36983018628,2026-10-02T08:15:29Z,6,0,1254;968;1221;1340;961;1215;1220;1017,it,1340;1215;1220;1017,0,1,,1
dagq::it::throughput_review_codex::a_handed_over_codex_review_that_found_codex_unusable_holds_codex,36970284493,36983018628,2026-10-02T08:15:29Z,6,0,1254;968;1221;1340;961;1215;1220;1017,it,1340;1215;1220;1017,0,1,,1
dagq::it::throughput_review_codex::a_no_claude_supervisor_never_moves_a_failed_codex_review_to_claude,36970284493,36983018628,2026-10-02T08:15:29Z,6,0,1254;968;1221;1340;961;1215;1220;1017,it,1340;1215;1220;1017,0,1,,1
dagq::it::throughput_review_codex::a_no_claude_supervisor_runs_the_reviews_set_to_codex,36970284493,36983018628,2026-10-02T08:15:29Z,6,0,1254;968;1221;1340;961;1215;1220;1017,it,1340;1215;1220;1017,0,1,,1
dagq::it::lifecycle_plan::plan_closes_a_persons_planner_whose_agent_exited_past_the_grace,36983018628,37002494646,2026-10-02T11:42:36Z,8,0,1378;1368;1370;1255;1300;1161;1273;1333;969;1075;1272;1141;1274,it not in the table,,0,1,,1
dagq::it::planner_close::a_persons_planner_whose_workspace_does_not_close_stays_open,36983018628,37002494646,2026-10-02T11:42:36Z,8,0,1378;1368;1370;1255;1300;1161;1273;1333;969;1075;1272;1141;1274,it,1378;1370;1255;1300;1161;1273;1333;1075;1272;1141;1274,0,1,,1
dagq::it::planner_close::the_supervisor_closes_a_persons_planner_once_its_agent_exited_past_the_grace,36983018628,37002494646,2026-10-02T11:42:36Z,8,0,1378;1368;1370;1255;1300;1161;1273;1333;969;1075;1272;1141;1274,it,1378;1370;1255;1300;1161;1273;1333;1075;1272;1141;1274,0,1,,1
dagq::it::runtime_broker::a_disabled_answer_turn_gets_no_unmarked_tools,36983018628,37002494646,2026-10-02T11:42:36Z,8,0,1378;1368;1370;1255;1300;1161;1273;1333;969;1075;1272;1141;1274,it,1378;1370;1255;1300;1161;1273;1333;1075;1272;1141;1274,0,1,,1
dagq::it::runtime_broker::a_disabled_answer_turn_gets_no_unmarked_tools_and_token_file,36983018628,37002494646,2026-10-02T11:42:36Z,8,0,1378;1368;1370;1255;1300;1161;1273;1333;969;1075;1272;1141;1274,it,1378;1370;1255;1300;1161;1273;1333;1075;1272;1141;1274,0,1,,1
dagq::it::runtime_broker::a_disabled_supervisor_removes_an_unmarked_token_file_of_no_run,36983018628,37002494646,2026-10-02T11:42:36Z,8,0,1378;1368;1370;1255;1300;1161;1273;1333;969;1075;1272;1141;1274,it,1378;1370;1255;1300;1161;1273;1333;1075;1272;1141;1274,0,1,,1
dagq::it::runtime_handoff::a_handoff_before_the_resume_request_lets_the_next_supervisor_send_it,36983018628,37002494646,2026-10-02T11:42:36Z,8,0,1378;1368;1370;1255;1300;1161;1273;1333;969;1075;1272;1141;1274,it not in the table,,0,1,,1
dagq::it::runtime_review::a_session_idle_before_its_agent_is_registered_waits_for_the_agent_and_lands,36983018628,37002494646,2026-10-02T11:42:36Z,8,0,1378;1368;1370;1255;1300;1161;1273;1333;969;1075;1272;1141;1274,it not in the table,,0,1,,1
dagq::it::plan_review_concern::a_sure_ready_concern_is_applied_as_a_pass_with_its_actions_and_counted,37002494646,37018606081,2026-10-02T14:15:34Z,25,0,1372;1338;1316;1289;1317;1371;1369;1318,it,1372;1316;1289;1317;1371;1318,0,1,,1
dagq::it::plan_review_concern::a_sure_ready_with_an_action_that_does_not_hold_fails_as_a_pass_would,37002494646,37018606081,2026-10-02T14:15:34Z,25,0,1372;1338;1316;1289;1317;1371;1369;1318,it,1372;1316;1289;1317;1371;1318,0,1,,1
dagq::it::plan_review_concern::a_sure_send_back_is_a_revise_counted_toward_the_limit_then_a_person_decides,37002494646,37018606081,2026-10-02T14:15:34Z,25,0,1372;1338;1316;1289;1317;1371;1369;1318,it,1372;1316;1289;1317;1371;1318,0,1,,1
dagq::it::plan_review_concern::low_scope_discard_and_the_old_shape_wait_for_a_person_with_the_recommendation,37002494646,37018606081,2026-10-02T14:15:34Z,25,0,1372;1338;1316;1289;1317;1371;1369;1318,it,1372;1316;1289;1317;1371;1318,0,1,,1
dagq::it::runtime_cleanup::a_landing_waits_for_the_cleanup_of_its_build_outputs,37002494646,37018606081,2026-10-02T14:15:34Z,25,0,1372;1338;1316;1289;1317;1371;1369;1318,it,1372;1316;1289;1317;1371;1318,0,1,,1
dagq::it::runtime_cleanup::the_build_outputs_of_a_run_waiting_for_an_answer_go_on_the_sweep,37002494646,37018606081,2026-10-02T14:15:34Z,25,0,1372;1338;1316;1289;1317;1371;1369;1318,it,1372;1316;1289;1317;1371;1318,0,1,,1
dagq::it::runtime_cleanup::the_build_outputs_of_an_idle_run_go_only_for_disk_space,37002494646,37018606081,2026-10-02T14:15:34Z,25,0,1372;1338;1316;1289;1317;1371;1369;1318,it,1372;1316;1289;1317;1371;1318,0,1,,1
dagq::it::runtime_codex::no_claude_codex_review_concern_with_a_high_land_lands_it,37002494646,37018606081,2026-10-02T14:15:34Z,25,0,1372;1338;1316;1289;1317;1371;1369;1318,it not in the table,,0,1,,1
dagq::it::runtime_codex::no_claude_review_with_no_provider_asks_without_a_recommendation,37002494646,37018606081,2026-10-02T14:15:34Z,25,0,1372;1338;1316;1289;1317;1371;1369;1318,it not in the table,,0,1,,1
dagq::it::runtime_headless_reopen::a_notice_whose_send_failed_is_sent_again,37002494646,37018606081,2026-10-02T14:15:34Z,25,0,1372;1338;1316;1289;1317;1371;1369;1318,it not in the table,,0,1,,1
dagq::it::runtime_headless_reopen::a_question_closed_without_its_answer_is_told_as_the_next_turn,37002494646,37018606081,2026-10-02T14:15:34Z,25,0,1372;1338;1316;1289;1317;1371;1369;1318,it,1372;1316;1289;1317;1371;1318,0,1,,1
dagq::it::runtime_headless_reopen::a_session_lost_during_its_wait_is_opened_again_and_takes_the_answer,37002494646,37018606081,2026-10-02T14:15:34Z,25,0,1372;1338;1316;1289;1317;1371;1369;1318,it,1372;1316;1289;1317;1371;1318,0,1,,1
dagq::it::runtime_headless_reopen::a_session_lost_in_the_middle_of_a_turn_is_opened_again_once_the_turn_ended,37002494646,37018606081,2026-10-02T14:15:34Z,25,0,1372;1338;1316;1289;1317;1371;1369;1318,it,1372;1316;1289;1317;1371;1318,0,1,,1
dagq::it::runtime_headless_reopen::a_session_that_cannot_be_opened_again_goes_to_its_recovery_job,37002494646,37018606081,2026-10-02T14:15:34Z,25,0,1372;1338;1316;1289;1317;1371;1369;1318,it,1372;1316;1289;1317;1371;1318,0,1,,1
dagq::it::runtime_headless_reopen::a_turn_outliving_its_lost_wrapper_past_its_limit_goes_to_recovery,37002494646,37018606081,2026-10-02T14:15:34Z,25,0,1372;1338;1316;1289;1317;1371;1369;1318,it,1372;1316;1289;1317;1371;1318,0,1,,1
dagq::it::runtime_headless_reopen::an_interactive_session_is_told_of_its_closed_question_in_place_of_the_nudge,37002494646,37018606081,2026-10-02T14:15:34Z,25,0,1372;1338;1316;1289;1317;1371;1369;1318,it not in the table,,0,1,,1
dagq::it::runtime_review_concern::a_concern_without_a_recommendation_asks_as_before,37002494646,37018606081,2026-10-02T14:15:34Z,25,0,1372;1338;1316;1289;1317;1371;1369;1318,it not in the table,,0,1,,1
dagq::it::runtime_review_concern::a_failed_review_asks_without_a_recommendation,37002494646,37018606081,2026-10-02T14:15:34Z,25,0,1372;1338;1316;1289;1317;1371;1369;1318,it not in the table,,0,1,,1
dagq::it::runtime_review_concern::a_high_land_lands_the_run_without_an_ask,37002494646,37018606081,2026-10-02T14:15:34Z,25,0,1372;1338;1316;1289;1317;1371;1369;1318,it,1372;1316;1289;1317;1371;1318,0,1,,1
dagq::it::runtime_review_concern::a_high_land_of_a_run_that_needs_the_e2e_runs_it_before_landing,37002494646,37018606081,2026-10-02T14:15:34Z,25,0,1372;1338;1316;1289;1317;1371;1369;1318,it,1372;1316;1289;1317;1371;1318,0,1,,1
dagq::it::runtime_review_concern::a_high_send_back_revises_the_live_session,37002494646,37018606081,2026-10-02T14:15:34Z,25,0,1372;1338;1316;1289;1317;1371;1369;1318,it,1372;1316;1289;1317;1371;1318,0,1,,1
dagq::it::runtime_review_concern::a_low_scope_or_discard_concern_asks_a_person_with_the_recommendation,37002494646,37018606081,2026-10-02T14:15:34Z,25,0,1372;1338;1316;1289;1317;1371;1369;1318,it not in the table,,0,1,,1
dagq::it::runtime_review_concern::a_send_back_past_the_revise_limit_asks_a_person,37002494646,37018606081,2026-10-02T14:15:34Z,25,0,1372;1338;1316;1289;1317;1371;1369;1318,it not in the table,,0,1,,1
dagq::it::runtime_review_concern::an_adopter_decides_a_concern_left_by_a_dead_supervisor,37002494646,37018606081,2026-10-02T14:15:34Z,25,0,1372;1338;1316;1289;1317;1371;1369;1318,it,1372;1316;1289;1317;1371;1318,0,1,,1
dagq::it::runtime_review_concern::an_adopter_records_a_send_back_left_unrecorded_by_a_dead_supervisor,37002494646,37018606081,2026-10-02T14:15:34Z,25,0,1372;1338;1316;1289;1317;1371;1369;1318,it,1372;1316;1289;1317;1371;1318,0,1,,1
dagq::it::planner_screen_idle::a_runtime_planner_is_idle_only_once_its_agent_is_recorded,37018606081,37038503157,2026-10-02T17:06:50Z,6,0,1320;1265;1418;1401;1394;1407;1425;1404;1329;648;1389;1290,it,1320;1418;1425;1329;648;1389;1290,0,1,,1
dagq::it::runtime_cleanup::a_runs_tmp_dir_goes_only_once_its_task_is_over,37018606081,37038503157,2026-10-02T17:06:50Z,6,0,1320;1265;1418;1401;1394;1407;1425;1404;1329;648;1389;1290,it,1320;1418;1425;648;1389;1290,0,1,,1
dagq::it::runtime_cleanup::draining_finishes_disk_cleanup_before_deciding_a_landing,37018606081,37038503157,2026-10-02T17:06:50Z,6,0,1320;1265;1418;1401;1394;1407;1425;1404;1329;648;1389;1290,it,1320;1418;1425;648;1389;1290,0,1,,1
dagq::it::runtime_handoff::review_verdicts::reviews_still_running_at_the_exec_are_stopped_and_run_again,37018606081,37038503157,2026-10-02T17:06:50Z,6,0,1320;1265;1418;1401;1394;1407;1425;1404;1329;648;1389;1290,it,1320;1418;1425;1329;648;1389;1290,0,1,,1
dagq::it::runtime_handoff::review_verdicts::reviews_that_end_while_a_handoff_waits_are_applied_in_the_wait,37018606081,37038503157,2026-10-02T17:06:50Z,6,0,1320;1265;1418;1401;1394;1407;1425;1404;1329;648;1389;1290,it,1320;1418;1425;1329;648;1389;1290,0,1,,1
dagq::it::runtime_handoff::review_verdicts::reviews_that_ended_before_the_exec_are_applied_not_run_again,37018606081,37038503157,2026-10-02T17:06:50Z,6,0,1320;1265;1418;1401;1394;1407;1425;1404;1329;648;1389;1290,it,1320;1418;1425;1329;648;1389;1290,0,1,,1
dagq::it::review_subagents::a_codex_review_with_required_agents_starts_on_claude,37038503157,37057161905,2026-10-02T19:54:35Z,22,0,1415;1455;1246;1416;1456;1454;1413;1412;1453;627;724;1414;1337,it not in the table,,0,1,,1
dagq::it::review_subagents::a_definition_in_the_index_only_is_not_in_the_tree,37038503157,37057161905,2026-10-02T19:54:35Z,22,0,1415;1455;1246;1416;1456;1454;1413;1412;1453;627;724;1414;1337,it,1415;1455;1416;1454;1413;1412;1414,0,1,,1
dagq::it::review_subagents::a_pass_lacking_an_agents_completed_result_does_not_land,37038503157,37057161905,2026-10-02T19:54:35Z,22,0,1415;1455;1246;1416;1456;1454;1413;1412;1453;627;724;1414;1337,it not in the table,,0,1,,1
dagq::it::review_subagents::a_pass_with_every_agents_completed_result_lands,37038503157,37057161905,2026-10-02T19:54:35Z,22,0,1415;1455;1246;1416;1456;1454;1413;1412;1453;627;724;1414;1337,it,1415;1455;1416;1454;1413;1412;1414,0,1,,1
dagq::it::review_subagents::a_review_that_cannot_run_or_finish_its_agents_does_not_land,37038503157,37057161905,2026-10-02T19:54:35Z,22,0,1415;1455;1246;1416;1456;1454;1413;1412;1453;627;724;1414;1337,it not in the table,,0,1,,1
dagq::it::review_subagents::a_review_without_required_agents_is_unchanged,37038503157,37057161905,2026-10-02T19:54:35Z,22,0,1415;1455;1246;1416;1456;1454;1413;1412;1453;627;724;1414;1337,it,1415;1455;1416;1454;1413;1412;1414,0,1,,1
dagq::it::review_subagents::a_selected_agent_without_its_definition_fails_the_review,37038503157,37057161905,2026-10-02T19:54:35Z,22,0,1415;1455;1246;1416;1456;1454;1413;1412;1453;627;724;1414;1337,it,1415;1455;1416;1454;1413;1412;1414,0,1,,1
dagq::it::review_subagents::an_agents_concern_a_person_decides_under_a_pass_asks_a_person,37038503157,37057161905,2026-10-02T19:54:35Z,22,0,1415;1455;1246;1416;1456;1454;1413;1412;1453;627;724;1414;1337,it not in the table,,0,1,,1
dagq::it::review_subagents::an_agents_revise_under_a_pass_sends_the_run_back,37038503157,37057161905,2026-10-02T19:54:35Z,22,0,1415;1455;1246;1416;1456;1454;1413;1412;1453;627;724;1414;1337,it not in the table,,0,1,,1
dagq::it::review_subagents::an_agents_scope_concern_under_a_landing_concern_asks_a_person,37038503157,37057161905,2026-10-02T19:54:35Z,22,0,1415;1455;1246;1416;1456;1454;1413;1412;1453;627;724;1414;1337,it,1415;1455;1416;1454;1413;1412;1414,0,1,,1
dagq::it::review_subagents::an_agents_send_back_under_a_pass_sends_the_run_back,37038503157,37057161905,2026-10-02T19:54:35Z,22,0,1415;1455;1246;1416;1456;1454;1413;1412;1453;627;724;1414;1337,it,1415;1455;1416;1454;1413;1412;1414,0,1,,1
dagq::it::review_subagents::an_unparsable_committed_config_fails_the_review,37038503157,37057161905,2026-10-02T19:54:35Z,22,0,1415;1455;1246;1416;1456;1454;1413;1412;1453;627;724;1414;1337,it not in the table,,0,1,,1
dagq::it::review_subagents::the_material_shows_the_range_its_agents_were_selected_from,37038503157,37057161905,2026-10-02T19:54:35Z,22,0,1415;1455;1246;1416;1456;1454;1413;1412;1453;627;724;1414;1337,it,1415;1455;1416;1454;1413;1412;1414,0,1,,1
dagq::it::review_subagents::the_old_path_of_a_rename_and_a_deleted_path_select_an_agent,37038503157,37057161905,2026-10-02T19:54:35Z,22,0,1415;1455;1246;1416;1456;1454;1413;1412;1453;627;724;1414;1337,it,1415;1455;1416;1454;1413;1412;1414,0,1,,1
dagq::it::review_subagents::the_worker_cannot_change_or_drop_its_required_review,37038503157,37057161905,2026-10-02T19:54:35Z,22,0,1415;1455;1246;1416;1456;1454;1413;1412;1453;627;724;1414;1337,it,1415;1455;1416;1454;1413;1412;1414,0,1,,1
dagq::it::review_subagents::uncommitted_main_checkout_edits_are_not_used,37038503157,37057161905,2026-10-02T19:54:35Z,22,0,1415;1455;1246;1416;1456;1454;1413;1412;1453;627;724;1414;1337,it,1415;1455;1416;1454;1413;1412;1414,0,1,,1
dagq::it::runtime_integrate::the_landing_is_pushed_to_the_remote_dagq_toml_names,37038503157,37057161905,2026-10-02T19:54:35Z,22,0,1415;1455;1246;1416;1456;1454;1413;1412;1453;627;724;1414;1337,it,1415;1455;1416;1454;1413;1412;1414,0,1,,1
dagq::it::runtime_resume::a_run_whose_conflict_only_resumes_are_used_up_is_retried_with_its_branch,37038503157,37057161905,2026-10-02T19:54:35Z,22,0,1415;1455;1246;1416;1456;1454;1413;1412;1453;627;724;1414;1337,it,1415;1455;1416;1454;1413;1412;1414,0,1,,1
dagq::it::runtime_review::integrate_by_hand_closes_the_landing_and_blocked_asks_of_the_run,37038503157,37057161905,2026-10-02T19:54:35Z,22,0,1415;1455;1246;1416;1456;1454;1413;1412;1453;627;724;1414;1337,it,1415;1455;1416;1454;1413;1412;1414,0,1,,1
dagq::it::runtime_review_concern::a_discard_concern_asks_a_person_with_the_recommendation,37038503157,37057161905,2026-10-02T19:54:35Z,22,0,1415;1455;1246;1416;1456;1454;1413;1412;1453;627;724;1414;1337,it,1415;1455;1416;1454;1413;1412;1414,0,1,,1
dagq::it::runtime_review_concern::an_adopter_asks_with_the_reasons_of_the_subagent_that_sent_the_run_back,37038503157,37057161905,2026-10-02T19:54:35Z,22,0,1415;1455;1246;1416;1456;1454;1413;1412;1453;627;724;1414;1337,it,1415;1455;1416;1454;1413;1412;1414,0,1,,1
dagq::it::runtime_triage::a_wait_runs_the_job_again_and_a_low_confidence_repair_is_asked,37038503157,37057161905,2026-10-02T19:54:35Z,22,0,1415;1455;1246;1416;1456;1454;1413;1412;1453;627;724;1414;1337,it,1415;1455;1416;1454;1413;1412;1414,0,1,,1
dagq::infrastructure::adapters::tests::worktree_status_does_not_write_back_the_index,37057161905,37073568797,2026-10-02T22:38:29Z,9,0,1284;630;1323;1288;1426;1151;1335;1286;1392;1277;1466;1391,unit (always run),,0,1,,1
dagq::it::runtime_cleanup::a_skipped_resume_waits_for_the_cleanup_of_its_build_outputs,37057161905,37073568797,2026-10-02T22:38:29Z,9,0,1284;630;1323;1288;1426;1151;1335;1286;1392;1277;1466;1391,it,1323;1426;1151;1286;1392;1277;1391,0,1,,1
dagq::it::runtime_cleanup::draining_runs_the_rest_of_a_cleanup_for_room_before_deciding_a_landing,37057161905,37073568797,2026-10-02T22:38:29Z,9,0,1284;630;1323;1288;1426;1151;1335;1286;1392;1277;1466;1391,it,1323;1426;1151;1286;1392;1277;1391,0,1,,1
dagq::it::runtime_cleanup::the_rest_of_a_cleanup_for_room_clears_and_counts_the_idle_runs,37057161905,37073568797,2026-10-02T22:38:29Z,9,0,1284;630;1323;1288;1426;1151;1335;1286;1392;1277;1466;1391,it not in the table,,0,1,,1
dagq::it::runtime_handoff::a_handoff_does_not_wait_for_a_supervisor_that_drains_for_a_stop,37057161905,37073568797,2026-10-02T22:38:29Z,9,0,1284;630;1323;1288;1426;1151;1335;1286;1392;1277;1466;1391,it,1323;1426;1151;1335;1286;1392;1277,0,1,,1
dagq::it::runtime_handoff::a_handoff_replaced_at_the_take_execs_the_new_binary_without_a_claim,37057161905,37073568797,2026-10-02T22:38:29Z,9,0,1284;630;1323;1288;1426;1151;1335;1286;1392;1277;1466;1391,it,1323;1426;1151;1335;1286;1392;1277,0,1,,1
dagq::it::runtime_handoff::a_handoff_replaced_while_draining_execs_the_new_binary_without_a_claim,37057161905,37073568797,2026-10-02T22:38:29Z,9,0,1284;630;1323;1288;1426;1151;1335;1286;1392;1277;1466;1391,it,1323;1426;1151;1335;1286;1392;1277,0,1,,1
dagq::it::runtime_review_concern::an_adopter_asks_as_the_concern_when_the_session_does_not_fix_its_send_back,37057161905,37073568797,2026-10-02T22:38:29Z,9,0,1284;630;1323;1288;1426;1151;1335;1286;1392;1277;1466;1391,it not in the table,,0,1,,1
dagq::it::runtime_review_concern::an_applied_send_back_the_session_did_not_fix_asks_as_the_concern,37057161905,37073568797,2026-10-02T22:38:29Z,9,0,1284;630;1323;1288;1426;1151;1335;1286;1392;1277;1466;1391,it,1323;1426;1151;1286;1392;1277,0,1,,1
dagq::it::runtime_background::a_background_headless_run_lands_without_a_workspace,37073568797,37088913376,2026-10-03T02:11:20Z,24,0,1459;1423;1430;1405;1457;1428;1421;1516;1420;1319;1310;1458;1334,it,1405;1428;1420;1319;1310;1334,0,1,92967ea70729,1
dagq::it::runtime_background::a_background_session_takes_a_revise,37073568797,37088913376,2026-10-03T02:11:20Z,24,0,1459;1423;1430;1405;1457;1428;1421;1516;1420;1319;1310;1458;1334,it,1405;1428;1420;1319;1310;1334,0,1,92967ea70729,1
dagq::it::runtime_background::a_background_session_takes_the_answer_of_its_question,37073568797,37088913376,2026-10-03T02:11:20Z,24,0,1459;1423;1430;1405;1457;1428;1421;1516;1420;1319;1310;1458;1334,it,1405;1428;1420;1319;1310;1334,0,1,92967ea70729,1
dagq::it::runtime_background::a_new_supervisor_adopts_a_background_session,37073568797,37088913376,2026-10-03T02:11:20Z,24,0,1459;1423;1430;1405;1457;1428;1421;1516;1420;1319;1310;1458;1334,it,1405;1428;1420;1319;1310;1334,0,1,92967ea70729,1
dagq::it::runtime_background::a_parked_background_run_is_resumed_in_the_background,37073568797,37088913376,2026-10-03T02:11:20Z,24,0,1459;1423;1430;1405;1457;1428;1421;1516;1420;1319;1310;1458;1334,it,1405;1428;1420;1319;1310;1334,0,1,92967ea70729,1
dagq::it::runtime_background::a_turn_left_by_a_killed_background_wrapper_is_stopped_and_a_resumed_wrapper_registers,37073568797,37088913376,2026-10-03T02:11:20Z,24,0,1459;1423;1430;1405;1457;1428;1421;1516;1420;1319;1310;1458;1334,it,1405;1428;1420;1319;1310;1334,0,1,92967ea70729,1
dagq::it::runtime_background::a_workspace_wrapper_still_waits_for_its_workspace,37073568797,37088913376,2026-10-03T02:11:20Z,24,0,1459;1423;1430;1405;1457;1428;1421;1516;1420;1319;1310;1458;1334,it not in the table,,0,1,92967ea70729,1
dagq::it::runtime_background::a_wrapper_without_a_terminal_or_workspace_registers_once_its_start_is_recorded,37073568797,37088913376,2026-10-03T02:11:20Z,24,0,1459;1423;1430;1405;1457;1428;1421;1516;1420;1319;1310;1458;1334,it,1405;1428;1420;1319;1310;1334,0,1,92967ea70729,1
dagq::it::runtime_background::close_workspaces_refuses_a_live_workspace_session_with_a_background_sessions_pids,37073568797,37088913376,2026-10-03T02:11:20Z,24,0,1459;1423;1430;1405;1457;1428;1421;1516;1420;1319;1310;1458;1334,it not in the table,,0,1,92967ea70729,1
dagq::it::runtime_background::close_workspaces_stops_a_background_session_while_cmux_cannot_list_the_workspaces,37073568797,37088913376,2026-10-03T02:11:20Z,24,0,1459;1423;1430;1405;1457;1428;1421;1516;1420;1319;1310;1458;1334,it not in the table,,0,1,92967ea70729,1
dagq::it::runtime_background::close_workspaces_stops_the_turn_a_killed_background_wrapper_left,37073568797,37088913376,2026-10-03T02:11:20Z,24,0,1459;1423;1430;1405;1457;1428;1421;1516;1420;1319;1310;1458;1334,it not in the table,,0,1,92967ea70729,1
dagq::it::runtime_background_process::a_canceled_landing_leaves_nothing_of_the_background_session,37073568797,37088913376,2026-10-03T02:11:20Z,24,0,1459;1423;1430;1405;1457;1428;1421;1516;1420;1319;1310;1458;1334,it,1405;1428;1420;1319;1310;1334,0,1,92967ea70729,1
dagq::it::runtime_background_process::a_detached_wrapper_and_its_turn_outlive_a_killed_supervisor,37073568797,37088913376,2026-10-03T02:11:20Z,24,0,1459;1423;1430;1405;1457;1428;1421;1516;1420;1319;1310;1458;1334,it,1405;1428;1420;1319;1310;1334,0,1,92967ea70729,1
dagq::it::runtime_background_process::a_stop_answer_stops_the_background_session,37073568797,37088913376,2026-10-03T02:11:20Z,24,0,1459;1423;1430;1405;1457;1428;1421;1516;1420;1319;1310;1458;1334,it,1405;1428;1420;1319;1310;1334,0,1,92967ea70729,1
dagq::it::runtime_background_process::stop_processes_stops_a_background_sessions_orphan,37073568797,37088913376,2026-10-03T02:11:20Z,24,0,1459;1423;1430;1405;1457;1428;1421;1516;1420;1319;1310;1458;1334,it,1405;1428;1420;1319;1310;1334,0,1,92967ea70729,1
dagq::it::runtime_background_process::the_sweep_stops_an_ended_background_session_while_cmux_cannot_list,37073568797,37088913376,2026-10-03T02:11:20Z,24,0,1459;1423;1430;1405;1457;1428;1421;1516;1420;1319;1310;1458;1334,it,1405;1428;1420;1319;1310;1334,0,1,92967ea70729,1
dagq::it::runtime_recheck::a_direct_integrate_rechecks_the_waiting_runs_on_the_next_pass,37073568797,37088913376,2026-10-03T02:11:20Z,24,0,1459;1423;1430;1405;1457;1428;1421;1516;1420;1319;1310;1458;1334,it,1405;1428;1420;1319;1310;1334,0,1,92967ea70729,1
dagq::it::runtime_recheck::a_due_recheck_names_the_landing_main_is_at_when_it_starts,37073568797,37088913376,2026-10-03T02:11:20Z,24,0,1459;1423;1430;1405;1457;1428;1421;1516;1420;1319;1310;1458;1334,it,1405;1428;1420;1319;1310;1334,0,1,92967ea70729,1
dagq::it::runtime_recheck::a_main_already_rechecked_is_not_rechecked_again,37073568797,37088913376,2026-10-03T02:11:20Z,24,0,1459;1423;1430;1405;1457;1428;1421;1516;1420;1319;1310;1458;1334,it,1405;1428;1420;1319;1310;1334,0,1,92967ea70729,1
dagq::it::runtime_recheck::a_new_supervisor_rechecks_against_a_main_that_moved_before_it_started,37073568797,37088913376,2026-10-03T02:11:20Z,24,0,1459;1423;1430;1405;1457;1428;1421;1516;1420;1319;1310;1458;1334,it,1405;1428;1420;1319;1310;1334,0,1,92967ea70729,1
dagq::it::runtime_recheck::a_run_that_starts_waiting_after_main_moved_is_rechecked_by_the_same_supervisor,37073568797,37088913376,2026-10-03T02:11:20Z,24,0,1459;1423;1430;1405;1457;1428;1421;1516;1420;1319;1310;1458;1334,it,1405;1428;1420;1319;1310;1334,0,1,92967ea70729,1
dagq::it::runtime_recheck::another_live_supervisor_does_not_keep_a_moved_main_from_being_rechecked,37073568797,37088913376,2026-10-03T02:11:20Z,24,0,1459;1423;1430;1405;1457;1428;1421;1516;1420;1319;1310;1458;1334,it,1405;1428;1420;1319;1310;1334,0,1,92967ea70729,1
dagq::it::runtime_recheck::another_supervisors_recheck_of_main_leaves_the_runs_this_one_holds_to_check,37073568797,37088913376,2026-10-03T02:11:20Z,24,0,1459;1423;1430;1405;1457;1428;1421;1516;1420;1319;1310;1458;1334,it not in the table,,0,1,92967ea70729,1
dagq::it::runtime_recheck::no_recheck_starts_while_another_supervisor_holds_the_recheck_lock,37073568797,37088913376,2026-10-03T02:11:20Z,24,0,1459;1423;1430;1405;1457;1428;1421;1516;1420;1319;1310;1458;1334,it,1405;1428;1420;1319;1310;1334,0,1,92967ea70729,1
dagq::it::planner_headless::a_headless_draft_planner_takes_the_answer_of_its_question_as_its_next_turn,37088913376,37098513544,2026-10-03T05:02:15Z,11,0,1450;793;1460;1395;1429;1433;1396;1503,it,1450;793;1395;1429;1396,0,1,,1
dagq::it::planner_headless::a_headless_planner_opened_for_a_revise_runs_its_prompt_as_a_turn_and_ends_on_the_exit_request,37088913376,37098513544,2026-10-03T05:02:15Z,11,0,1450;793;1460;1395;1429;1433;1396;1503,it,1450;793;1395;1429;1396,0,1,,1
dagq::it::planner_headless::a_headless_request_planner_takes_the_answer_as_its_next_turn_and_declines,37088913376,37098513544,2026-10-03T05:02:15Z,11,0,1450;793;1460;1395;1429;1433;1396;1503,it,1450;793;1395;1429;1396,0,1,,1
dagq::it::planner_headless::the_turn_a_killed_background_planner_wrapper_left_is_stopped_as_the_planner_closes,37088913376,37098513544,2026-10-03T05:02:15Z,11,0,1450;793;1460;1395;1429;1433;1396;1503,it,1450;793;1395;1429;1396,0,1,,1
dagq::it::planner_headless::without_the_route_or_with_interactive_the_runtimes_planner_opens_a_workspace,37088913376,37098513544,2026-10-03T05:02:15Z,11,0,1450;793;1460;1395;1429;1433;1396;1503,it,1450;793;1395;1429;1396,0,1,,1
dagq::it::request_planner::a_planner_question_about_a_request_reaches_its_planner_or_a_new_one_and_three_exhaust_it,37088913376,37098513544,2026-10-03T05:02:15Z,11,0,1450;793;1460;1395;1429;1433;1396;1503,it,1450;793;1395;1429;1396,0,1,,1
dagq::it::request_planner::a_request_the_inbox_records_gets_one_planner_whose_submission_proposes_it,37088913376,37098513544,2026-10-03T05:02:15Z,11,0,1450;793;1460;1395;1429;1433;1396;1503,it,1450;793;1395;1429;1396,0,1,,1
dagq::it::request_planner::an_ask_or_an_event_alone_leads_the_prompt_to_its_goal,37088913376,37098513544,2026-10-03T05:02:15Z,11,0,1450;793;1460;1395;1429;1433;1396;1503,it,1450;793;1395;1429;1396,0,1,,1
dagq::it::request_planner::only_the_requests_own_planner_declines_it_and_the_inbox_is_told,37088913376,37098513544,2026-10-03T05:02:15Z,11,0,1450;793;1460;1395;1429;1433;1396;1503,it,1450;793;1395;1429;1396,0,1,,1
dagq::it::request_planner::questions_about_two_requests_stay_apart_and_a_closed_answer_opens_no_planner,37088913376,37098513544,2026-10-03T05:02:15Z,11,0,1450;793;1460;1395;1429;1433;1396;1503,it,1450;793;1395;1429;1396,0,1,,1
dagq::it::request_planner::requests_share_the_limit_of_the_runtimes_planners_and_come_first,37088913376,37098513544,2026-10-03T05:02:15Z,11,0,1450;793;1460;1395;1429;1433;1396;1503,it,1450;793;1395;1429;1396,0,1,,1
dagq::infrastructure::adapters::tests::worktree_status_does_not_write_back_the_index,37098513544,37109712351,2026-10-03T08:26:35Z,8,0,1436;1399;1567;1561;1566;1470,unit (always run),,0,1,,1
dagq::it::landing_branch::up_checks_the_landing_branch_on_master,37098513544,37109712351,2026-10-03T08:26:35Z,8,0,1436;1399;1567;1561;1566;1470,it,1399;1567;1561;1470,0,1,,1
dagq::it::lifecycle_plan::a_persons_planner_whose_agent_exited_past_the_grace_is_closed,37098513544,37109712351,2026-10-03T08:26:35Z,8,0,1436;1399;1567;1561;1566;1470,it,1399;1567;1561;1470,0,1,,1
dagq::it::lifecycle_plan::a_planner_whose_workspace_did_not_open_leaves_a_closed_record,37098513544,37109712351,2026-10-03T08:26:35Z,8,0,1436;1399;1567;1561;1566;1470,it,1399;1567;1561;1470,0,1,,1
dagq::it::lifecycle_plan::each_planner_opens_a_workspace_of_its_own_and_is_recorded,37098513544,37109712351,2026-10-03T08:26:35Z,8,0,1436;1399;1567;1561;1566;1470,it,1399;1567;1561;1470,0,1,,1
dagq::it::lifecycle_plan::the_records_of_planners_whose_workspace_and_wrapper_are_gone_are_closed,37098513544,37109712351,2026-10-03T08:26:35Z,8,0,1436;1399;1567;1561;1566;1470,it,1399;1567;1561;1470,0,1,,1
dagq::it::plan_review_prompt_bytes::a_failed_plan_review_records_its_prompts_bytes,37098513544,37109712351,2026-10-03T08:26:35Z,8,0,1436;1399;1567;1561;1566;1470,it,1399;1567;1561;1470,0,1,,1
dagq::it::plan_review_prompt_bytes::a_plan_review_records_its_prompts_bytes_when_it_ends,37098513544,37109712351,2026-10-03T08:26:35Z,8,0,1436;1399;1567;1561;1566;1470,it,1399;1567;1561;1470,0,1,,1
dagq::it::plan_review_launch::a_job_past_the_argument_limit_fails_alone_and_holds_no_provider,37112989516,37128450407,2026-10-03T14:05:58Z,11,0,1364;1397;1560;1398;1417;1410,it,1364;1397;1560;1398,0,1,,1
dagq::it::plan_review_launch::a_missing_executable_still_holds_its_provider,37112989516,37128450407,2026-10-03T14:05:58Z,11,0,1364;1397;1560;1398;1417;1410,it,1364;1397;1560;1398,0,1,,1
dagq::it::planner_headless_stats::a_headless_planners_session_and_route_are_read_by_stats_and_kpi,37112989516,37128450407,2026-10-03T14:05:58Z,11,0,1364;1397;1560;1398;1417;1410,it,1364;1397;1560;1398,0,1,,1
dagq::it::planner_headless_turns::a_headless_finding_planner_takes_the_answer_as_its_next_turn_and_closes_with_its_finding,37112989516,37128450407,2026-10-03T14:05:58Z,11,0,1364;1397;1560;1398;1417;1410,it not in the table,,0,1,,1
dagq::it::planner_headless_turns::a_headless_planner_at_a_login_failure_waits_in_the_hold_and_goes_on,37112989516,37128450407,2026-10-03T14:05:58Z,11,0,1364;1397;1560;1398;1417;1410,it not in the table,,0,1,,1
dagq::it::planner_headless_turns::a_headless_planner_at_the_usage_limit_waits_in_the_hold_and_makes_the_same_call_again,37112989516,37128450407,2026-10-03T14:05:58Z,11,0,1364;1397;1560;1398;1417;1410,it not in the table,,0,1,,1
dagq::it::planner_headless_turns::a_headless_planners_turn_stopped_at_its_limit_tells_the_inbox_and_the_planner_closes,37112989516,37128450407,2026-10-03T14:05:58Z,11,0,1364;1397;1560;1398;1417;1410,it,1364;1397;1560;1398,0,1,,1
dagq::it::planner_headless_turns::a_headless_request_planners_answer_reaches_a_new_one_and_undecided_ends_exhaust_the_request,37112989516,37128450407,2026-10-03T14:05:58Z,11,0,1364;1397;1560;1398;1417;1410,it not in the table,,0,1,,1
dagq::it::planner_headless_turns::a_headless_request_planners_submission_proposes_the_request_and_its_end_closes_it,37112989516,37128450407,2026-10-03T14:05:58Z,11,0,1364;1397;1560;1398;1417;1410,it,1364;1397;1560;1398,0,1,,1
dagq::it::planner_headless_turns::a_live_headless_planner_takes_the_next_revise_of_its_proposal_as_its_next_turn,37112989516,37128450407,2026-10-03T14:05:58Z,11,0,1364;1397;1560;1398;1417;1410,it,1364;1397;1560;1398,0,1,,1
dagq::it::planner_headless_turns::the_sweep_tells_of_a_headless_planners_turn_stopped_at_its_limit_as_it_closes_it,37112989516,37128450407,2026-10-03T14:05:58Z,11,0,1364;1397;1560;1398;1417;1410,it,1364;1397;1560;1398,0,1,,1
dagq::it::lifecycle_replace::up_no_wait_refuses_while_a_replaced_supervisor_leases_a_run_at_any_stage,37128450407,37141852457,2026-10-03T17:48:18Z,4,0,1247;1345;1461;1518;1587;1588;1232;1586;1582;1589;1581;1533;1435,it,1247;1518;1587;1588;1232;1586;1589;1581;1533;1435,0,1,,1
dagq::it::lifecycle_up::up_opens_the_inbox_with_the_cmux_guardrail_and_status_shows_whether_it_has_it,37128450407,37141852457,2026-10-03T17:48:18Z,4,0,1247;1345;1461;1518;1587;1588;1232;1586;1582;1589;1581;1533;1435,it,1247;1518;1587;1588;1232;1586;1589;1581;1533;1435,0,1,,1
dagq::it::runtime_cleanup::a_worktree_with_a_broken_git_goes_as_a_directory_once_its_task_is_over,37128450407,37141852457,2026-10-03T17:48:18Z,4,0,1247;1345;1461;1518;1587;1588;1232;1586;1582;1589;1581;1533;1435,it,1247;1518;1587;1588;1232;1586;1589;1581;1533;1435,0,1,,1
dagq::it::runtime_headless_stall::a_failed_or_unsure_recovery_job_of_a_headless_stall_asks_a_person,37128450407,37141852457,2026-10-03T17:48:18Z,4,0,1247;1345;1461;1518;1587;1588;1232;1586;1582;1589;1581;1533;1435,it,1247;1518;1587;1588;1232;1586;1589;1581;1533;1435,0,1,,1
dagq::infrastructure::adapters::tests::worktree_status_does_not_write_back_the_index,37141852457,37153165600,2026-10-03T20:53:42Z,5,0,1193;1479;251;1427;1545;1579;1519;1424;1402;1531;1500;1269,unit (always run),,0,1,,0
dagq::it::runtime_claim_spacing::a_resident_supervisor_waits_for_the_spacing_and_status_shows_it,37141852457,37153165600,2026-10-03T20:53:42Z,5,0,1193;1479;251;1427;1545;1579;1519;1424;1402;1531;1500;1269,it,1193;1479;251;1427;1579;1424;1500,0,1,,1
dagq::it::runtime_claim_spacing::no_load_hold_or_no_spacing_fills_the_free_slots_in_one_pass,37141852457,37153165600,2026-10-03T20:53:42Z,5,0,1193;1479;251;1427;1545;1579;1519;1424;1402;1531;1500;1269,it,1193;1479;251;1427;1579;1424;1500,0,1,,1
dagq::it::runtime_claim_spacing::one_claim_per_pass_spaced_from_the_queues_latest_claim,37141852457,37153165600,2026-10-03T20:53:42Z,5,0,1193;1479;251;1427;1545;1579;1519;1424;1402;1531;1500;1269,it,1193;1479;251;1427;1579;1424;1500,0,1,,1
dagq::it::runtime_cleanup::a_withdrawn_handoff_resumes_the_cleanup,37141852457,37153165600,2026-10-03T20:53:42Z,5,0,1193;1479;251;1427;1545;1579;1519;1424;1402;1531;1500;1269,it,1193;1479;251;1427;1579;1424;1500,0,1,,1
dagq::it::runtime_claim_defer::a_run_waiting_for_its_owner_past_the_grace_lets_the_deferred_task_go,37153165600,37163887261,2026-10-04T00:06:19Z,7,0,1462;1546;1482;1400;1484;1580;1328;775;1478;1188;774,it,1482;1484;1580;1328;775;1478;1188;774,0,1,,1
dagq::it::runtime_claim_defer::an_invalid_conflicts_table_at_the_start_is_warned_of_once,37153165600,37163887261,2026-10-04T00:06:19Z,7,0,1462;1546;1482;1400;1484;1580;1328;775;1478;1188;774,it,1482;1484;1580;1328;775;1478;1188;774,0,1,,1
dagq::it::runtime_claim_defer::transient_conflicts_tables_are_ignored_and_stable_changes_are_confirmed,37153165600,37163887261,2026-10-04T00:06:19Z,7,0,1462;1546;1482;1400;1484;1580;1328;775;1478;1188;774,it,1482;1484;1580;1328;775;1478;1188;774,0,1,,1
dagq::it::runtime_claim_defer::values_started_with_are_recorded_against_the_latest_change,37153165600,37163887261,2026-10-04T00:06:19Z,7,0,1462;1546;1482;1400;1484;1580;1328;775;1478;1188;774,it,1482;1484;1580;1328;775;1478;1188;774,0,1,,1
dagq::it::runtime_cleanup::a_drain_on_a_provisioning_failure_runs_the_rest_of_a_cleanup_for_room_before_deciding_a_landing,37153165600,37163887261,2026-10-04T00:06:19Z,7,0,1462;1546;1482;1400;1484;1580;1328;775;1478;1188;774,it,1482;1484;1580;1328;775;1478;1188;774,0,1,,1
dagq::it::runtime_cleanup::the_rest_of_a_cleanup_for_room_holds_and_asks_nothing_until_it_is_done,37153165600,37163887261,2026-10-04T00:06:19Z,7,0,1462;1546;1482;1400;1484;1580;1328;775;1478;1188;774,it,1482;1484;1580;1328;775;1478;1188;774,0,1,,1
dagq::it::runtime_headless::a_receipt_written_as_its_turn_ends_is_not_nudged,37153165600,37163887261,2026-10-04T00:06:19Z,7,0,1462;1546;1482;1400;1484;1580;1328;775;1478;1188;774,it,1482;1484;1580;1328;775;1478;1188;774,0,1,,1
dagq::it::background_logs::a_background_runs_log_is_followed_and_read_after_it_ended,37163887261,37173079262,2026-10-04T03:06:06Z,5,0,1520;1549;1406;1504;1339;1467;1539;1361;1463;655,it,1520;1549;1406;1339;1539;1361;655,0,1,,1
dagq::it::background_logs::a_closed_background_planners_log_is_read_by_its_id,37163887261,37173079262,2026-10-04T03:06:06Z,5,0,1520;1549;1406;1504;1339;1467;1539;1361;1463;655,it,1520;1549;1406;1339;1539;1361;655,0,1,,1
dagq::it::runtime_adopt::a_supervisor_takes_back_a_run_it_lost_only_after_dropping_its_slot,37163887261,37173079262,2026-10-04T03:06:06Z,5,0,1520;1549;1406;1504;1339;1467;1539;1361;1463;655,it,1520;1549;1406;1339;1539;1361;655,0,1,,1
dagq::it::runtime_resume::a_resume_whose_lease_moved_is_resumed_again_only_after_its_slot_is_dropped,37163887261,37173079262,2026-10-04T03:06:06Z,5,0,1520;1549;1406;1504;1339;1467;1539;1361;1463;655,it,1520;1549;1406;1339;1539;1361;655,0,1,,1
dagq::it::runtime_triage::a_triage_whose_lease_moved_is_triaged_again_only_after_its_slot_is_dropped,37163887261,37173079262,2026-10-04T03:06:06Z,5,0,1520;1549;1406;1504;1339;1467;1539;1361;1463;655,it,1520;1549;1406;1339;1539;1361;655,0,1,,1
dagq::infrastructure::adapters::tests::worktree_status_does_not_write_back_the_index,37173079262,37182552918,2026-10-04T06:21:10Z,2,0,1509;1508;1506;1658;1507;1583;1408;1505;1639;1189,unit (always run),,0,1,,0
dagq::it::goal_review::the_supervisor_applies_a_reopen_answer_to_a_correction,37173079262,37182552918,2026-10-04T06:21:10Z,2,0,1509;1508;1506;1658;1507;1583;1408;1505;1639;1189,it,1509;1508;1506;1507;1583;1505;1189,0,1,,1
dagq::it::runtime_light_slots::a_parked_run_waits_for_a_normal_slot_while_the_landing_queue_fills_it,37182552918,37192700853,2026-10-04T09:36:31Z,2,0,1485;1649;1591;1631;1548;1572;1571,it,1649;1591;1631;1548;1572;1571,0,1,,1
dagq::it::runtime_light_slots::the_landing_queue_leaves_room_for_light_tasks_only,37182552918,37192700853,2026-10-04T09:36:31Z,2,0,1485;1649;1591;1631;1548;1572;1571,it,1649;1591;1631;1548;1572;1571,0,1,,1
dagq::infrastructure::adapters::tests::worktree_status_does_not_write_back_the_index,37192700853,37203119114,2026-10-04T12:44:01Z,3,0,1706;1662;1615;1627;1584;1510;1468;1547;1486;1381;1687;1608;1607;1487;1570;1373;1354,unit (always run),,0,1,,0
dagq::it::runtime_cleanup::the_pass_after_a_long_cleanup_for_room_asks_and_holds,37192700853,37203119114,2026-10-04T12:44:01Z,3,0,1706;1662;1615;1627;1584;1510;1468;1547;1486;1381;1687;1608;1607;1487;1570;1373;1354,it,1615;1627;1570;1373;1354,0,1,,1
dagq::it::runtime_codex_work::a_codex_workers_commands_are_its_spans_work_and_worktime_lines,37192700853,37203119114,2026-10-04T12:44:01Z,3,0,1706;1662;1615;1627;1584;1510;1468;1547;1486;1381;1687;1608;1607;1487;1570;1373;1354,it,1615;1627;1584;1570;1373;1354,0,1,,1
dagq::it::goal_review::a_goal_review_records_its_launch_and_session,37203119114,37214113562,2026-10-04T15:44:09Z,31,0,1512;1707;1683;1712;1437;1709;1636;1596;1688,it,1683;1712;1437;1709;1596;1688,0,1,,1
dagq::it::planner_headless_turns::a_request_written_during_a_turn_at_the_usage_limit_waits_for_the_retry_of_that_turn,37203119114,37214113562,2026-10-04T15:44:09Z,31,0,1512;1707;1683;1712;1437;1709;1636;1596;1688,it,1683;1712;1437;1709;1596;1688,0,1,,1
dagq::it::runtime_adopt::an_adopter_does_not_repeat_an_exit_request_recorded_while_the_session_worked,37203119114,37214113562,2026-10-04T15:44:09Z,31,0,1512;1707;1683;1712;1437;1709;1636;1596;1688,it,1683;1712;1437;1709;1596;1688,0,1,,1
dagq::it::runtime_adopt::an_adopter_does_not_repeat_the_exit_request_recorded_after_a_passed_review,37203119114,37214113562,2026-10-04T15:44:09Z,31,0,1512;1707;1683;1712;1437;1709;1636;1596;1688,it,1683;1712;1437;1709;1596;1688,0,1,,1
dagq::it::runtime_adopt::an_adopter_does_not_repeat_the_exit_request_recorded_before_a_failed_review_ask,37203119114,37214113562,2026-10-04T15:44:09Z,31,0,1512;1707;1683;1712;1437;1709;1636;1596;1688,it,1683;1712;1437;1709;1596;1688,0,1,,1
dagq::it::runtime_adopt::exited_wrapper_and_validating_headless_runs_are_adopted_and_validated,37203119114,37214113562,2026-10-04T15:44:09Z,31,0,1512;1707;1683;1712;1437;1709;1636;1596;1688,it,1683;1712;1437;1709;1596;1688,0,1,,1
dagq::it::runtime_claim::a_failed_workspace_close_is_recorded_before_the_cleanup_failure_with_its_code_and_op,37203119114,37214113562,2026-10-04T15:44:09Z,31,0,1512;1707;1683;1712;1437;1709;1636;1596;1688,it,1683;1712;1437;1709;1596;1688,0,1,,1
dagq::it::runtime_claim::timed_out_effect_free_calls_are_retried_with_a_doubling_backoff_each_attempt_recorded,37203119114,37214113562,2026-10-04T15:44:09Z,31,0,1512;1707;1683;1712;1437;1709;1636;1596;1688,it,1683;1712;1437;1709;1596;1688,0,1,,1
dagq::it::runtime_cleanup::a_drain_on_a_provisioning_failure_takes_cleanup_requests_and_lets_the_job_finish,37203119114,37214113562,2026-10-04T15:44:09Z,31,0,1512;1707;1683;1712;1437;1709;1636;1596;1688,it,1683;1712;1437;1709;1636;1596;1688,0,1,,1
dagq::it::runtime_handoff::a_handoff_before_the_resume_request_lets_the_next_supervisor_send_it_once,37203119114,37214113562,2026-10-04T15:44:09Z,31,0,1512;1707;1683;1712;1437;1709;1636;1596;1688,it,1683;1712;1437;1709;1596;1688,0,1,,1
dagq::it::runtime_handoff::a_handoff_while_a_rejected_run_waits_for_its_exit_requests_no_second_exit,37203119114,37214113562,2026-10-04T15:44:09Z,31,0,1512;1707;1683;1712;1437;1709;1636;1596;1688,it,1683;1712;1437;1709;1596;1688,0,1,,1
dagq::it::runtime_handoff::a_resume_taken_over_after_a_handoff_keeps_its_recorded_exit_request,37203119114,37214113562,2026-10-04T15:44:09Z,31,0,1512;1707;1683;1712;1437;1709;1636;1596;1688,it,1683;1712;1437;1709;1596;1688,0,1,,1
dagq::it::runtime_handoff::an_adopted_resume_keeps_its_recorded_exit_request,37203119114,37214113562,2026-10-04T15:44:09Z,31,0,1512;1707;1683;1712;1437;1709;1636;1596;1688,it,1683;1712;1437;1709;1596;1688,0,1,,1
dagq::it::runtime_headless_stall::a_headless_stall_past_its_three_recovery_jobs_is_asked_without_a_fourth,37203119114,37214113562,2026-10-04T15:44:09Z,31,0,1512;1707;1683;1712;1437;1709;1636;1596;1688,it,1683;1712;1437;1709;1596;1688,0,1,,1
dagq::it::runtime_headless_stall::a_headless_stall_the_job_resumes_is_parked_resumed_and_lands,37203119114,37214113562,2026-10-04T15:44:09Z,31,0,1512;1707;1683;1712;1437;1709;1636;1596;1688,it,1683;1712;1437;1709;1596;1688,0,1,,1
dagq::it::runtime_headless_stall::a_headless_stalled_ask_answered_wait_is_closed_and_asked_again_after_the_next_turn,37203119114,37214113562,2026-10-04T15:44:09Z,31,0,1512;1707;1683;1712;1437;1709;1636;1596;1688,it,1683;1712;1437;1709;1596;1688,0,1,,1
dagq::it::runtime_headless_stall::a_headless_stalled_ask_closed_after_wait_is_asked_again_after_the_next_turn,37203119114,37214113562,2026-10-04T15:44:09Z,31,0,1512;1707;1683;1712;1437;1709;1636;1596;1688,it,1683;1712;1437;1709;1596;1688,0,1,,1
dagq::it::runtime_headless_stall::an_adopted_headless_stall_whose_job_waits_gets_no_nudge_job_or_ask,37203119114,37214113562,2026-10-04T15:44:09Z,31,0,1512;1707;1683;1712;1437;1709;1636;1596;1688,it,1683;1712;1437;1709;1596;1688,0,1,,1
dagq::it::runtime_recheck::a_run_held_in_its_slot_for_its_e2e_that_a_landing_conflicts_with_is_parked_before_it_lands,37203119114,37214113562,2026-10-04T15:44:09Z,31,0,1512;1707;1683;1712;1437;1709;1636;1596;1688,it,1683;1712;1437;1709;1596;1688,0,1,,1
dagq::it::runtime_recheck::another_supervisors_recheck_of_main_leaves_the_run_held_for_its_e2e_to_check,37203119114,37214113562,2026-10-04T15:44:09Z,31,0,1512;1707;1683;1712;1437;1709;1636;1596;1688,it,1683;1712;1437;1709;1596;1688,0,1,,1
dagq::it::runtime_resume::a_historical_interactive_run_resumes_headless_and_records_its_conversion,37203119114,37214113562,2026-10-04T15:44:09Z,31,0,1512;1707;1683;1712;1437;1709;1636;1596;1688,it,1683;1712;1437;1709;1596;1688,0,1,,1
dagq::it::runtime_resume::a_resumed_session_that_ignores_its_exit_request_is_let_go_after_the_exit_timeout,37203119114,37214113562,2026-10-04T15:44:09Z,31,0,1512;1707;1683;1712;1437;1709;1636;1596;1688,it,1683;1712;1437;1709;1596;1688,0,1,,1
dagq::it::runtime_resume::a_resumed_session_whose_wrapper_goes_silent_is_asked_to_exit_once_then_let_go,37203119114,37214113562,2026-10-04T15:44:09Z,31,0,1512;1707;1683;1712;1437;1709;1636;1596;1688,it,1683;1712;1437;1709;1596;1688,0,1,,1
dagq::it::runtime_review_concern::an_adopter_asks_as_the_concern_when_the_headless_session_does_not_fix_its_send_back,37203119114,37214113562,2026-10-04T15:44:09Z,31,0,1512;1707;1683;1712;1437;1709;1636;1596;1688,it,1683;1712;1437;1709;1596;1688,0,1,,1
dagq::it::runtime_review_conflict::a_conflict_request_that_cannot_be_written_is_withdrawn_and_the_run_lands,37203119114,37214113562,2026-10-04T15:44:09Z,31,0,1512;1707;1683;1712;1437;1709;1636;1596;1688,it,1683;1712;1437;1709;1596;1688,0,1,,1
dagq::it::runtime_review_conflict::an_adopted_headless_run_with_a_pending_conflict_request_waits_without_sending_it_again,37203119114,37214113562,2026-10-04T15:44:09Z,31,0,1512;1707;1683;1712;1437;1709;1636;1596;1688,it,1683;1712;1437;1709;1596;1688,0,1,,1
dagq::it::runtime_review_conflict::an_adopted_headless_run_with_a_pending_revise_waits_without_sending_it_again,37203119114,37214113562,2026-10-04T15:44:09Z,31,0,1512;1707;1683;1712;1437;1709;1636;1596;1688,it,1683;1712;1437;1709;1596;1688,0,1,,1
dagq::it::runtime_review_conflict::an_adopted_revise_recorded_but_not_written_is_written_once,37203119114,37214113562,2026-10-04T15:44:09Z,31,0,1512;1707;1683;1712;1437;1709;1636;1596;1688,it,1683;1712;1437;1709;1596;1688,0,1,,1
dagq::it::runtime_session::a_headless_session_whose_exit_request_cannot_be_written_is_a_persons_to_end,37203119114,37214113562,2026-10-04T15:44:09Z,31,0,1512;1707;1683;1712;1437;1709;1636;1596;1688,it,1683;1712;1437;1709;1596;1688,0,1,,1
dagq::it::runtime_session::a_run_given_up_in_its_review_asks_its_headless_session_to_exit,37203119114,37214113562,2026-10-04T15:44:09Z,31,0,1512;1707;1683;1712;1437;1709;1636;1596;1688,it,1683;1712;1437;1709;1596;1688,0,1,,1
dagq::it::runtime_waiting_stages::an_adopted_headless_revise_keeps_waiting_outside_the_slot,37203119114,37214113562,2026-10-04T15:44:09Z,31,0,1512;1707;1683;1712;1437;1709;1636;1596;1688,it,1683;1712;1437;1709;1596;1688,0,1,,1
dagq::infrastructure::adapters::tests::worktree_status_does_not_write_back_the_index,37214113562,37222720562,2026-10-04T18:00:53Z,4,0,1594;1109;1708;1711;1713,unit (always run),,0,1,,1
dagq::it::runtime_headless::a_receipt_written_before_its_turn_failed_goes_to_validation,37214113562,37222720562,2026-10-04T18:00:53Z,4,0,1594;1109;1708;1711;1713,it,1594;1109;1711;1713,0,1,,1
dagq::it::runtime_headless::recovery_stops_a_headless_turns_descendant_outside_its_group,37214113562,37222720562,2026-10-04T18:00:53Z,4,0,1594;1109;1708;1711;1713,it,1594;1109;1711;1713,0,1,,1
dagq::it::runtime_headless::recovery_stops_a_headless_turns_orphan_outside_its_group_by_worktree,37214113562,37222720562,2026-10-04T18:00:53Z,4,0,1594;1109;1708;1711;1713,it,1594;1109;1711;1713,0,1,,1
dagq::it::runtime_claim_defer::a_failed_run_with_a_commit_of_its_own_still_holds_the_task_back,37222720562,37230895149,2026-10-04T20:07:27Z,3,0,1629;1590;1609;1592;1451;839;1634,it,1590;1609;839;1634,0,1,,1
dagq::it::runtime_claim_defer::a_failed_run_with_no_commit_of_its_own_lets_the_deferred_task_go,37222720562,37230895149,2026-10-04T20:07:27Z,3,0,1629;1590;1609;1592;1451;839;1634,it,1590;1609;839;1634,0,1,,1
dagq::it::runtime_cleanup::a_process_running_from_an_ended_runs_worktree_is_stopped_before_it_goes,37222720562,37230895149,2026-10-04T20:07:27Z,3,0,1629;1590;1609;1592;1451;839;1634,it,1590;1609;839;1634,0,1,,1
dagq::it::runtime_recheck::a_conflict_after_a_clean_recheck_replaces_the_asks_recheck_paragraph,37230895149,37238974545,2026-10-04T22:10:08Z,3,0,1352;1351;1312;1321;1311;1238;1156;747;688;1642;1646,it,1352;1312;1311;1238;1156;1646,0,1,,1
dagq::it::runtime_recheck::a_second_clean_recheck_replaces_the_asks_recheck_paragraph,37230895149,37238974545,2026-10-04T22:10:08Z,3,0,1352;1351;1312;1321;1311;1238;1156;747;688;1642;1646,it,1352;1312;1311;1238;1156;1646,0,1,,1
dagq::it::runtime_release::binary_requests_already_installed_are_dropped_once_and_an_older_build_can_install,37230895149,37238974545,2026-10-04T22:10:08Z,3,0,1352;1351;1312;1321;1311;1238;1156;747;688;1642;1646,it,1352;1312;1311;1238;1156;1646,0,1,,1
dagq::it::actor_model::jobs_with_a_role_table_are_given_its_model_and_effort,37238974545,37246370940,2026-10-05T00:09:22Z,879,1,1439;1359;1660;838;1640;1480;1386,it,1439;1660;838;1640;1386,0,1,,1
dagq::it::actor_model::jobs_without_a_role_table_start_as_before,37238974545,37246370940,2026-10-05T00:09:22Z,879,1,1439;1359;1660;838;1640;1480;1386,it,1439;1660;838;1640;1386,0,1,,1
dagq::it::background_logs::a_background_runs_log_is_followed_and_read_after_it_ended,37238974545,37246370940,2026-10-05T00:09:22Z,879,1,1439;1359;1660;838;1640;1480;1386,it,1439;1660;838;1640;1386,0,1,,1
dagq::it::background_logs::a_closed_background_planners_log_is_read_by_its_id,37238974545,37246370940,2026-10-05T00:09:22Z,879,1,1439;1359;1660;838;1640;1480;1386,it,1439;1660;838;1640;1386,0,1,,1
dagq::it::cli_actor::a_headless_job_may_only_read_the_queue,37238974545,37246370940,2026-10-05T00:09:22Z,879,1,1439;1359;1660;838;1640;1480;1386,it,1439;1660;838;1640;1386,0,1,,1
dagq::it::cli_actor::an_unknown_role_fails_closed_and_changes_nothing,37238974545,37246370940,2026-10-05T00:09:22Z,879,1,1439;1359;1660;838;1640;1480;1386,it,1439;1660;838;1640;1386,0,1,,1
dagq::it::cli_actor::every_event_records_its_actor,37238974545,37246370940,2026-10-05T00:09:22Z,879,1,1439;1359;1660;838;1640;1480;1386,it,1439;1660;838;1640;1386,0,1,,1
dagq::it::cli_actor::the_records_keep_the_writer_they_had,37238974545,37246370940,2026-10-05T00:09:22Z,879,1,1439;1359;1660;838;1640;1480;1386,it,1439;1660;838;1640;1386,0,1,,1
dagq::it::cli_areas::stats_and_kpi_split_the_landed_runs_by_the_areas_of_their_commit,37238974545,37246370940,2026-10-05T00:09:22Z,879,1,1439;1359;1660;838;1640;1480;1386,it,1439;1660;838;1640;1386,0,1,,1
dagq::it::cli_authorization::a_planner_withdraws_only_its_own_proposal,37238974545,37246370940,2026-10-05T00:09:22Z,879,1,1439;1359;1660;838;1640;1480;1386,it,1439;1660;838;1640;1386,0,1,,1
dagq::it::cli_authorization::a_refusal_does_not_depend_on_the_task_existing,37238974545,37246370940,2026-10-05T00:09:22Z,879,1,1439;1359;1660;838;1640;1480;1386,it,1439;1660;838;1640;1386,0,1,,1
dagq::it::cli_authorization::a_refused_watch_with_no_queue_is_refused_unrecorded,37238974545,37246370940,2026-10-05T00:09:22Z,879,1,1439;1359;1660;838;1640;1480;1386,it,1439;1660;838;1640;1386,0,1,,1
dagq::it::cli_authorization::a_worker_is_refused_watch_and_export_and_each_refusal_is_recorded,37238974545,37246370940,2026-10-05T00:09:22Z,879,1,1439;1359;1660;838;1640;1480;1386,it,1439;1660;838;1640;1386,0,1,,1
dagq::it::cli_authorization::ended_run_verify_edit_is_delegated_only_to_user_and_inbox,37238974545,37246370940,2026-10-05T00:09:22Z,879,1,1439;1359;1660;838;1640;1480;1386,it,1439;1660;838;1640;1386,0,1,,1
dagq::it::cli_authorization::the_inbox_readies_at_a_persons_word_and_the_record_tells_it_from_the_user,37238974545,37246370940,2026-10-05T00:09:22Z,879,1,1439;1359;1660;838;1640;1480;1386,it,1439;1660;838;1640;1386,0,1,,1
dagq::it::cli_authorization::the_planner_a_revise_was_sent_to_may_withdraw_it,37238974545,37246370940,2026-10-05T00:09:22Z,879,1,1439;1359;1660;838;1640;1480;1386,it,1439;1660;838;1640;1386,0,1,,1
dagq::it::cli_authorization::the_planner_keeps_its_authority_on_tasks_that_have_not_started,37238974545,37246370940,2026-10-05T00:09:22Z,879,1,1439;1359;1660;838;1640;1480;1386,it,1439;1660;838;1640;1386,0,1,,1
dagq::it::cli_authorization::the_planner_may_not_ready_a_task_or_touch_one_that_started,37238974545,37246370940,2026-10-05T00:09:22Z,879,1,1439;1359;1660;838;1640;1480;1386,it,1439;1660;838;1640;1386,0,1,,1
dagq::it::cli_authorization::workers_jobs_and_the_observer_change_no_plan_and_each_refusal_is_recorded,37238974545,37246370940,2026-10-05T00:09:22Z,879,1,1439;1359;1660;838;1640;1480;1386,it,1439;1660;838;1640;1386,0,1,,1
dagq::it::cli_broker::a_repository_queue_walks_the_steps_and_records_the_failure,37238974545,37246370940,2026-10-05T00:09:22Z,879,1,1439;1359;1660;838;1640;1480;1386,it,1439;1660;838;1640;1386,0,1,,1
dagq::it::cli_broker::logs_only_read_and_fail_with_a_code_without_podman_or_a_machine,37238974545,37246370940,2026-10-05T00:09:22Z,879,1,1439;1359;1660;838;1640;1480;1386,it,1439;1660;838;1640;1386,0,1,,1
dagq::it::cli_broker::without_podman_status_reports_it_and_start_fails_with_its_code,37238974545,37246370940,2026-10-05T00:09:22Z,879,1,1439;1359;1660;838;1640;1480;1386,it,1439;1660;838;1640;1386,0,1,,1
dagq::it::cli_changes::change_is_added_shown_listed_searched_and_edited_without_a_set,37238974545,37246370940,2026-10-05T00:09:22Z,879,1,1439;1359;1660;838;1640;1480;1386,it,1439;1660;838;1640;1386,0,1,,1
dagq::it::cli_changes::stats_and_kpi_split_the_landed_runs_by_their_change,37238974545,37246370940,2026-10-05T00:09:22Z,879,1,1439;1359;1660;838;1640;1480;1386,it,1439;1660;838;1640;1386,0,1,,1
dagq::it::cli_changes::the_set_of_changes_of_dagq_toml_holds_add_edit_lint_and_submit,37238974545,37246370940,2026-10-05T00:09:22Z,879,1,1439;1359;1660;838;1640;1480;1386,it,1439;1660;838;1640;1386,0,1,,1
dagq::it::cli_dialogue::a_recommendation_reaches_the_ask_status_and_stats,37238974545,37246370940,2026-10-05T00:09:22Z,879,1,1439;1359;1660;838;1640;1480;1386,it,1439;1660;838;1640;1386,0,1,,1
dagq::it::cli_dialogue::a_send_back_with_a_reason_matches_the_recommendation_in_stats,37238974545,37246370940,2026-10-05T00:09:22Z,879,1,1439;1359;1660;838;1640;1480;1386,it,1439;1660;838;1640;1386,0,1,,1
dagq::it::cli_dialogue::a_worker_asks_on_its_own_run_and_task_only,37238974545,37246370940,2026-10-05T00:09:22Z,879,1,1439;1359;1660;838;1640;1480;1386,it,1439;1660;838;1640;1386,0,1,,1
dagq::it::cli_dialogue::a_worker_question_records_its_topics_primary_first,37238974545,37246370940,2026-10-05T00:09:22Z,879,1,1439;1359;1660;838;1640;1480;1386,it,1439;1660;838;1640;1386,0,1,,1
dagq::it::cli_dialogue::the_observer_still_records_findings_and_raises_blocked_asks,37238974545,37246370940,2026-10-05T00:09:22Z,879,1,1439;1359;1660;838;1640;1480;1386,it,1439;1660;838;1640;1386,0,1,,1
dagq::it::cli_dialogue::the_user_and_the_inbox_answer_and_the_record_tells_them_apart,37238974545,37246370940,2026-10-05T00:09:22Z,879,1,1439;1359;1660;838;1640;1480;1386,it,1439;1660;838;1640;1386,0,1,,1
dagq::it::cli_dialogue::workers_jobs_the_observer_and_the_planner_neither_answer_nor_close,37238974545,37246370940,2026-10-05T00:09:22Z,879,1,1439;1359;1660;838;1640;1480;1386,it,1439;1660;838;1640;1386,0,1,,1
dagq::it::cli_forecast::forecast_keeps_runs_under_review_revise_and_resume_in_flight,37238974545,37246370940,2026-10-05T00:09:22Z,879,1,1439;1359;1660;838;1640;1480;1386,it,1439;1660;838;1640;1386,0,1,,1
dagq::it::cli_forecast::forecast_prints_the_open_tasks_and_goals_with_what_it_assumed,37238974545,37246370940,2026-10-05T00:09:22Z,879,1,1439;1359;1660;838;1640;1480;1386,it,1439;1660;838;1640;1386,0,1,,1
dagq::it::cli_goals::a_canceled_member_does_not_make_its_goal_wait,37238974545,37246370940,2026-10-05T00:09:22Z,879,1,1439;1359;1660;838;1640;1480;1386,it,1439;1660;838;1640;1386,0,1,,1
dagq::it::cli_goals::a_dependency_on_an_abandoned_goal_is_refused,37238974545,37246370940,2026-10-05T00:09:22Z,879,1,1439;1359;1660;838;1640;1480;1386,it,1439;1660;838;1640;1386,0,1,,1
dagq::it::cli_goals::a_goal_takes_a_priority_by_name_while_it_is_not_closed,37238974545,37246370940,2026-10-05T00:09:22Z,879,1,1439;1359;1660;838;1640;1480;1386,it,1439;1660;838;1640;1386,0,1,,1
dagq::it::cli_goals::a_task_waits_for_its_goal_dependency_until_the_goal_is_achieved,37238974545,37246370940,2026-10-05T00:09:22Z,879,1,1439;1359;1660;838;1640;1480;1386,it,1439;1660;838;1640;1386,0,1,,1
dagq::it::cli_goals::draft_goal_tasks_wait_for_goal_ready,37238974545,37246370940,2026-10-05T00:09:22Z,879,1,1439;1359;1660;838;1640;1480;1386,it,1439;1660;838;1640;1386,0,1,,1
dagq::it::cli_goals::goal_dependencies_on_the_own_goal_or_through_membership_are_refused,37238974545,37246370940,2026-10-05T00:09:22Z,879,1,1439;1359;1660;838;1640;1480;1386,it,1439;1660;838;1640;1386,0,1,,1
dagq::it::cli_goals::goals_group_tasks_and_report_counts_by_status,37238974545,37246370940,2026-10-05T00:09:22Z,879,1,1439;1359;1660;838;1640;1480;1386,it,1439;1660;838;1640;1386,0,1,,1
dagq::it::cli_goals::graph_reports_unfinished_dependencies_releases_and_the_critical_chain,37238974545,37246370940,2026-10-05T00:09:22Z,879,1,1439;1359;1660;838;1640;1480;1386,it,1439;1660;838;1640;1386,0,1,,1
dagq::it::cli_goals::ready_tasks_of_a_draft_goal_do_not_raise_idle_slots,37238974545,37246370940,2026-10-05T00:09:22Z,879,1,1439;1359;1660;838;1640;1480;1386,it,1439;1660;838;1640;1386,0,1,,1
dagq::it::cli_graph::a_goals_priority_orders_the_tasks_that_inherit_it_and_not_those_with_their_own,37238974545,37246370940,2026-10-05T00:09:22Z,879,1,1439;1359;1660;838;1640;1480;1386,it,1439;1660;838;1640;1386,0,1,,1
dagq::it::cli_graph::graph_of_a_goal_draws_the_prerequisites_outside_it,37238974545,37246370940,2026-10-05T00:09:22Z,879,1,1439;1359;1660;838;1640;1480;1386,it,1439;1660;838;1640;1386,0,1,,1
dagq::it::cli_graph::graph_prints_the_near_term_diagram_as_d2_or_svg,37238974545,37246370940,2026-10-05T00:09:22Z,879,1,1439;1359;1660;838;1640;1480;1386,it,1439;1660;838;1640;1386,0,1,,1
dagq::it::cli_graph::report_carries_the_near_term_diagram_or_why_not,37238974545,37246370940,2026-10-05T00:09:22Z,879,1,1439;1359;1660;838;1640;1480;1386,it,1439;1660;838;1640;1386,0,1,,1
dagq::it::cli_install_release::install_release_installs_with_cargo_and_puts_the_binary_in_place,37238974545,37246370940,2026-10-05T00:09:22Z,879,1,1439;1359;1660;838;1640;1480;1386,it,1439;1660;838;1640;1386,0,1,,1
dagq::it::cli_kpi::kpi_and_stats_group_the_runs_by_any_label,37238974545,37246370940,2026-10-05T00:09:22Z,879,1,1439;1359;1660;838;1640;1480;1386,it,1439;1660;838;1640;1386,0,1,,1
dagq::it::cli_kpi::kpi_compare_leaves_routine_marks_out_of_every_change,37238974545,37246370940,2026-10-05T00:09:22Z,879,1,1439;1359;1660;838;1640;1480;1386,it,1439;1660;838;1640;1386,0,1,,1
dagq::it::cli_kpi::kpi_counts_the_drafts_registered_per_landing,37238974545,37246370940,2026-10-05T00:09:22Z,879,1,1439;1359;1660;838;1640;1480;1386,it,1439;1660;838;1640;1386,0,1,,1
dagq::it::cli_kpi::kpi_cross_reaches_periods_and_compare_without_replacing_single_axes,37238974545,37246370940,2026-10-05T00:09:22Z,879,1,1439;1359;1660;838;1640;1480;1386,it,1439;1660;838;1640;1386,0,1,,1
dagq::it::cli_kpi::kpi_reads_the_queue_the_host_settings_and_the_marks,37238974545,37246370940,2026-10-05T00:09:22Z,879,1,1439;1359;1660;838;1640;1480;1386,it,1439;1660;838;1640;1386,0,1,,1
dagq::it::cli_kpi::report_writes_the_html_and_json_and_returns_their_paths,37238974545,37246370940,2026-10-05T00:09:22Z,879,1,1439;1359;1660;838;1640;1480;1386,it,1439;1660;838;1640;1386,0,1,,1
dagq::it::cli_kpi::the_throughput_review_jobs_reach_stats_and_kpi_per_mode,37238974545,37246370940,2026-10-05T00:09:22Z,879,1,1439;1359;1660;838;1640;1480;1386,it,1439;1660;838;1640;1386,0,1,,1
dagq::it::cli_kpi::the_worker_question_topics_reach_stats_and_kpi,37238974545,37246370940,2026-10-05T00:09:22Z,879,1,1439;1359;1660;838;1640;1480;1386,it,1439;1660;838;1640;1386,0,1,,1
dagq::it::cli_operations::a_worker_runs_and_records_the_session_of_its_own_run_only,37238974545,37246370940,2026-10-05T00:09:22Z,879,1,1439;1359;1660;838;1640;1480;1386,it,1439;1660;838;1640;1386,0,1,,1
dagq::it::cli_operations::the_user_the_inbox_and_the_planner_keep_their_operations,37238974545,37246370940,2026-10-05T00:09:22Z,879,1,1439;1359;1660;838;1640;1480;1386,it,1439;1660;838;1640;1386,0,1,,1
dagq::it::cli_operations::workers_jobs_and_the_observer_land_recover_and_run_the_service_not_at_all,37238974545,37246370940,2026-10-05T00:09:22Z,879,1,1439;1359;1660;838;1640;1480;1386,it,1439;1660;838;1640;1386,0,1,,1
dagq::it::cli_planner_request::a_follow_up_reaches_a_live_headless_planner_as_its_next_turn_with_its_actor,37238974545,37246370940,2026-10-05T00:09:22Z,879,1,1439;1359;1660;838;1640;1480;1386,it,1439;1660;838;1640;1386,0,1,,1
dagq::it::cli_planner_request::a_headless_planner_has_no_screen_and_takes_no_keys_or_answer,37238974545,37246370940,2026-10-05T00:09:22Z,879,1,1439;1359;1660;838;1640;1480;1386,it,1439;1660;838;1640;1386,0,1,,1
dagq::it::cli_planner_request::an_interactive_closed_lost_exited_exiting_or_walled_planner_is_refused_with_the_reason,37238974545,37246370940,2026-10-05T00:09:22Z,879,1,1439;1359;1660;838;1640;1480;1386,it,1439;1660;838;1640;1386,0,1,,1
dagq::it::cli_planner_request::only_the_inbox_and_a_person_hand_a_request_and_other_roles_are_recorded,37238974545,37246370940,2026-10-05T00:09:22Z,879,1,1439;1359;1660;838;1640;1480;1386,it,1439;1660;838;1640;1386,0,1,,1
dagq::it::cli_planner_request::two_inputs_none_or_unreadable_words_are_refused_and_hand_nothing,37238974545,37246370940,2026-10-05T00:09:22Z,879,1,1439;1359;1660;838;1640;1480;1386,it,1439;1660;838;1640;1386,0,1,,1
dagq::it::cli_planner_request::words_from_a_file_or_stdin_are_handed_as_text_gives_them,37238974545,37246370940,2026-10-05T00:09:22Z,879,1,1439;1359;1660;838;1640;1480;1386,it,1439;1660;838;1640;1386,0,1,,1
dagq::it::cli_proposals::lint_reports_violations_by_code_and_passes_a_sound_plan,37238974545,37246370940,2026-10-05T00:09:22Z,879,1,1439;1359;1660;838;1640;1480;1386,it,1439;1660;838;1640;1386,0,1,,1
dagq::it::cli_proposals::proposal_withdraw_releases_the_members_for_another_proposal,37238974545,37246370940,2026-10-05T00:09:22Z,879,1,1439;1359;1660;838;1640;1480;1386,it,1439;1660;838;1640;1386,0,1,,1
dagq::it::cli_proposals::submit_bundles_drafts_into_a_proposal_that_plan_review_or_a_bypass_readies,37238974545,37246370940,2026-10-05T00:09:22Z,879,1,1439;1359;1660;838;1640;1480;1386,it,1439;1660;838;1640;1386,0,1,,1
dagq::it::cli_read::events_and_watch_read_past_a_cursor,37238974545,37246370940,2026-10-05T00:09:22Z,879,1,1439;1359;1660;838;1640;1480;1386,it,1439;1660;838;1640;1386,0,1,,1
dagq::it::cli_read::events_full_and_filters_narrow_what_they_read,37238974545,37246370940,2026-10-05T00:09:22Z,879,1,1439;1359;1660;838;1640;1480;1386,it,1439;1660;838;1640;1386,0,1,,1
dagq::it::cli_read::past_ask_request_taken_events_are_still_read,37238974545,37246370940,2026-10-05T00:09:22Z,879,1,1439;1359;1660;838;1640;1480;1386,it,1439;1660;838;1640;1386,0,1,,1
dagq::it::cli_read::related_prints_candidates_with_their_clues,37238974545,37246370940,2026-10-05T00:09:22Z,879,1,1439;1359;1660;838;1640;1480;1386,it,1439;1660;838;1640;1386,0,1,,1
dagq::it::cli_read::search_prints_hits_with_excerpts_and_checks_its_filters,37238974545,37246370940,2026-10-05T00:09:22Z,879,1,1439;1359;1660;838;1640;1480;1386,it,1439;1660;838;1640;1386,0,1,,1
dagq::it::cli_read::show_goal_show_and_doctor_are_compact_unless_full,37238974545,37246370940,2026-10-05T00:09:22Z,879,1,1439;1359;1660;838;1640;1480;1386,it,1439;1660;838;1640;1386,0,1,,1
dagq::it::cli_read::show_lists_the_asks_of_the_task_and_its_runs,37238974545,37246370940,2026-10-05T00:09:22Z,879,1,1439;1359;1660;838;1640;1480;1386,it,1439;1660;838;1640;1386,0,1,,1
dagq::it::cli_read::status_and_doctor_show_every_actor_on_the_host_advisory,37238974545,37246370940,2026-10-05T00:09:22Z,879,1,1439;1359;1660;838;1640;1480;1386,it,1439;1660;838;1640;1386,0,1,,1
dagq::it::cli_read::status_and_doctor_show_the_codex_worker_confined,37238974545,37246370940,2026-10-05T00:09:22Z,879,1,1439;1359;1660;838;1640;1480;1386,it,1439;1660;838;1640;1386,0,1,,1
dagq::it::cli_read::status_watch_and_show_read_kinds_a_newer_binary_wrote,37238974545,37246370940,2026-10-05T00:09:22Z,879,1,1439;1359;1660;838;1640;1480;1386,it,1439;1660;838;1640;1386,0,1,,1
dagq::it::cli_read::timeline_and_stats_show_the_work_breakdown,37238974545,37246370940,2026-10-05T00:09:22Z,879,1,1439;1359;1660;838;1640;1480;1386,it,1439;1660;838;1640;1386,0,1,,1
dagq::it::cli_read::timeline_names_the_long_gap_before_the_receipt,37238974545,37246370940,2026-10-05T00:09:22Z,879,1,1439;1359;1660;838;1640;1480;1386,it,1439;1660;838;1640;1386,0,1,,1
dagq::it::cli_request_words::an_unreadable_file_words_not_utf8_and_empty_words_record_nothing,37238974545,37246370940,2026-10-05T00:09:22Z,879,1,1439;1359;1660;838;1640;1480;1386,it,1439;1660;838;1640;1386,0,1,,1
dagq::it::cli_request_words::two_of_the_inputs_or_none_are_refused,37238974545,37246370940,2026-10-05T00:09:22Z,879,1,1439;1359;1660;838;1640;1480;1386,it,1439;1660;838;1640;1386,0,1,,1
dagq::it::cli_request_words::words_from_a_file_or_stdin_are_recorded_as_text_gives_them_and_stay,37238974545,37246370940,2026-10-05T00:09:22Z,879,1,1439;1359;1660;838;1640;1480;1386,it,1439;1660;838;1640;1386,0,1,,1
dagq::it::cli_roles::ask_answer_asks_and_close_through_the_cli,37238974545,37246370940,2026-10-05T00:09:22Z,879,1,1439;1359;1660;838;1640;1480;1386,it,1439;1660;838;1640;1386,0,1,,1
dagq::it::cli_roles::findings_are_recorded_once_per_problem_and_listed_by_impact,37238974545,37246370940,2026-10-05T00:09:22Z,879,1,1439;1359;1660;838;1640;1480;1386,it,1439;1660;838;1640;1386,0,1,,1
dagq::it::cli_roles::notes_are_observations_read_by_notes_show_and_goal_show,37238974545,37246370940,2026-10-05T00:09:22Z,879,1,1439;1359;1660;838;1640;1480;1386,it,1439;1660;838;1640;1386,0,1,,1
dagq::it::cli_roles::observer_may_record_findings_and_ask_but_not_change_queue_state,37238974545,37246370940,2026-10-05T00:09:22Z,879,1,1439;1359;1660;838;1640;1480;1386,it,1439;1660;838;1640;1386,0,1,,1
dagq::it::cli_roles::plan_is_refused_with_the_way_to_ask_the_inbox_and_opens_nothing,37238974545,37246370940,2026-10-05T00:09:22Z,879,1,1439;1359;1660;838;1640;1480;1386,it,1439;1660;838;1640;1386,0,1,,1
dagq::it::cli_roles::reviewer_may_only_read_the_queue,37238974545,37246370940,2026-10-05T00:09:22Z,879,1,1439;1359;1660;838;1640;1480;1386,it,1439;1660;838;1640;1386,0,1,,1
dagq::it::cli_roles::stats_times_the_open_asks_up_to_the_window_end,37238974545,37246370940,2026-10-05T00:09:22Z,879,1,1439;1359;1660;838;1640;1480;1386,it,1439;1660;838;1640;1386,0,1,,1
dagq::it::cli_screen::a_planner_a_worker_and_the_jobs_are_refused_and_recorded,37238974545,37246370940,2026-10-05T00:09:22Z,879,1,1439;1359;1660;838;1640;1480;1386,it,1439;1660;838;1640;1386,0,1,,1
dagq::it::cli_screen::a_planner_question_is_answered_into_its_planner_once,37238974545,37246370940,2026-10-05T00:09:22Z,879,1,1439;1359;1660;838;1640;1480;1386,it,1439;1660;838;1640;1386,0,1,,1
dagq::it::cli_screen::a_planners_screen_is_read_and_sent_keys_by_its_id,37238974545,37246370940,2026-10-05T00:09:22Z,879,1,1439;1359;1660;838;1640;1480;1386,it,1439;1660;838;1640;1386,0,1,,1
dagq::it::cli_screen::runs_return_their_turns_directory_and_refuse_typing_without_cmux,37238974545,37246370940,2026-10-05T00:09:22Z,879,1,1439;1359;1660;838;1640;1480;1386,it not in the table,,0,1,,1
dagq::it::cli_stats::marks_are_recorded_retracted_and_derived_from_the_claims,37238974545,37246370940,2026-10-05T00:09:22Z,879,1,1439;1359;1660;838;1640;1480;1386,it,1439;1660;838;1640;1386,0,1,,1
dagq::it::cli_stats::stats::cli_stats_reads_the_queue_and_since_returns_only_new_runs,37238974545,37246370940,2026-10-05T00:09:22Z,879,1,1439;1359;1660;838;1640;1480;1386,it,1439;1660;838;1640;1386,0,1,,1
dagq::it::cli_stats::stats::cli_stats_summarizes_the_host_load_of_its_window,37238974545,37246370940,2026-10-05T00:09:22Z,879,1,1439;1359;1660;838;1640;1480;1386,it,1439;1660;838;1640;1386,0,1,,1
dagq::it::cli_status_runs::doctor_lists_the_same_runs_and_recoverable_follows_recover,37238974545,37246370940,2026-10-05T00:09:22Z,879,1,1439;1359;1660;838;1640;1480;1386,it,1439;1660;838;1640;1386,0,1,,1
dagq::it::cli_status_runs::status_lists_the_held_and_the_latest_runs_with_their_phase_and_slot,37238974545,37246370940,2026-10-05T00:09:22Z,879,1,1439;1359;1660;838;1640;1480;1386,it,1439;1660;838;1640;1386,0,1,,1
dagq::it::cli_tasks::add_evidence_is_stored_and_shown,37238974545,37246370940,2026-10-05T00:09:22Z,879,1,1439;1359;1660;838;1640;1480;1386,it,1439;1660;838;1640;1386,0,1,,1
dagq::it::cli_tasks::add_paths_is_stored_shown_and_replaced,37238974545,37246370940,2026-10-05T00:09:22Z,879,1,1439;1359;1660;838;1640;1480;1386,it,1439;1660;838;1640;1386,0,1,,1
dagq::it::cli_tasks::cancel_duplicate_of_is_recorded_shown_listed_and_counted,37238974545,37246370940,2026-10-05T00:09:22Z,879,1,1439;1359;1660;838;1640;1480;1386,it,1439;1660;838;1640;1386,0,1,,1
dagq::it::cli_tasks::cli_persists_across_processes_and_reports_dependency_errors_as_json,37238974545,37246370940,2026-10-05T00:09:22Z,879,1,1439;1359;1660;838;1640;1480;1386,it,1439;1660;838;1640;1386,0,1,,1
dagq::it::cli_tasks::edit_replaces_fields_of_a_draft_task_only,37238974545,37246370940,2026-10-05T00:09:22Z,879,1,1439;1359;1660;838;1640;1480;1386,it,1439;1660;838;1640;1386,0,1,,1
dagq::it::cli_tasks::list_options_filter_page_and_expand_tasks,37238974545,37246370940,2026-10-05T00:09:22Z,879,1,1439;1359;1660;838;1640;1480;1386,it,1439;1660;838;1640;1386,0,1,,1
dagq::it::cli_tasks::priority_is_named_changed_while_editable_and_orders_candidates,37238974545,37246370940,2026-10-05T00:09:22Z,879,1,1439;1359;1660;838;1640;1480;1386,it,1439;1660;838;1640;1386,0,1,,1
dagq::it::cli_tasks::reads_do_not_create_a_queue_and_unknown_tasks_fail,37238974545,37246370940,2026-10-05T00:09:22Z,879,1,1439;1359;1660;838;1640;1480;1386,it,1439;1660;838;1640;1386,0,1,,1
dagq::it::cli_tasks::the_task_kind_is_gone_from_add_edit_show_and_list,37238974545,37246370940,2026-10-05T00:09:22Z,879,1,1439;1359;1660;838;1640;1480;1386,it,1439;1660;838;1640;1386,0,1,,1
dagq::it::cli_tasks::the_worker_provider_and_mode_are_added_shown_and_edited,37238974545,37246370940,2026-10-05T00:09:22Z,879,1,1439;1359;1660;838;1640;1480;1386,it,1439;1660;838;1640;1386,0,1,,1
dagq::it::cli_version::auto_update_installs_each_runtime_landing_and_puts_a_broken_build_back,37238974545,37246370940,2026-10-05T00:09:22Z,879,1,1439;1359;1660;838;1640;1480;1386,it,1439;1660;838;1640;1386,0,1,,1
dagq::it::cli_version::install_hands_a_running_supervisor_over_under_its_pid_and_rolls_back,37238974545,37246370940,2026-10-05T00:09:22Z,879,1,1439;1359;1660;838;1640;1480;1386,it,1439;1660;838;1640;1386,0,1,,1
dagq::it::cli_version::migrate_is_explicit_and_older_binaries_keep_working_within_the_floor,37238974545,37246370940,2026-10-05T00:09:22Z,879,1,1439;1359;1660;838;1640;1480;1386,it,1439;1660;838;1640;1386,0,1,,1
dagq::it::draft_bundles::a_question_about_any_draft_of_the_bundle_goes_to_its_planner,37238974545,37246370940,2026-10-05T00:09:22Z,879,1,1439;1359;1660;838;1640;1480;1386,it,1439;1660;838;1640;1386,0,1,,1
dagq::it::draft_bundles::one_runs_follow_ups_are_one_bundle_for_one_planner,37238974545,37246370940,2026-10-05T00:09:22Z,879,1,1439;1359;1660;838;1640;1480;1386,it,1439;1660;838;1640;1386,0,1,,1
dagq::it::draft_bundles::what_a_bundle_leaves_undecided_makes_the_next_and_the_outcomes_are_read,37238974545,37246370940,2026-10-05T00:09:22Z,879,1,1439;1359;1660;838;1640;1480;1386,it,1439;1660;838;1640;1386,0,1,,1
dagq::it::finding_planner::a_marked_finding_gets_one_planner_whose_proposal_plan_review_readies,37238974545,37246370940,2026-10-05T00:09:22Z,879,1,1439;1359;1660;838;1640;1480;1386,it,1439;1660;838;1640;1386,0,1,,1
dagq::it::finding_planner::a_planner_question_about_a_finding_is_typed_to_its_planner_and_undecided_planners_end_in_the_inbox,37238974545,37246370940,2026-10-05T00:09:22Z,879,1,1439;1359;1660;838;1640;1480;1386,it,1439;1660;838;1640;1386,0,1,,1
dagq::it::finding_planner::a_propose_answer_marks_the_finding_and_a_planner_takes_it,37238974545,37246370940,2026-10-05T00:09:22Z,879,1,1439;1359;1660;838;1640;1480;1386,it,1439;1660;838;1640;1386,0,1,,1
dagq::it::finding_planner::improvement_planners_wait_at_the_limit_and_their_tasks_are_normal_at_most,37238974545,37246370940,2026-10-05T00:09:22Z,879,1,1439;1359;1660;838;1640;1480;1386,it,1439;1660;838;1640;1386,0,1,,1
dagq::it::follow_up_membership::a_correction_by_an_actor_without_the_authority_is_refused,37238974545,37246370940,2026-10-05T00:09:22Z,879,1,1439;1359;1660;838;1640;1480;1386,it,1439;1660;838;1640;1386,0,1,,1
dagq::it::follow_up_membership::cli_records_judgements_and_denies_workers_and_jobs,37238974545,37246370940,2026-10-05T00:09:22Z,879,1,1439;1359;1660;838;1640;1480;1386,it,1439;1660;838;1640;1386,0,1,,1
dagq::it::goal_review::a_failed_goal_review_waits_for_a_person_until_rearmed,37238974545,37246370940,2026-10-05T00:09:22Z,879,1,1439;1359;1660;838;1640;1480;1386,it,1439;1660;838;1640;1386,0,1,,1
dagq::it::goal_review::a_fourth_gaps_in_a_row_asks_a_person,37238974545,37246370940,2026-10-05T00:09:22Z,879,1,1439;1359;1660;838;1640;1480;1386,it,1439;1660;838;1640;1386,0,1,,1
dagq::it::goal_review::a_goal_review_records_its_launch_and_session,37238974545,37246370940,2026-10-05T00:09:22Z,879,1,1439;1359;1660;838;1640;1480;1386,it,1439;1660;838;1640;1386,0,1,,1
dagq::it::goal_review::a_goal_review_verdict_is_applied_at_its_jobs_request_and_a_broken_one_fails_closed,37238974545,37246370940,2026-10-05T00:09:22Z,879,1,1439;1359;1660;838;1640;1480;1386,it,1439;1660;838;1640;1386,0,1,,1
dagq::it::goal_review::abandoned_and_keep_open_answers_are_applied,37238974545,37246370940,2026-10-05T00:09:22Z,879,1,1439;1359;1660;838;1640;1480;1386,it,1439;1660;838;1640;1386,0,1,,1
dagq::it::goal_review::an_achieved_goal_is_closed_with_its_evidence,37238974545,37246370940,2026-10-05T00:09:22Z,879,1,1439;1359;1660;838;1640;1480;1386,it,1439;1660;838;1640;1386,0,1,,1
dagq::it::goal_review::an_ask_waits_for_a_person_whose_answer_is_applied,37238974545,37246370940,2026-10-05T00:09:22Z,879,1,1439;1359;1660;838;1640;1480;1386,it,1439;1660;838;1640;1386,0,1,,1
dagq::it::goal_review::gaps_become_drafts_of_the_open_goal_and_a_review_waits_for_them,37238974545,37246370940,2026-10-05T00:09:22Z,879,1,1439;1359;1660;838;1640;1480;1386,it,1439;1660;838;1640;1386,0,1,,1
dagq::it::goal_review::handoff_closes_review_rows_and_spans_without_candidates,37238974545,37246370940,2026-10-05T00:09:22Z,879,1,1439;1359;1660;838;1640;1480;1386,it,1439;1660;838;1640;1386,0,1,,1
dagq::it::goal_review::handoff_reviews_candidates_again_without_counting_interrupted_attempts,37238974545,37246370940,2026-10-05T00:09:22Z,879,1,1439;1359;1660;838;1640;1480;1386,it,1439;1660;838;1640;1386,0,1,,1
dagq::it::goal_review::the_supervisor_applies_a_reopen_answer_to_a_correction,37238974545,37246370940,2026-10-05T00:09:22Z,879,1,1439;1359;1660;838;1640;1480;1386,it,1439;1660;838;1640;1386,0,1,,1
dagq::it::goal_review_codex::a_codex_that_cannot_log_in_moves_the_goal_review_to_claude,37238974545,37246370940,2026-10-05T00:09:22Z,879,1,1439;1359;1660;838;1640;1480;1386,it,1439;1660;838;1640;1386,0,1,,1
dagq::it::goal_review_codex::a_goal_review_on_codex_runs_read_only_and_records_its_thread_and_model,37238974545,37246370940,2026-10-05T00:09:22Z,879,1,1439;1359;1660;838;1640;1480;1386,it,1439;1660;838;1640;1386,0,1,,1
dagq::it::goal_review_codex::a_goal_review_waits_while_both_providers_are_held,37238974545,37246370940,2026-10-05T00:09:22Z,879,1,1439;1359;1660;838;1640;1480;1386,it,1439;1660;838;1640;1386,0,1,,1
dagq::it::goal_review_codex::a_timed_out_codex_goal_review_stops_a_command_in_another_process_group,37238974545,37246370940,2026-10-05T00:09:22Z,879,1,1439;1359;1660;838;1640;1480;1386,it,1439;1660;838;1640;1386,0,1,,1
dagq::it::inbox_nudge::a_change_of_the_watcher_is_recorded_once_across_supervisors,37238974545,37246370940,2026-10-05T00:09:22Z,879,1,1439;1359;1660;838;1640;1480;1386,it,1439;1660;838;1640;1386,0,1,,1
dagq::it::inbox_nudge::a_nudge_of_an_absence_is_claimed_once_across_supervisors,37238974545,37246370940,2026-10-05T00:09:22Z,879,1,1439;1359;1660;838;1640;1480;1386,it,1439;1660;838;1640;1386,0,1,,1
dagq::it::inbox_nudge::an_idle_inbox_is_nudged_twice_then_the_person_is_notified_then_nothing,37238974545,37246370940,2026-10-05T00:09:22Z,879,1,1439;1359;1660;838;1640;1480;1386,it,1439;1660;838;1640;1386,0,1,,1
dagq::it::inbox_nudge::an_inbox_at_work_or_with_a_line_typed_is_not_nudged,37238974545,37246370940,2026-10-05T00:09:22Z,879,1,1439;1359;1660;838;1640;1480;1386,it,1439;1660;838;1640;1386,0,1,,1
dagq::it::inbox_nudge::failed_submissions_are_recorded_once_and_advance_to_the_next_nudge,37238974545,37246370940,2026-10-05T00:09:22Z,879,1,1439;1359;1660;838;1640;1480;1386,it,1439;1660;838;1640;1386,0,1,,1
dagq::it::inbox_nudge::nothing_is_typed_with_a_watcher_without_an_ask_or_without_the_workspace,37238974545,37246370940,2026-10-05T00:09:22Z,879,1,1439;1359;1660;838;1640;1480;1386,it,1439;1660;838;1640;1386,0,1,,1
dagq::it::inbox_nudge::the_watchers_changes_are_recorded_once_and_give_how_long_an_ask_waited_to_be_seen,37238974545,37246370940,2026-10-05T00:09:22Z,879,1,1439;1359;1660;838;1640;1480;1386,it,1439;1660;838;1640;1386,0,1,,1
dagq::it::inbox_watch_wake::every_notice_past_the_cursor_comes_back_before_or_after_what_woke_it,37238974545,37246370940,2026-10-05T00:09:22Z,879,1,1439;1359;1660;838;1640;1480;1386,it,1439;1660;838;1640;1386,0,1,,1
dagq::it::inbox_watch_wake::the_daily_and_weekly_reviews_and_a_failed_hourly_one_wake_the_inbox,37238974545,37246370940,2026-10-05T00:09:22Z,879,1,1439;1359;1660;838;1640;1480;1386,it,1439;1660;838;1640;1386,0,1,,1
dagq::it::inbox_watch_wake::the_inbox_watch_sleeps_through_notices_and_brings_them_with_the_next_ask,37238974545,37246370940,2026-10-05T00:09:22Z,879,1,1439;1359;1660;838;1640;1480;1386,it,1439;1660;838;1640;1386,0,1,,1
dagq::it::inbox_watch_wake::the_supervisors_health_wakes_the_inbox_with_every_notice_held,37238974545,37246370940,2026-10-05T00:09:22Z,879,1,1439;1359;1660;838;1640;1480;1386,it,1439;1660;838;1640;1386,0,1,,1
dagq::it::inbox_watcher::a_running_watch_with_a_stale_heartbeat_is_absent,37238974545,37246370940,2026-10-05T00:09:22Z,879,1,1439;1359;1660;838;1640;1480;1386,it,1439;1660;838;1640;1386,0,1,,1
dagq::it::inbox_watcher::a_watch_killed_without_writing_its_end_is_not_watching_before_its_heartbeat_goes_stale,37238974545,37246370940,2026-10-05T00:09:22Z,879,1,1439;1359;1660;838;1640;1480;1386,it,1439;1660;838;1640;1386,0,1,,1
dagq::it::inbox_watcher::a_watch_until_attention_outlasts_empty_reads_and_returns_only_on_an_attention,37238974545,37246370940,2026-10-05T00:09:22Z,879,1,1439;1359;1660;838;1640;1480;1386,it,1439;1660;838;1640;1386,0,1,,1
dagq::it::inbox_watcher::a_watch_until_attention_refuses_a_timeout_and_a_queue_it_cannot_open,37238974545,37246370940,2026-10-05T00:09:22Z,879,1,1439;1359;1660;838;1640;1480;1386,it,1439;1660;838;1640;1386,0,1,,1
dagq::it::inbox_watcher::status_and_doctor_show_the_watcher_alive_while_it_watches_and_absent_after_the_grace,37238974545,37246370940,2026-10-05T00:09:22Z,879,1,1439;1359;1660;838;1640;1480;1386,it,1439;1660;838;1640;1386,0,1,,1
dagq::it::installed_plugin::a_restart_by_the_runtime_does_not_check_the_installed_plugin,37238974545,37246370940,2026-10-05T00:09:22Z,879,1,1439;1359;1660;838;1640;1480;1386,it,1439;1660;838;1640;1386,0,1,,1
dagq::it::installed_plugin::plan_refuses_without_asking_for_the_installed_plugin,37238974545,37246370940,2026-10-05T00:09:22Z,879,1,1439;1359;1660;838;1640;1480;1386,it,1439;1660;838;1640;1386,0,1,,1
dagq::it::installed_plugin::the_installed_plugin_is_read_and_updated_through_claude,37238974545,37246370940,2026-10-05T00:09:22Z,879,1,1439;1359;1660;838;1640;1480;1386,it,1439;1660;838;1640;1386,0,1,,1
dagq::it::installed_plugin::up_with_a_plugin_dir_does_not_check_the_installed_plugin,37238974545,37246370940,2026-10-05T00:09:22Z,879,1,1439;1359;1660;838;1640;1480;1386,it,1439;1660;838;1640;1386,0,1,,1
dagq::it::installed_plugin::up_without_a_plugin_dir_needs_the_installed_plugin,37238974545,37246370940,2026-10-05T00:09:22Z,879,1,1439;1359;1660;838;1640;1480;1386,it,1439;1660;838;1640;1386,0,1,,1
dagq::it::landing_branch::a_branch_named_in_dagq_toml_is_where_runs_land,37238974545,37246370940,2026-10-05T00:09:22Z,879,1,1439;1359;1660;838;1640;1480;1386,it,1439;1660;838;1640;1386,0,1,,1
dagq::it::landing_branch::a_landing_that_renames_the_branch_still_lands_and_pushes_on_its_branch,37238974545,37246370940,2026-10-05T00:09:22Z,879,1,1439;1359;1660;838;1640;1480;1386,it,1439;1660;838;1640;1386,0,1,,1
dagq::it::landing_branch::a_master_repository_without_origin_lands_on_master,37238974545,37246370940,2026-10-05T00:09:22Z,879,1,1439;1359;1660;838;1640;1480;1386,it,1439;1660;838;1640;1386,0,1,,1
dagq::it::landing_branch::a_running_supervisor_follows_each_change_of_the_landing_branch,37238974545,37246370940,2026-10-05T00:09:22Z,879,1,1439;1359;1660;838;1640;1480;1386,it,1439;1660;838;1640;1386,0,1,,1
dagq::it::landing_branch::no_push_records_the_configured_remote,37238974545,37246370940,2026-10-05T00:09:22Z,879,1,1439;1359;1660;838;1640;1480;1386,it,1439;1660;838;1640;1386,0,1,,1
dagq::it::landing_branch::up_and_doctor_check_the_configured_push_remote,37238974545,37246370940,2026-10-05T00:09:22Z,879,1,1439;1359;1660;838;1640;1480;1386,it,1439;1660;838;1640;1386,0,1,,1
dagq::it::landing_branch::up_checks_the_landing_branch_on_master,37238974545,37246370940,2026-10-05T00:09:22Z,879,1,1439;1359;1660;838;1640;1480;1386,it,1439;1660;838;1640;1386,0,1,,1
dagq::it::language::nothing_set_adds_no_instruction,37238974545,37246370940,2026-10-05T00:09:22Z,879,1,1439;1359;1660;838;1640;1480;1386,it,1439;1660;838;1640;1386,0,1,,1
dagq::it::language::the_repositorys_language_is_over_the_users,37238974545,37246370940,2026-10-05T00:09:22Z,879,1,1439;1359;1660;838;1640;1480;1386,it,1439;1660;838;1640;1386,0,1,,1
dagq::it::language::the_users_language_is_in_every_prompt,37238974545,37246370940,2026-10-05T00:09:22Z,879,1,1439;1359;1660;838;1640;1480;1386,it,1439;1660;838;1640;1386,0,1,,1
dagq::it::lifecycle_cmux::the_cmux_adapter_marks_a_workspace_and_unpins_it_before_closing,37238974545,37246370940,2026-10-05T00:09:22Z,879,1,1439;1359;1660;838;1640;1480;1386,it,1439;1660;838;1640;1386,0,1,,1
dagq::it::lifecycle_cmux::the_cmux_adapter_notifies_with_title_body_and_an_optional_workspace,37238974545,37246370940,2026-10-05T00:09:22Z,879,1,1439;1359;1660;838;1640;1480;1386,it,1439;1660;838;1640;1386,0,1,,1
dagq::it::lifecycle_cmux::the_cmux_adapter_pings_orphaned_with_the_detached_environment,37238974545,37246370940,2026-10-05T00:09:22Z,879,1,1439;1359;1660;838;1640;1480;1386,it,1439;1660;838;1640;1386,0,1,,1
dagq::it::lifecycle_cmux::the_cmux_adapter_sends_one_line_and_names_the_resume_workspace,37238974545,37246370940,2026-10-05T00:09:22Z,879,1,1439;1359;1660;838;1640;1480;1386,it not in the table,,0,1,,1
dagq::it::lifecycle_down::down_force_kills_after_the_unload_and_drops_the_registration,37238974545,37246370940,2026-10-05T00:09:22Z,879,1,1439;1359;1660;838;1640;1480;1386,it,1439;1660;838;1640;1386,0,1,,1
dagq::it::lifecycle_down::down_force_kills_an_in_cmux_supervisor_and_closes_or_reports_its_workspace,37238974545,37246370940,2026-10-05T00:09:22Z,879,1,1439;1359;1660;838;1640;1480;1386,it,1439;1660;838;1640;1386,0,1,,1
dagq::it::lifecycle_down::down_interrupts_an_in_cmux_supervisor_and_closes_its_workspace_once_it_is_gone,37238974545,37246370940,2026-10-05T00:09:22Z,879,1,1439;1359;1660;838;1640;1480;1386,it,1439;1660;838;1640;1386,0,1,,1
dagq::it::lifecycle_down::down_prunes_reused_pids_without_signalling_them,37238974545,37246370940,2026-10-05T00:09:22Z,879,1,1439;1359;1660;838;1640;1480;1386,it,1439;1660;838;1640;1386,0,1,,1
dagq::it::lifecycle_down::down_reports_not_running_without_a_live_registration_and_still_unloads_the_agent,37238974545,37246370940,2026-10-05T00:09:22Z,879,1,1439;1359;1660;838;1640;1480;1386,it,1439;1660;838;1640;1386,0,1,,1
dagq::it::lifecycle_down::down_signals_a_silent_supervisor_when_process_listing_fails,37238974545,37246370940,2026-10-05T00:09:22Z,879,1,1439;1359;1660;838;1640;1480;1386,it,1439;1660;838;1640;1386,0,1,,1
dagq::it::lifecycle_down::down_stops_a_launchd_and_an_in_cmux_supervisor_in_one_call,37238974545,37246370940,2026-10-05T00:09:22Z,879,1,1439;1359;1660;838;1640;1480;1386,it,1439;1660;838;1640;1386,0,1,,1
dagq::it::lifecycle_down::down_unloads_the_agent_and_returns_while_the_supervisor_drains,37238974545,37246370940,2026-10-05T00:09:22Z,879,1,1439;1359;1660;838;1640;1480;1386,it,1439;1660;838;1640;1386,0,1,,1
dagq::it::lifecycle_down::down_wait_returns_stopped_once_the_registration_is_gone_or_the_process_died,37238974545,37246370940,2026-10-05T00:09:22Z,879,1,1439;1359;1660;838;1640;1480;1386,it,1439;1660;838;1640;1386,0,1,,1
dagq::it::lifecycle_handoff_stop::a_supervisor_still_asked_that_stops_fails_as_stopping,37238974545,37246370940,2026-10-05T00:09:22Z,879,1,1439;1359;1660;838;1640;1480;1386,it,1439;1660;838;1640;1386,0,1,,1
dagq::it::lifecycle_handoff_stop::a_supervisor_that_stops_and_deregisters_between_the_reads_fails_as_stopping,37238974545,37246370940,2026-10-05T00:09:22Z,879,1,1439;1359;1660;838;1640;1480;1386,it,1439;1660;838;1640;1386,0,1,,1
dagq::it::lifecycle_in_cmux::up_in_cmux_does_not_mistake_a_silent_supervisor_for_the_one_it_started,37238974545,37246370940,2026-10-05T00:09:22Z,879,1,1439;1359;1660;838;1640;1480;1386,it,1439;1660;838;1640;1386,0,1,,1
dagq::it::lifecycle_in_cmux::up_in_cmux_forgets_a_supervisor_workspace_that_was_closed,37238974545,37246370940,2026-10-05T00:09:22Z,879,1,1439;1359;1660;838;1640;1480;1386,it,1439;1660;838;1640;1386,0,1,,1
dagq::it::lifecycle_in_cmux::up_in_cmux_refuses_to_open_a_second_supervisor_workspace,37238974545,37246370940,2026-10-05T00:09:22Z,879,1,1439;1359;1660;838;1640;1480;1386,it,1439;1660;838;1640;1386,0,1,,1
dagq::it::lifecycle_in_cmux::up_in_cmux_starts_the_supervisor_in_a_workspace_and_leaves_launchd_alone,37238974545,37246370940,2026-10-05T00:09:22Z,879,1,1439;1359;1660;838;1640;1480;1386,it,1439;1660;838;1640;1386,0,1,,1
dagq::it::lifecycle_install::a_handoff_looks_again_at_a_supervisor_that_took_it_as_the_wait_ran_out,37238974545,37246370940,2026-10-05T00:09:22Z,879,1,1439;1359;1660;838;1640;1480;1386,it,1439;1660;838;1640;1386,0,1,,1
dagq::it::lifecycle_install::a_handoff_waits_through_the_exec_of_a_supervisor_that_took_its_request,37238974545,37246370940,2026-10-05T00:09:22Z,879,1,1439;1359;1660;838;1640;1480;1386,it,1439;1660;838;1640;1386,0,1,,1
dagq::it::lifecycle_install::a_stale_row_of_the_same_pid_is_not_a_successor,37238974545,37246370940,2026-10-05T00:09:22Z,879,1,1439;1359;1660;838;1640;1480;1386,it,1439;1660;838;1640;1386,0,1,,1
dagq::it::lifecycle_install::install_counts_a_supervisor_that_took_the_handoff_as_the_wait_ran_out,37238974545,37246370940,2026-10-05T00:09:22Z,879,1,1439;1359;1660;838;1640;1480;1386,it,1439;1660;838;1640;1386,0,1,,1
dagq::it::lifecycle_install::install_drains_only_for_a_breaking_migration_when_allowed,37238974545,37246370940,2026-10-05T00:09:22Z,879,1,1439;1359;1660;838;1640;1480;1386,it,1439;1660;838;1640;1386,0,1,,1
dagq::it::lifecycle_install::install_keeps_the_binary_unless_every_supervisor_failed_the_handoff,37238974545,37246370940,2026-10-05T00:09:22Z,879,1,1439;1359;1660;838;1640;1480;1386,it,1439;1660;838;1640;1386,0,1,,1
dagq::it::lifecycle_install::install_migrates_replaces_and_hands_over_and_restores_on_a_failed_handoff,37238974545,37246370940,2026-10-05T00:09:22Z,879,1,1439;1359;1660;838;1640;1480;1386,it,1439;1660;838;1640;1386,0,1,,1
dagq::it::lifecycle_install::install_of_a_checkout_replaces_nothing_unless_its_e2e_passes,37238974545,37246370940,2026-10-05T00:09:22Z,879,1,1439;1359;1660;838;1640;1480;1386,it,1439;1660;838;1640;1386,0,1,,1
dagq::it::lifecycle_install::no_claude_policy_survives_install_drain_and_restart_arguments,37238974545,37246370940,2026-10-05T00:09:22Z,879,1,1439;1359;1660;838;1640;1480;1386,it,1439;1660;838;1640;1386,0,1,,1
dagq::it::lifecycle_install::the_plugin_only_job_updates_the_plugin_and_nothing_else,37238974545,37246370940,2026-10-05T00:09:22Z,879,1,1439;1359;1660;838;1640;1480;1386,it,1439;1660;838;1640;1386,0,1,,1
dagq::it::lifecycle_install::the_release_job_brings_the_plugin_after_the_binary,37238974545,37246370940,2026-10-05T00:09:22Z,879,1,1439;1359;1660;838;1640;1480;1386,it,1439;1660;838;1640;1386,0,1,,1
dagq::it::lifecycle_install::the_release_job_installs_a_release_like_a_build_and_asks_on_a_failure,37238974545,37246370940,2026-10-05T00:09:22Z,879,1,1439;1359;1660;838;1640;1480;1386,it,1439;1660;838;1640;1386,0,1,,1
dagq::it::lifecycle_install::the_release_job_skips_cargo_when_the_binary_is_that_release,37238974545,37246370940,2026-10-05T00:09:22Z,879,1,1439;1359;1660;838;1640;1480;1386,it,1439;1660;838;1640;1386,0,1,,1
dagq::it::lifecycle_install::the_update_job_brings_back_a_pid_that_registered_again_and_died,37238974545,37246370940,2026-10-05T00:09:22Z,879,1,1439;1359;1660;838;1640;1480;1386,it,1439;1660;838;1640;1386,0,1,,1
dagq::it::lifecycle_install::the_update_job_brings_back_every_supervisor_when_none_takes_the_handoff,37238974545,37246370940,2026-10-05T00:09:22Z,879,1,1439;1359;1660;838;1640;1480;1386,it,1439;1660;838;1640;1386,0,1,,1
dagq::it::lifecycle_install::the_update_job_brings_back_only_its_supervisor_when_the_install_fails_before_the_handoff,37238974545,37246370940,2026-10-05T00:09:22Z,879,1,1439;1359;1660;838;1640;1480;1386,it,1439;1660;838;1640;1386,0,1,,1
dagq::it::lifecycle_install::the_update_job_follows_a_pid_that_registered_again_under_the_new_build,37238974545,37246370940,2026-10-05T00:09:22Z,879,1,1439;1359;1660;838;1640;1480;1386,it,1439;1660;838;1640;1386,0,1,,1
dagq::it::lifecycle_install::the_update_job_follows_the_row_registered_after_the_handoff_over_a_stale_one,37238974545,37246370940,2026-10-05T00:09:22Z,879,1,1439;1359;1660;838;1640;1480;1386,it,1439;1660;838;1640;1386,0,1,,1
dagq::it::lifecycle_install::the_update_job_installs_past_a_supervisor_that_took_the_handoff_as_the_wait_ran_out,37238974545,37246370940,2026-10-05T00:09:22Z,879,1,1439;1359;1660;838;1640;1480;1386,it,1439;1660;838;1640;1386,0,1,,1
dagq::it::lifecycle_install::the_update_job_installs_watches_restores_and_asks,37238974545,37246370940,2026-10-05T00:09:22Z,879,1,1439;1359;1660;838;1640;1480;1386,it,1439;1660;838;1640;1386,0,1,,1
dagq::it::lifecycle_install::the_update_job_keeps_the_binary_when_only_some_take_the_handoff,37238974545,37246370940,2026-10-05T00:09:22Z,879,1,1439;1359;1660;838;1640;1480;1386,it,1439;1660;838;1640;1386,0,1,,1
dagq::it::lifecycle_install::the_update_job_marks_a_supervisor_that_stops_as_stopping,37238974545,37246370940,2026-10-05T00:09:22Z,879,1,1439;1359;1660;838;1640;1480;1386,it,1439;1660;838;1640;1386,0,1,,1
dagq::it::lifecycle_install::the_update_job_names_the_e2e_it_did_not_run_for_want_of_podman,37238974545,37246370940,2026-10-05T00:09:22Z,879,1,1439;1359;1660;838;1640;1480;1386,it,1439;1660;838;1640;1386,0,1,,1
dagq::it::lifecycle_install::the_update_job_passes_flaky_and_quarantined_e2e_and_fails_the_rest,37238974545,37246370940,2026-10-05T00:09:22Z,879,1,1439;1359;1660;838;1640;1480;1386,it,1439;1660;838;1640;1386,0,1,,1
dagq::it::lifecycle_install::the_update_job_puts_the_client_built_beside_dagq_in_place_with_it,37238974545,37246370940,2026-10-05T00:09:22Z,879,1,1439;1359;1660;838;1640;1480;1386,it,1439;1660;838;1640;1386,0,1,,1
dagq::it::lifecycle_install::the_update_job_replaces_nothing_unless_the_build_passes_its_e2e,37238974545,37246370940,2026-10-05T00:09:22Z,879,1,1439;1359;1660;838;1640;1480;1386,it,1439;1660;838;1640;1386,0,1,,1
dagq::it::lifecycle_install::the_update_job_watches_every_supervisor_it_handed_over,37238974545,37246370940,2026-10-05T00:09:22Z,879,1,1439;1359;1660;838;1640;1480;1386,it,1439;1660;838;1640;1386,0,1,,1
dagq::it::lifecycle_plan::a_new_planner_does_not_take_the_idle_marker_an_old_database_left,37238974545,37246370940,2026-10-05T00:09:22Z,879,1,1439;1359;1660;838;1640;1480;1386,it,1439;1660;838;1640;1386,0,1,,1
dagq::it::lifecycle_plan::a_persons_planner_whose_agent_exited_past_the_grace_is_closed,37238974545,37246370940,2026-10-05T00:09:22Z,879,1,1439;1359;1660;838;1640;1480;1386,it,1439;1660;838;1640;1386,0,1,,1
dagq::it::lifecycle_plan::a_planner_session_is_judged_alive_and_idle_like_a_worker,37238974545,37246370940,2026-10-05T00:09:22Z,879,1,1439;1359;1660;838;1640;1480;1386,it,1439;1660;838;1640;1386,0,1,,1
dagq::it::lifecycle_plan::a_planner_whose_workspace_did_not_open_leaves_a_closed_record,37238974545,37246370940,2026-10-05T00:09:22Z,879,1,1439;1359;1660;838;1640;1480;1386,it,1439;1660;838;1640;1386,0,1,,1
dagq::it::lifecycle_plan::a_planner_workspace_made_although_its_create_failed_is_not_left_open,37238974545,37246370940,2026-10-05T00:09:22Z,879,1,1439;1359;1660;838;1640;1480;1386,it,1439;1660;838;1640;1386,0,1,,1
dagq::it::lifecycle_plan::each_planner_opens_a_workspace_of_its_own_and_is_recorded,37238974545,37246370940,2026-10-05T00:09:22Z,879,1,1439;1359;1660;838;1640;1480;1386,it,1439;1660;838;1640;1386,0,1,,1
dagq::it::lifecycle_plan::the_records_of_planners_whose_workspace_and_wrapper_are_gone_are_closed,37238974545,37246370940,2026-10-05T00:09:22Z,879,1,1439;1359;1660;838;1640;1480;1386,it,1439;1660;838;1640;1386,0,1,,1
dagq::it::lifecycle_plan::the_runtime_opens_a_planner_for_a_proposal_with_its_reasons,37238974545,37246370940,2026-10-05T00:09:22Z,879,1,1439;1359;1660;838;1640;1480;1386,it,1439;1660;838;1640;1386,0,1,,1
dagq::it::lifecycle_replace::a_handoff_follows_a_pid_that_registered_again_under_the_new_build,37238974545,37246370940,2026-10-05T00:09:22Z,879,1,1439;1359;1660;838;1640;1480;1386,it,1439;1660;838;1640;1386,0,1,,1
dagq::it::lifecycle_replace::a_handoff_waits_for_every_supervisor_past_a_failure,37238974545,37246370940,2026-10-05T00:09:22Z,879,1,1439;1359;1660;838;1640;1480;1386,it,1439;1660;838;1640;1386,0,1,,1
dagq::it::lifecycle_replace::up_applies_compatible_migrations_and_refuses_breaking_ones,37238974545,37246370940,2026-10-05T00:09:22Z,879,1,1439;1359;1660;838;1640;1480;1386,it,1439;1660;838;1640;1386,0,1,,1
dagq::it::lifecycle_replace::up_drains_a_supervisor_whose_agent_starts_another_binary,37238974545,37246370940,2026-10-05T00:09:22Z,879,1,1439;1359;1660;838;1640;1480;1386,it,1439;1660;838;1640;1386,0,1,,1
dagq::it::lifecycle_replace::up_drains_and_replaces_a_launchd_supervisor_of_another_version,37238974545,37246370940,2026-10-05T00:09:22Z,879,1,1439;1359;1660;838;1640;1480;1386,it,1439;1660;838;1640;1386,0,1,,1
dagq::it::lifecycle_replace::up_drops_the_row_of_a_replaced_supervisor_that_died_without_deregistering,37238974545,37246370940,2026-10-05T00:09:22Z,879,1,1439;1359;1660;838;1640;1480;1386,it,1439;1660;838;1640;1386,0,1,,1
dagq::it::lifecycle_replace::up_finishes_its_steps_when_no_supervisor_takes_the_handoff,37238974545,37246370940,2026-10-05T00:09:22Z,879,1,1439;1359;1660;838;1640;1480;1386,it,1439;1660;838;1640;1386,0,1,,1
dagq::it::lifecycle_replace::up_hands_a_supervisor_of_another_build_over_without_draining_it,37238974545,37246370940,2026-10-05T00:09:22Z,879,1,1439;1359;1660;838;1640;1480;1386,it,1439;1660;838;1640;1386,0,1,,1
dagq::it::lifecycle_replace::up_in_cmux_refuses_a_leftover_supervisor_workspace_before_draining,37238974545,37246370940,2026-10-05T00:09:22Z,879,1,1439;1359;1660;838;1640;1480;1386,it,1439;1660;838;1640;1386,0,1,,1
dagq::it::lifecycle_replace::up_in_cmux_replaces_an_in_cmux_supervisor_of_another_version,37238974545,37246370940,2026-10-05T00:09:22Z,879,1,1439;1359;1660;838;1640;1480;1386,it,1439;1660;838;1640;1386,0,1,,1
dagq::it::lifecycle_replace::up_names_the_supervisors_that_did_not_take_the_handoff,37238974545,37246370940,2026-10-05T00:09:22Z,879,1,1439;1359;1660;838;1640;1480;1386,it,1439;1660;838;1640;1386,0,1,,1
dagq::it::lifecycle_replace::up_no_wait_gives_up_on_a_supervisor_that_does_not_stop,37238974545,37246370940,2026-10-05T00:09:22Z,879,1,1439;1359;1660;838;1640;1480;1386,it,1439;1660;838;1640;1386,0,1,,1
dagq::it::lifecycle_replace::up_no_wait_refuses_to_replace_while_runs_are_in_flight,37238974545,37246370940,2026-10-05T00:09:22Z,879,1,1439;1359;1660;838;1640;1480;1386,it,1439;1660;838;1640;1386,0,1,,1
dagq::it::lifecycle_replace::up_no_wait_refuses_while_a_replaced_supervisor_leases_a_run_at_any_stage,37238974545,37246370940,2026-10-05T00:09:22Z,879,1,1439;1359;1660;838;1640;1480;1386,it,1439;1660;838;1640;1386,0,1,,1
dagq::it::lifecycle_replace::up_proves_the_detached_connection_before_draining_the_old_supervisor,37238974545,37246370940,2026-10-05T00:09:22Z,879,1,1439;1359;1660;838;1640;1480;1386,it,1439;1660;838;1640;1386,0,1,,1
dagq::it::lifecycle_replace::up_reports_a_handoff_that_did_not_happen,37238974545,37246370940,2026-10-05T00:09:22Z,879,1,1439;1359;1660;838;1640;1480;1386,it,1439;1660;838;1640;1386,0,1,,1
dagq::it::lifecycle_replace::up_reuses_a_supervisor_of_this_binary_version,37238974545,37246370940,2026-10-05T00:09:22Z,879,1,1439;1359;1660;838;1640;1480;1386,it,1439;1660;838;1640;1386,0,1,,1
dagq::it::lifecycle_replace::up_terminates_a_replaced_supervisor_that_launchd_did_not_signal,37238974545,37246370940,2026-10-05T00:09:22Z,879,1,1439;1359;1660;838;1640;1480;1386,it,1439;1660;838;1640;1386,0,1,,1
dagq::it::lifecycle_up::no_claude_up_needs_no_claude_plugin_or_trust_and_opens_no_inbox,37238974545,37246370940,2026-10-05T00:09:22Z,879,1,1439;1359;1660;838;1640;1480;1386,it,1439;1660;838;1640;1386,0,1,,1
dagq::it::lifecycle_up::no_claude_up_refuses_to_reuse_a_supervisor_with_another_policy,37238974545,37246370940,2026-10-05T00:09:22Z,879,1,1439;1359;1660;838;1640;1480;1386,it,1439;1660;838;1640;1386,0,1,,1
dagq::it::lifecycle_up::up_and_down_record_what_they_did_through_tracing,37238974545,37246370940,2026-10-05T00:09:22Z,879,1,1439;1359;1660;838;1640;1480;1386,it,1439;1660;838;1640;1386,0,1,,1
dagq::it::lifecycle_up::up_colors_labels_and_pins_the_inbox_on_every_up,37238974545,37246370940,2026-10-05T00:09:22Z,879,1,1439;1359;1660;838;1640;1480;1386,it,1439;1660;838;1640;1386,0,1,,1
dagq::it::lifecycle_up::up_fails_before_writing_the_plist_when_cmux_refuses_the_detached_ping,37238974545,37246370940,2026-10-05T00:09:22Z,879,1,1439;1359;1660;838;1640;1480;1386,it,1439;1660;838;1640;1386,0,1,,1
dagq::it::lifecycle_up::up_fails_when_claude_code_has_not_trusted_the_repository,37238974545,37246370940,2026-10-05T00:09:22Z,879,1,1439;1359;1660;838;1640;1480;1386,it,1439;1660;838;1640;1386,0,1,,1
dagq::it::lifecycle_up::up_fails_when_the_started_supervisor_never_registers,37238974545,37246370940,2026-10-05T00:09:22Z,879,1,1439;1359;1660;838;1640;1480;1386,it,1439;1660;838;1640;1386,0,1,,1
dagq::it::lifecycle_up::up_forgets_the_retired_and_the_resident_planner_workspaces_and_opens_only_the_inbox,37238974545,37246370940,2026-10-05T00:09:22Z,879,1,1439;1359;1660;838;1640;1480;1386,it,1439;1660;838;1640;1386,0,1,,1
dagq::it::lifecycle_up::up_from_a_linked_worktree_checks_the_trust_of_the_main_checkout,37238974545,37246370940,2026-10-05T00:09:22Z,879,1,1439;1359;1660;838;1640;1480;1386,it,1439;1660;838;1640;1386,0,1,,1
dagq::it::lifecycle_up::up_opens_the_inbox_with_the_cmux_guardrail_and_status_shows_whether_it_has_it,37238974545,37246370940,2026-10-05T00:09:22Z,879,1,1439;1359;1660;838;1640;1480;1386,it,1439;1660;838;1640;1386,0,1,,1
dagq::it::lifecycle_up::up_passes_max_load_to_the_supervisor_only_when_given,37238974545,37246370940,2026-10-05T00:09:22Z,879,1,1439;1359;1660;838;1640;1480;1386,it,1439;1660;838;1640;1386,0,1,,1
dagq::it::lifecycle_up::up_passes_parallel_and_max_waiting_only_when_given,37238974545,37246370940,2026-10-05T00:09:22Z,879,1,1439;1359;1660;838;1640;1480;1386,it,1439;1660;838;1640;1386,0,1,,1
dagq::it::lifecycle_up::up_passes_runtime_planners_only_when_given,37238974545,37246370940,2026-10-05T00:09:22Z,879,1,1439;1359;1660;838;1640;1480;1386,it,1439;1660;838;1640;1386,0,1,,1
dagq::it::lifecycle_up::up_proves_the_connection_with_the_exported_password_and_stores_it_in_the_plist,37238974545,37246370940,2026-10-05T00:09:22Z,879,1,1439;1359;1660;838;1640;1480;1386,it,1439;1660;838;1640;1386,0,1,,1
dagq::it::lifecycle_up::up_prunes_dead_registrations_and_keeps_live_ones_and_leases,37238974545,37246370940,2026-10-05T00:09:22Z,879,1,1439;1359;1660;838;1640;1480;1386,it,1439;1660;838;1640;1386,0,1,,1
dagq::it::lifecycle_up::up_prunes_rows_whose_pid_is_dead_or_taken_by_another_process,37238974545,37246370940,2026-10-05T00:09:22Z,879,1,1439;1359;1660;838;1640;1480;1386,it,1439;1660;838;1640;1386,0,1,,1
dagq::it::lifecycle_up::up_refuses_a_broker_mode_without_podman_on_its_path,37238974545,37246370940,2026-10-05T00:09:22Z,879,1,1439;1359;1660;838;1640;1480;1386,it,1439;1660;838;1640;1386,0,1,,1
dagq::it::lifecycle_up::up_refuses_a_run_env_program_its_path_does_not_find,37238974545,37246370940,2026-10-05T00:09:22Z,879,1,1439;1359;1660;838;1640;1480;1386,it,1439;1660;838;1640;1386,0,1,,1
dagq::it::lifecycle_up::up_refuses_a_wrong_language_and_gives_the_inbox_a_right_one,37238974545,37246370940,2026-10-05T00:09:22Z,879,1,1439;1359;1660;838;1640;1480;1386,it,1439;1660;838;1640;1386,0,1,,1
dagq::it::lifecycle_up::up_reopens_a_closed_inbox_and_down_leaves_the_sessions_open,37238974545,37246370940,2026-10-05T00:09:22Z,879,1,1439;1359;1660;838;1640;1480;1386,it,1439;1660;838;1640;1386,0,1,,1
dagq::it::lifecycle_up::up_reports_runs_that_wait_for_a_person_or_the_supervisor,37238974545,37246370940,2026-10-05T00:09:22Z,879,1,1439;1359;1660;838;1640;1480;1386,it,1439;1660;838;1640;1386,0,1,,1
dagq::it::lifecycle_up::up_requires_cmux_claude_and_an_initialized_queue,37238974545,37246370940,2026-10-05T00:09:22Z,879,1,1439;1359;1660;838;1640;1480;1386,it,1439;1660;838;1640;1386,0,1,,1
dagq::it::lifecycle_up::up_skips_the_inbox_inside_its_own_session,37238974545,37246370940,2026-10-05T00:09:22Z,879,1,1439;1359;1660;838;1640;1480;1386,it,1439;1660;838;1640;1386,0,1,,1
dagq::it::lifecycle_up::up_starts_the_agent_and_the_sessions_once_and_reuses_them_after,37238974545,37246370940,2026-10-05T00:09:22Z,879,1,1439;1359;1660;838;1640;1480;1386,it,1439;1660;838;1640;1386,0,1,,1
dagq::it::lifecycle_up::up_stores_the_exported_config_home_in_the_plist,37238974545,37246370940,2026-10-05T00:09:22Z,879,1,1439;1359;1660;838;1640;1480;1386,it,1439;1660;838;1640;1386,0,1,,1
dagq::it::lifecycle_up::up_warns_and_goes_on_when_cmux_refuses_the_look,37238974545,37246370940,2026-10-05T00:09:22Z,879,1,1439;1359;1660;838;1640;1480;1386,it,1439;1660;838;1640;1386,0,1,,1
dagq::it::lifecycle_up::up_warns_and_goes_on_when_the_workspace_group_cannot_be_made,37238974545,37246370940,2026-10-05T00:09:22Z,879,1,1439;1359;1660;838;1640;1480;1386,it,1439;1660;838;1640;1386,0,1,,1
dagq::it::main_checkout::a_bare_repository_stops_up_supervise_integrate_and_doctor,37238974545,37246370940,2026-10-05T00:09:22Z,879,1,1439;1359;1660;838;1640;1480;1386,it,1439;1660;838;1640;1386,0,1,,1
dagq::it::main_checkout::the_parent_of_a_dot_git_is_the_main_checkout_from_anywhere,37238974545,37246370940,2026-10-05T00:09:22Z,879,1,1439;1359;1660;838;1640;1480;1386,it,1439;1660;838;1640;1386,0,1,,1
dagq::it::main_checkout::up_in_a_separate_git_dir_repository_trusts_the_main_worktree,37238974545,37246370940,2026-10-05T00:09:22Z,879,1,1439;1359;1660;838;1640;1480;1386,it,1439;1660;838;1640;1386,0,1,,1
dagq::it::plan_review::a_concern_asks_the_inbox_and_the_supervisor_applies_the_answers,37238974545,37246370940,2026-10-05T00:09:22Z,879,1,1439;1359;1660;838;1640;1480;1386,it,1439;1660;838;1640;1386,0,1,,1
dagq::it::plan_review::a_duplicate_plan_review_cancels_is_recorded_as_cancel_duplicate_of_does,37238974545,37246370940,2026-10-05T00:09:22Z,879,1,1439;1359;1660;838;1640;1480;1386,it,1439;1660;838;1640;1386,0,1,,1
dagq::it::plan_review::a_failed_plan_review_waits_for_a_person_and_is_not_retried,37238974545,37246370940,2026-10-05T00:09:22Z,879,1,1439;1359;1660;838;1640;1480;1386,it,1439;1660;838;1640;1386,0,1,,1
dagq::it::plan_review::a_job_failing_after_an_edit_of_its_task_is_not_held_and_the_review_runs_again,37238974545,37246370940,2026-10-05T00:09:22Z,879,1,1439;1359;1660;838;1640;1480;1386,it,1439;1660;838;1640;1386,0,1,,1
dagq::it::plan_review::a_job_failing_after_edits_before_it_or_to_another_proposal_is_held,37238974545,37246370940,2026-10-05T00:09:22Z,879,1,1439;1359;1660;838;1640;1480;1386,it,1439;1660;838;1640;1386,0,1,,1
dagq::it::plan_review::a_passing_plan_review_readies_the_proposal_with_its_actions,37238974545,37246370940,2026-10-05T00:09:22Z,879,1,1439;1359;1660;838;1640;1480;1386,it,1439;1660;838;1640;1386,0,1,,1
dagq::it::plan_review::a_passing_plan_review_records_a_forecast_snapshot,37238974545,37246370940,2026-10-05T00:09:22Z,879,1,1439;1359;1660;838;1640;1480;1386,it,1439;1660;838;1640;1386,0,1,,1
dagq::it::plan_review::a_plan_review_at_the_usage_limit_joins_the_cost_ask_and_starts_again_after_done,37238974545,37246370940,2026-10-05T00:09:22Z,879,1,1439;1359;1660;838;1640;1480;1386,it,1439;1660;838;1640;1386,0,1,,1
dagq::it::plan_review::a_plan_review_duplicate_of_a_canceled_missing_or_the_same_task_fails,37238974545,37246370940,2026-10-05T00:09:22Z,879,1,1439;1359;1660;838;1640;1480;1386,it,1439;1660;838;1640;1386,0,1,,1
dagq::it::plan_review::a_plan_review_verdict_is_applied_at_its_jobs_request_and_a_broken_one_fails_closed,37238974545,37246370940,2026-10-05T00:09:22Z,879,1,1439;1359;1660;838;1640;1480;1386,it,1439;1660;838;1640;1386,0,1,,1
dagq::it::plan_review::a_planner_question_answer_another_supervisor_claimed_is_not_typed_again,37238974545,37246370940,2026-10-05T00:09:22Z,879,1,1439;1359;1660;838;1640;1480;1386,it,1439;1660;838;1640;1386,0,1,,1
dagq::it::plan_review::a_planner_question_answer_is_typed_into_its_planner_or_carried_by_a_new_one,37238974545,37246370940,2026-10-05T00:09:22Z,879,1,1439;1359;1660;838;1640;1480;1386,it,1439;1660;838;1640;1386,0,1,,1
dagq::it::plan_review::a_proposal_with_an_interrupt_task_is_reviewed_first,37238974545,37246370940,2026-10-05T00:09:22Z,879,1,1439;1359;1660;838;1640;1480;1386,it,1439;1660;838;1640;1386,0,1,,1
dagq::it::plan_review::a_ready_task_the_review_reopens_leaves_the_claim_for_a_planner,37238974545,37246370940,2026-10-05T00:09:22Z,879,1,1439;1359;1660;838;1640;1480;1386,it,1439;1660;838;1640;1386,0,1,,1
dagq::it::plan_review::a_revise_goes_to_the_live_planner_with_the_precedents_and_times_out_to_the_inbox,37238974545,37246370940,2026-10-05T00:09:22Z,879,1,1439;1359;1660;838;1640;1480;1386,it,1439;1660;838;1640;1386,0,1,,1
dagq::it::plan_review::a_revise_past_the_limit_is_a_concern,37238974545,37246370940,2026-10-05T00:09:22Z,879,1,1439;1359;1660;838;1640;1480;1386,it,1439;1660;838;1640;1386,0,1,,1
dagq::it::plan_review::a_revise_without_a_live_planner_opens_planners_within_the_limit,37238974545,37246370940,2026-10-05T00:09:22Z,879,1,1439;1359;1660;838;1640;1480;1386,it,1439;1660;838;1640;1386,0,1,,1
dagq::it::plan_review::a_verdict_on_a_task_edited_during_its_review_is_not_applied_and_the_review_runs_again,37238974545,37246370940,2026-10-05T00:09:22Z,879,1,1439;1359;1660;838;1640;1480;1386,it,1439;1660;838;1640;1386,0,1,,1
dagq::it::plan_review::a_withdrawn_proposal_closes_its_concern_and_its_drafts_are_free,37238974545,37246370940,2026-10-05T00:09:22Z,879,1,1439;1359;1660;838;1640;1480;1386,it,1439;1660;838;1640;1386,0,1,,1
dagq::it::plan_review::a_withdrawn_reopen_gets_a_planner_of_the_runtimes_with_the_reason,37238974545,37246370940,2026-10-05T00:09:22Z,879,1,1439;1359;1660;838;1640;1480;1386,it,1439;1660;838;1640;1386,0,1,,1
dagq::it::plan_review::an_answered_plan_ask_closed_unapplied_records_ask_closed,37238974545,37246370940,2026-10-05T00:09:22Z,879,1,1439;1359;1660;838;1640;1480;1386,it,1439;1660;838;1640;1386,0,1,,1
dagq::it::plan_review::an_in_progress_tasks_expected_files_are_what_its_run_changed,37238974545,37246370940,2026-10-05T00:09:22Z,879,1,1439;1359;1660;838;1640;1480;1386,it,1439;1660;838;1640;1386,0,1,,1
dagq::it::plan_review::drafts_of_the_runtime_get_planners_within_the_limit_and_a_persons_draft_none,37238974545,37246370940,2026-10-05T00:09:22Z,879,1,1439;1359;1660;838;1640;1480;1386,it,1439;1660;838;1640;1386,0,1,,1
dagq::it::plan_review::edits_before_a_review_or_to_another_proposal_leave_its_verdict_applied,37238974545,37246370940,2026-10-05T00:09:22Z,879,1,1439;1359;1660;838;1640;1480;1386,it,1439;1660;838;1640;1386,0,1,,1
dagq::it::plan_review::no_claude_plan_review_waits_for_manual_handling_and_opens_no_planner,37238974545,37246370940,2026-10-05T00:09:22Z,879,1,1439;1359;1660;838;1640;1480;1386,it,1439;1660;838;1640;1386,0,1,,1
dagq::it::plan_review::plan_review_records_each_tasks_predicted_weight_and_goes_on_without_one,37238974545,37246370940,2026-10-05T00:09:22Z,879,1,1439;1359;1660;838;1640;1480;1386,it,1439;1660;838;1640;1386,0,1,,1
dagq::it::plan_review::role_tables_set_the_plan_review_and_raise_the_revise_planner_from_them,37238974545,37246370940,2026-10-05T00:09:22Z,879,1,1439;1359;1660;838;1640;1480;1386,it,1439;1660;838;1640;1386,0,1,,1
dagq::it::plan_review::the_prompt_lists_each_tasks_duplicate_candidates_but_not_the_proposals_own,37238974545,37246370940,2026-10-05T00:09:22Z,879,1,1439;1359;1660;838;1640;1480;1386,it,1439;1660;838;1640;1386,0,1,,1
dagq::it::plan_review::the_prompt_lists_ready_tasks_in_summary_and_in_full_those_on_the_proposals_hotspot,37238974545,37246370940,2026-10-05T00:09:22Z,879,1,1439;1359;1660;838;1640;1480;1386,it,1439;1660;838;1640;1386,0,1,,1
dagq::it::plan_review::the_search_candidates_of_a_japanese_title_include_similar_japanese_tasks,37238974545,37246370940,2026-10-05T00:09:22Z,879,1,1439;1359;1660;838;1640;1480;1386,it,1439;1660;838;1640;1386,0,1,,1
dagq::it::plan_review_codex::a_codex_that_cannot_log_in_moves_the_plan_review_to_claude,37238974545,37246370940,2026-10-05T00:09:22Z,879,1,1439;1359;1660;838;1640;1480;1386,it,1439;1660;838;1640;1386,0,1,,1
dagq::it::plan_review_codex::a_plan_review_on_codex_runs_read_only_and_applies_its_verdicts,37238974545,37246370940,2026-10-05T00:09:22Z,879,1,1439;1359;1660;838;1640;1480;1386,it,1439;1660;838;1640;1386,0,1,,1
dagq::it::plan_review_codex::no_claude_plan_review_runs_on_codex_and_never_falls_back,37238974545,37246370940,2026-10-05T00:09:22Z,879,1,1439;1359;1660;838;1640;1480;1386,it,1439;1660;838;1640;1386,0,1,,1
dagq::it::plan_review_codex::without_codex_the_plan_review_starts_on_claude,37238974545,37246370940,2026-10-05T00:09:22Z,879,1,1439;1359;1660;838;1640;1480;1386,it,1439;1660;838;1640;1386,0,1,,1
dagq::it::plan_review_concern::a_sure_ready_concern_is_applied_as_a_pass_with_its_actions_and_counted,37238974545,37246370940,2026-10-05T00:09:22Z,879,1,1439;1359;1660;838;1640;1480;1386,it,1439;1660;838;1640;1386,0,1,,1
dagq::it::plan_review_concern::a_sure_ready_with_an_action_that_does_not_hold_fails_as_a_pass_would,37238974545,37246370940,2026-10-05T00:09:22Z,879,1,1439;1359;1660;838;1640;1480;1386,it,1439;1660;838;1640;1386,0,1,,1
dagq::it::plan_review_concern::a_sure_send_back_is_a_revise_counted_toward_the_limit_then_a_person_decides,37238974545,37246370940,2026-10-05T00:09:22Z,879,1,1439;1359;1660;838;1640;1480;1386,it,1439;1660;838;1640;1386,0,1,,1
dagq::it::plan_review_concern::low_scope_discard_and_the_old_shape_wait_for_a_person_with_the_recommendation,37238974545,37246370940,2026-10-05T00:09:22Z,879,1,1439;1359;1660;838;1640;1480;1386,it,1439;1660;838;1640;1386,0,1,,1
dagq::it::plan_review_launch::a_job_past_the_argument_limit_fails_alone_and_holds_no_provider,37238974545,37246370940,2026-10-05T00:09:22Z,879,1,1439;1359;1660;838;1640;1480;1386,it,1439;1660;838;1640;1386,0,1,,1
dagq::it::plan_review_launch::a_missing_executable_still_holds_its_provider,37238974545,37246370940,2026-10-05T00:09:22Z,879,1,1439;1359;1660;838;1640;1480;1386,it,1439;1660;838;1640;1386,0,1,,1
dagq::it::plan_review_prompt_bytes::a_failed_plan_review_records_its_prompts_bytes,37238974545,37246370940,2026-10-05T00:09:22Z,879,1,1439;1359;1660;838;1640;1480;1386,it,1439;1660;838;1640;1386,0,1,,1
dagq::it::plan_review_prompt_bytes::a_plan_review_records_its_prompts_bytes_when_it_ends,37238974545,37246370940,2026-10-05T00:09:22Z,879,1,1439;1359;1660;838;1640;1480;1386,it,1439;1660;838;1640;1386,0,1,,1
dagq::it::plan_review_reasons::a_concerns_codes_and_the_answers_outcomes_are_recorded_and_tallied,37238974545,37246370940,2026-10-05T00:09:22Z,879,1,1439;1359;1660;838;1640;1480;1386,it,1439;1660;838;1640;1386,0,1,,1
dagq::it::planner_close::a_persons_planner_whose_workspace_does_not_close_stays_open,37238974545,37246370940,2026-10-05T00:09:22Z,879,1,1439;1359;1660;838;1640;1480;1386,it,1439;1660;838;1640;1386,0,1,,1
dagq::it::planner_close::the_supervisor_closes_a_persons_planner_once_its_agent_exited_past_the_grace,37238974545,37246370940,2026-10-05T00:09:22Z,879,1,1439;1359;1660;838;1640;1480;1386,it,1439;1660;838;1640;1386,0,1,,1
dagq::it::planner_headless::a_headless_draft_planner_takes_the_answer_of_its_question_as_its_next_turn,37238974545,37246370940,2026-10-05T00:09:22Z,879,1,1439;1359;1660;838;1640;1480;1386,it,1439;1660;838;1640;1386,0,1,,1
dagq::it::planner_headless::a_headless_planner_opened_for_a_revise_runs_its_prompt_as_a_turn_and_ends_on_the_exit_request,37238974545,37246370940,2026-10-05T00:09:22Z,879,1,1439;1359;1660;838;1640;1480;1386,it,1439;1660;838;1640;1386,0,1,,1
dagq::it::planner_headless::a_headless_request_planner_takes_the_answer_as_its_next_turn_and_declines,37238974545,37246370940,2026-10-05T00:09:22Z,879,1,1439;1359;1660;838;1640;1480;1386,it,1439;1660;838;1640;1386,0,1,,1
dagq::it::planner_headless::the_sweep_keeps_a_live_background_planner_and_closes_an_ended_one_as_exited,37238974545,37246370940,2026-10-05T00:09:22Z,879,1,1439;1359;1660;838;1640;1480;1386,it,1439;1660;838;1640;1386,0,1,,1
dagq::it::planner_headless::the_turn_a_killed_background_planner_wrapper_left_is_stopped_as_the_planner_closes,37238974545,37246370940,2026-10-05T00:09:22Z,879,1,1439;1359;1660;838;1640;1480;1386,it,1439;1660;838;1640;1386,0,1,,1
dagq::it::planner_headless::without_the_route_or_with_interactive_the_runtimes_planner_opens_a_workspace,37238974545,37246370940,2026-10-05T00:09:22Z,879,1,1439;1359;1660;838;1640;1480;1386,it,1439;1660;838;1640;1386,0,1,,1
dagq::it::planner_headless_stats::a_headless_planners_session_and_route_are_read_by_stats_and_kpi,37238974545,37246370940,2026-10-05T00:09:22Z,879,1,1439;1359;1660;838;1640;1480;1386,it,1439;1660;838;1640;1386,0,1,,1
dagq::it::planner_headless_turns::a_headless_planners_turn_stopped_at_its_limit_tells_the_inbox_and_the_planner_closes,37238974545,37246370940,2026-10-05T00:09:22Z,879,1,1439;1359;1660;838;1640;1480;1386,it,1439;1660;838;1640;1386,0,1,,1
dagq::it::planner_headless_turns::a_headless_request_planners_submission_proposes_the_request_and_its_end_closes_it,37238974545,37246370940,2026-10-05T00:09:22Z,879,1,1439;1359;1660;838;1640;1480;1386,it,1439;1660;838;1640;1386,0,1,,1
dagq::it::planner_headless_turns::a_live_headless_planner_takes_the_next_revise_of_its_proposal_as_its_next_turn,37238974545,37246370940,2026-10-05T00:09:22Z,879,1,1439;1359;1660;838;1640;1480;1386,it,1439;1660;838;1640;1386,0,1,,1
dagq::it::planner_headless_turns::a_request_written_during_a_turn_at_the_usage_limit_waits_for_the_retry_of_that_turn,37238974545,37246370940,2026-10-05T00:09:22Z,879,1,1439;1359;1660;838;1640;1480;1386,it,1439;1660;838;1640;1386,0,1,,1
dagq::it::planner_headless_turns::the_sweep_tells_of_a_headless_planners_turn_stopped_at_its_limit_as_it_closes_it,37238974545,37246370940,2026-10-05T00:09:22Z,879,1,1439;1359;1660;838;1640;1480;1386,it,1439;1660;838;1640;1386,0,1,,1
dagq::it::planner_screen_idle::a_persons_planner_shows_idle_by_its_screen_and_is_not_asked_to_exit,37238974545,37246370940,2026-10-05T00:09:22Z,879,1,1439;1359;1660;838;1640;1480;1386,it,1439;1660;838;1640;1386,0,1,,1
dagq::it::planner_screen_idle::a_runtime_planner_is_idle_only_once_its_agent_is_recorded,37238974545,37246370940,2026-10-05T00:09:22Z,879,1,1439;1359;1660;838;1640;1480;1386,it,1439;1660;838;1640;1386,0,1,,1
dagq::it::planner_screen_idle::a_runtime_planner_whose_screen_shows_background_work_is_not_asked_to_exit,37238974545,37246370940,2026-10-05T00:09:22Z,879,1,1439;1359;1660;838;1640;1480;1386,it,1439;1660;838;1640;1386,0,1,,1
dagq::it::planner_screen_idle::a_runtime_planner_without_its_marker_is_ended_by_its_screen,37238974545,37246370940,2026-10-05T00:09:22Z,879,1,1439;1359;1660;838;1640;1480;1386,it,1439;1660;838;1640;1386,0,1,,1
dagq::it::planner_slots::a_planner_idle_after_its_typed_answer_is_ended_even_when_the_ask_closed_later,37238974545,37246370940,2026-10-05T00:09:22Z,879,1,1439;1359;1660;838;1640;1480;1386,it,1439;1660;838;1640;1386,0,1,,1
dagq::it::planner_slots::a_planner_waiting_on_a_person_keeps_its_place_past_the_timeout,37238974545,37246370940,2026-10-05T00:09:22Z,879,1,1439;1359;1660;838;1640;1480;1386,it,1439;1660;838;1640;1386,0,1,,1
dagq::it::planner_slots::a_revise_at_the_limit_names_its_holders_and_frees_a_place_past_the_timeout,37238974545,37246370940,2026-10-05T00:09:22Z,879,1,1439;1359;1660;838;1640;1480;1386,it,1439;1660;838;1640;1386,0,1,,1
dagq::it::planner_slots::the_supervisor_table_sets_the_limit_of_the_runtimes_planners,37238974545,37246370940,2026-10-05T00:09:22Z,879,1,1439;1359;1660;838;1640;1480;1386,it,1439;1660;838;1640;1386,0,1,,1
dagq::it::planner_timeout::a_planner_inferred_idle_by_its_screen_is_not_told_to_the_inbox,37238974545,37246370940,2026-10-05T00:09:22Z,879,1,1439;1359;1660;838;1640;1480;1386,it,1439;1660;838;1640;1386,0,1,,1
dagq::it::planner_timeout::a_silent_finding_planner_is_told_to_the_inbox_once,37238974545,37246370940,2026-10-05T00:09:22Z,879,1,1439;1359;1660;838;1640;1480;1386,it,1439;1660;838;1640;1386,0,1,,1
dagq::it::planner_timeout::a_silent_runtime_planner_is_told_to_the_inbox_once,37238974545,37246370940,2026-10-05T00:09:22Z,879,1,1439;1359;1660;838;1640;1480;1386,it,1439;1660;838;1640;1386,0,1,,1
dagq::it::queue_migration::migration_dropping_the_task_kind_keeps_tasks_and_their_change,37238974545,37246370940,2026-10-05T00:09:22Z,879,1,1439;1359;1660;838;1640;1480;1386,it,1439;1660;838;1640;1386,0,1,,1
dagq::it::queue_service::a_service_of_another_build_is_replaced_once_and_then_accepted,37238974545,37246370940,2026-10-05T00:09:22Z,879,1,1439;1359;1660;838;1640;1480;1386,it,1439;1660;838;1640;1386,0,1,,1
dagq::it::queue_service::a_service_stops_once_the_test_process_that_started_it_is_gone,37238974545,37246370940,2026-10-05T00:09:22Z,879,1,1439;1359;1660;838;1640;1480;1386,it,1439;1660;838;1640;1386,0,1,,1
dagq::it::queue_service::a_service_that_keeps_dying_is_left_to_a_person_after_three_starts,37238974545,37246370940,2026-10-05T00:09:22Z,879,1,1439;1359;1660;838;1640;1480;1386,it,1439;1660;838;1640;1386,0,1,,1
dagq::it::queue_service::status_doctor_and_service_status_report_the_service,37238974545,37246370940,2026-10-05T00:09:22Z,879,1,1439;1359;1660;838;1640;1480;1386,it,1439;1660;838;1640;1386,0,1,,1
dagq::it::queue_service::the_last_supervisor_down_asked_stops_the_service_when_its_drain_ends,37238974545,37246370940,2026-10-05T00:09:22Z,879,1,1439;1359;1660;838;1640;1480;1386,it,1439;1660;838;1640;1386,0,1,,1
dagq::it::queue_service::the_service_answers_its_principals_and_refuses_the_rest_on_its_side,37238974545,37246370940,2026-10-05T00:09:22Z,879,1,1439;1359;1660;838;1640;1480;1386,it,1439;1660;838;1640;1386,0,1,,1
dagq::it::queue_service::the_supervisor_starts_the_service_and_holds_its_claims_while_it_is_down,37238974545,37246370940,2026-10-05T00:09:22Z,879,1,1439;1359;1660;838;1640;1480;1386,it,1439;1660;838;1640;1386,0,1,,1
dagq::it::queue_service::up_starts_the_service_and_down_stops_it,37238974545,37246370940,2026-10-05T00:09:22Z,879,1,1439;1359;1660;838;1640;1480;1386,it,1439;1660;838;1640;1386,0,1,,1
dagq::it::queue_service_client::a_client_mode_dagq_opens_no_queue_and_says_why_it_refused,37238974545,37246370940,2026-10-05T00:09:22Z,879,1,1439;1359;1660;838;1640;1480;1386,it,1439;1660;838;1640;1386,0,1,,1
dagq::it::queue_service_client::a_plan_review_job_s_dagq_reads_through_the_service,37238974545,37246370940,2026-10-05T00:09:22Z,879,1,1439;1359;1660;838;1640;1480;1386,it,1439;1660;838;1640;1386,0,1,,1
dagq::it::queue_service_client::a_worker_s_dagq_runs_its_commands_through_the_service_as_the_worker,37238974545,37246370940,2026-10-05T00:09:22Z,879,1,1439;1359;1660;838;1640;1480;1386,it,1439;1660;838;1640;1386,0,1,,1
dagq::it::queue_service_client::the_observer_s_dagq_writes_its_findings_through_the_service,37238974545,37246370940,2026-10-05T00:09:22Z,879,1,1439;1359;1660;838;1640;1480;1386,it,1439;1660;838;1640;1386,0,1,,1
dagq::it::queue_service_findings::every_role_reads_the_proposals_as_the_command_line_prints_them,37238974545,37246370940,2026-10-05T00:09:22Z,879,1,1439;1359;1660;838;1640;1480;1386,it,1439;1660;838;1640;1386,0,1,,1
dagq::it::queue_service_findings::the_observer_writes_findings_through_the_service_as_the_command_line_does,37238974545,37246370940,2026-10-05T00:09:22Z,879,1,1439;1359;1660;838;1640;1480;1386,it,1439;1660;838;1640;1386,0,1,,1
dagq::it::queue_service_findings::the_worker_and_the_jobs_write_no_findings,37238974545,37246370940,2026-10-05T00:09:22Z,879,1,1439;1359;1660;838;1640;1480;1386,it,1439;1660;838;1640;1386,0,1,,1
dagq::it::queue_service_reads::a_worker_reads_what_a_measure_task_reads_as_the_command_line_prints_it,37238974545,37246370940,2026-10-05T00:09:22Z,879,1,1439;1359;1660;838;1640;1480;1386,it,1439;1660;838;1640;1386,0,1,,1
dagq::it::queue_service_reads::the_read_roles_read_what_their_prompts_name_as_the_command_line_prints_it,37238974545,37246370940,2026-10-05T00:09:22Z,879,1,1439;1359;1660;838;1640;1480;1386,it,1439;1660;838;1640;1386,0,1,,1
dagq::it::queue_service_reads::what_is_no_read_use_case_is_refused_on_the_service_s_side,37238974545,37246370940,2026-10-05T00:09:22Z,879,1,1439;1359;1660;838;1640;1480;1386,it,1439;1660;838;1640;1386,0,1,,1
dagq::it::request_planner::a_planner_question_about_a_request_reaches_its_planner_or_a_new_one_and_three_exhaust_it,37238974545,37246370940,2026-10-05T00:09:22Z,879,1,1439;1359;1660;838;1640;1480;1386,it,1439;1660;838;1640;1386,0,1,,1
dagq::it::request_planner::a_request_the_inbox_records_gets_one_planner_whose_submission_proposes_it,37238974545,37246370940,2026-10-05T00:09:22Z,879,1,1439;1359;1660;838;1640;1480;1386,it,1439;1660;838;1640;1386,0,1,,1
dagq::it::request_planner::an_ask_or_an_event_alone_leads_the_prompt_to_its_goal,37238974545,37246370940,2026-10-05T00:09:22Z,879,1,1439;1359;1660;838;1640;1480;1386,it,1439;1660;838;1640;1386,0,1,,1
dagq::it::request_planner::only_the_inbox_and_a_person_record_a_request,37238974545,37246370940,2026-10-05T00:09:22Z,879,1,1439;1359;1660;838;1640;1480;1386,it,1439;1660;838;1640;1386,0,1,,1
dagq::it::request_planner::only_the_requests_own_planner_declines_it_and_the_inbox_is_told,37238974545,37246370940,2026-10-05T00:09:22Z,879,1,1439;1359;1660;838;1640;1480;1386,it,1439;1660;838;1640;1386,0,1,,1
dagq::it::request_planner::questions_about_two_requests_stay_apart_and_a_closed_answer_opens_no_planner,37238974545,37246370940,2026-10-05T00:09:22Z,879,1,1439;1359;1660;838;1640;1480;1386,it,1439;1660;838;1640;1386,0,1,,1
dagq::it::request_planner::requests_share_the_limit_of_the_runtimes_planners_and_come_first,37238974545,37246370940,2026-10-05T00:09:22Z,879,1,1439;1359;1660;838;1640;1480;1386,it,1439;1660;838;1640;1386,0,1,,1
dagq::it::review_subagents::a_definition_in_the_index_only_is_not_in_the_tree,37238974545,37246370940,2026-10-05T00:09:22Z,879,1,1439;1359;1660;838;1640;1480;1386,it,1439;1660;838;1640;1386,0,1,,1
dagq::it::review_subagents::a_pass_with_every_agents_completed_result_lands,37238974545,37246370940,2026-10-05T00:09:22Z,879,1,1439;1359;1660;838;1640;1480;1386,it,1439;1660;838;1640;1386,0,1,,1
dagq::it::review_subagents::a_review_without_required_agents_is_unchanged,37238974545,37246370940,2026-10-05T00:09:22Z,879,1,1439;1359;1660;838;1640;1480;1386,it,1439;1660;838;1640;1386,0,1,,1
dagq::it::review_subagents::a_selected_agent_without_its_definition_fails_the_review,37238974545,37246370940,2026-10-05T00:09:22Z,879,1,1439;1359;1660;838;1640;1480;1386,it,1439;1660;838;1640;1386,0,1,,1
dagq::it::review_subagents::an_agents_scope_concern_under_a_landing_concern_asks_a_person,37238974545,37246370940,2026-10-05T00:09:22Z,879,1,1439;1359;1660;838;1640;1480;1386,it,1439;1660;838;1640;1386,0,1,,1
dagq::it::review_subagents::an_agents_send_back_under_a_pass_sends_the_run_back,37238974545,37246370940,2026-10-05T00:09:22Z,879,1,1439;1359;1660;838;1640;1480;1386,it,1439;1660;838;1640;1386,0,1,,1
dagq::it::review_subagents::the_material_shows_the_range_its_agents_were_selected_from,37238974545,37246370940,2026-10-05T00:09:22Z,879,1,1439;1359;1660;838;1640;1480;1386,it,1439;1660;838;1640;1386,0,1,,1
dagq::it::review_subagents::the_old_path_of_a_rename_and_a_deleted_path_select_an_agent,37238974545,37246370940,2026-10-05T00:09:22Z,879,1,1439;1359;1660;838;1640;1480;1386,it,1439;1660;838;1640;1386,0,1,,1
dagq::it::review_subagents::the_worker_cannot_change_or_drop_its_required_review,37238974545,37246370940,2026-10-05T00:09:22Z,879,1,1439;1359;1660;838;1640;1480;1386,it,1439;1660;838;1640;1386,0,1,,1
dagq::it::review_subagents::uncommitted_main_checkout_edits_are_not_used,37238974545,37246370940,2026-10-05T00:09:22Z,879,1,1439;1359;1660;838;1640;1480;1386,it,1439;1660;838;1640;1386,0,1,,1
dagq::it::runtime_actor_env::the_review_and_the_recovery_job_run_as_their_own_actors,37238974545,37246370940,2026-10-05T00:09:22Z,879,1,1439;1359;1660;838;1640;1480;1386,it,1439;1660;838;1640;1386,0,1,,1
dagq::it::runtime_adopt::a_supervisor_takes_back_a_run_it_lost_only_after_dropping_its_slot,37238974545,37246370940,2026-10-05T00:09:22Z,879,1,1439;1359;1660;838;1640;1480;1386,it,1439;1660;838;1640;1386,0,1,,1
dagq::it::runtime_adopt::a_supervisor_that_lost_its_lease_stops_touching_the_run,37238974545,37246370940,2026-10-05T00:09:22Z,879,1,1439;1359;1660;838;1640;1480;1386,it,1439;1660;838;1640;1386,0,1,,1
dagq::it::runtime_adopt::an_adopter_does_not_repeat_an_exit_request_recorded_while_the_session_worked,37238974545,37246370940,2026-10-05T00:09:22Z,879,1,1439;1359;1660;838;1640;1480;1386,it,1439;1660;838;1640;1386,0,1,,1
dagq::it::runtime_adopt::an_adopter_does_not_repeat_the_exit_request_recorded_after_a_passed_review,37238974545,37246370940,2026-10-05T00:09:22Z,879,1,1439;1359;1660;838;1640;1480;1386,it,1439;1660;838;1640;1386,0,1,,1
dagq::it::runtime_adopt::an_adopter_does_not_repeat_the_exit_request_recorded_before_a_failed_review_ask,37238974545,37246370940,2026-10-05T00:09:22Z,879,1,1439;1359;1660;838;1640;1480;1386,it,1439;1660;838;1640;1386,0,1,,1
dagq::it::runtime_adopt::dead_supervisor_pid_with_a_fresh_heartbeat_is_adopted,37238974545,37246370940,2026-10-05T00:09:22Z,879,1,1439;1359;1660;838;1640;1480;1386,it,1439;1660;838;1640;1386,0,1,,1
dagq::it::runtime_adopt::exited_wrapper_and_validating_headless_runs_are_adopted_and_validated,37238974545,37246370940,2026-10-05T00:09:22Z,879,1,1439;1359;1660;838;1640;1480;1386,it,1439;1660;838;1640;1386,0,1,,1
dagq::it::runtime_adopt::fresh_leases_dead_wrappers_early_runs_leaseless_and_integrating_runs_are_not_adopted,37238974545,37246370940,2026-10-05T00:09:22Z,879,1,1439;1359;1660;838;1640;1480;1386,it,1439;1660;838;1640;1386,0,1,,1
dagq::it::runtime_adopt::independent_tasks_run_concurrently_and_a_dependent_starts_after_integration,37238974545,37246370940,2026-10-05T00:09:22Z,879,1,1439;1359;1660;838;1640;1480;1386,it,1439;1660;838;1640;1386,0,1,,1
dagq::it::runtime_adopt::integrating_run_with_a_stale_lease_is_not_adopted,37238974545,37246370940,2026-10-05T00:09:22Z,879,1,1439;1359;1660;838;1640;1480;1386,it,1439;1660;838;1640;1386,0,1,,1
dagq::it::runtime_adopt::recovering_one_orphaned_run_leaves_the_other_running,37238974545,37246370940,2026-10-05T00:09:22Z,879,1,1439;1359;1660;838;1640;1480;1386,it,1439;1660;838;1640;1386,0,1,,1
dagq::it::runtime_adopt::stale_lease_of_a_live_wrapper_is_adopted_and_driven_to_awaiting_integration,37238974545,37246370940,2026-10-05T00:09:22Z,879,1,1439;1359;1660;838;1640;1480;1386,it,1439;1660;838;1640;1386,0,1,,1
dagq::it::runtime_adopt::two_supervisors_racing_for_one_stale_lease_adopt_it_once,37238974545,37246370940,2026-10-05T00:09:22Z,879,1,1439;1359;1660;838;1640;1480;1386,it,1439;1660;838;1640;1386,0,1,,1
dagq::it::runtime_ask::an_abandoned_run_is_recovered_and_triaged_by_the_supervisor,37238974545,37246370940,2026-10-05T00:09:22Z,879,1,1439;1359;1660;838;1640;1480;1386,it,1439;1660;838;1640;1386,0,1,,1
dagq::it::runtime_ask::asks_of_a_run_are_attention_for_the_inbox_until_closed,37238974545,37246370940,2026-10-05T00:09:22Z,879,1,1439;1359;1660;838;1640;1480;1386,it,1439;1660;838;1640;1386,0,1,,1
dagq::it::runtime_ask::attention_events_are_read_past_a_cursor_and_wake_watch,37238974545,37246370940,2026-10-05T00:09:22Z,879,1,1439;1359;1660;838;1640;1480;1386,it,1439;1660;838;1640;1386,0,1,,1
dagq::it::runtime_ask::only_a_new_ask_notifies_and_it_goes_to_the_inbox,37238974545,37246370940,2026-10-05T00:09:22Z,879,1,1439;1359;1660;838;1640;1480;1386,it,1439;1660;838;1640;1386,0,1,,1
dagq::it::runtime_background::a_background_headless_run_lands_without_a_workspace,37238974545,37246370940,2026-10-05T00:09:22Z,879,1,1439;1359;1660;838;1640;1480;1386,it,1439;1660;838;1640;1386,0,1,,1
dagq::it::runtime_background::a_background_session_takes_a_revise,37238974545,37246370940,2026-10-05T00:09:22Z,879,1,1439;1359;1660;838;1640;1480;1386,it,1439;1660;838;1640;1386,0,1,,1
dagq::it::runtime_background::a_background_session_takes_the_answer_of_its_question,37238974545,37246370940,2026-10-05T00:09:22Z,879,1,1439;1359;1660;838;1640;1480;1386,it,1439;1660;838;1640;1386,0,1,,1
dagq::it::runtime_background::a_new_supervisor_adopts_a_background_session,37238974545,37246370940,2026-10-05T00:09:22Z,879,1,1439;1359;1660;838;1640;1480;1386,it,1439;1660;838;1640;1386,0,1,,1
dagq::it::runtime_background::a_parked_background_run_is_resumed_in_the_background,37238974545,37246370940,2026-10-05T00:09:22Z,879,1,1439;1359;1660;838;1640;1480;1386,it,1439;1660;838;1640;1386,0,1,,1
dagq::it::runtime_background::a_turn_left_by_a_killed_background_wrapper_is_stopped_and_a_resumed_wrapper_registers,37238974545,37246370940,2026-10-05T00:09:22Z,879,1,1439;1359;1660;838;1640;1480;1386,it,1439;1660;838;1640;1386,0,1,,1
dagq::it::runtime_background::a_workspace_wrapper_still_waits_for_its_workspace,37238974545,37246370940,2026-10-05T00:09:22Z,879,1,1439;1359;1660;838;1640;1480;1386,it not in the table,,0,1,,1
dagq::it::runtime_background::a_wrapper_without_a_terminal_or_workspace_registers_once_its_start_is_recorded,37238974545,37246370940,2026-10-05T00:09:22Z,879,1,1439;1359;1660;838;1640;1480;1386,it,1439;1660;838;1640;1386,0,1,,1
dagq::it::runtime_background::close_workspaces_refuses_a_live_workspace_session_with_a_background_sessions_pids,37238974545,37246370940,2026-10-05T00:09:22Z,879,1,1439;1359;1660;838;1640;1480;1386,it not in the table,,0,1,,1
dagq::it::runtime_background::close_workspaces_stops_a_background_session_while_cmux_cannot_list_the_workspaces,37238974545,37246370940,2026-10-05T00:09:22Z,879,1,1439;1359;1660;838;1640;1480;1386,it not in the table,,0,1,,1
dagq::it::runtime_background::close_workspaces_stops_the_turn_a_killed_background_wrapper_left,37238974545,37246370940,2026-10-05T00:09:22Z,879,1,1439;1359;1660;838;1640;1480;1386,it not in the table,,0,1,,1
dagq::it::runtime_background_process::a_canceled_landing_leaves_nothing_of_the_background_session,37238974545,37246370940,2026-10-05T00:09:22Z,879,1,1439;1359;1660;838;1640;1480;1386,it,1439;1660;838;1640;1386,0,1,,1
dagq::it::runtime_background_process::a_detached_wrapper_and_its_turn_outlive_a_killed_supervisor,37238974545,37246370940,2026-10-05T00:09:22Z,879,1,1439;1359;1660;838;1640;1480;1386,it,1439;1660;838;1640;1386,0,1,,1
dagq::it::runtime_background_process::a_stop_answer_stops_the_background_session,37238974545,37246370940,2026-10-05T00:09:22Z,879,1,1439;1359;1660;838;1640;1480;1386,it,1439;1660;838;1640;1386,0,1,,1
dagq::it::runtime_background_process::stop_processes_stops_a_background_sessions_orphan,37238974545,37246370940,2026-10-05T00:09:22Z,879,1,1439;1359;1660;838;1640;1480;1386,it,1439;1660;838;1640;1386,0,1,,1
dagq::it::runtime_background_process::the_sweep_stops_an_ended_background_session_while_cmux_cannot_list,37238974545,37246370940,2026-10-05T00:09:22Z,879,1,1439;1359;1660;838;1640;1480;1386,it,1439;1660;838;1640;1386,0,1,,1
dagq::it::runtime_broker::a_busy_machine_tells_the_inbox_and_claims_go_on,37238974545,37246370940,2026-10-05T00:09:22Z,879,1,1439;1359;1660;838;1640;1480;1386,it,1439;1660;838;1640;1386,0,1,,1
dagq::it::runtime_broker::a_disabled_answer_turn_gets_no_unmarked_tools,37238974545,37246370940,2026-10-05T00:09:22Z,879,1,1439;1359;1660;838;1640;1480;1386,it,1439;1660;838;1640;1386,0,1,,1
dagq::it::runtime_broker::a_disabled_answer_turn_gets_no_unmarked_tools_and_token_file,37238974545,37246370940,2026-10-05T00:09:22Z,879,1,1439;1359;1660;838;1640;1480;1386,it,1439;1660;838;1640;1386,0,1,,1
dagq::it::runtime_broker::a_disabled_broker_calls_no_podman,37238974545,37246370940,2026-10-05T00:09:22Z,879,1,1439;1359;1660;838;1640;1480;1386,it,1439;1660;838;1640;1386,0,1,,1
dagq::it::runtime_broker::a_disabled_supervisor_removes_an_unmarked_token_file_of_no_run,37238974545,37246370940,2026-10-05T00:09:22Z,879,1,1439;1359;1660;838;1640;1480;1386,it,1439;1660;838;1640;1386,0,1,,1
dagq::it::runtime_broker::a_disabled_supervisor_resumes_a_run_without_the_tools_left_to_it,37238974545,37246370940,2026-10-05T00:09:22Z,879,1,1439;1359;1660;838;1640;1480;1386,it,1439;1660;838;1640;1386,0,1,,1
dagq::it::runtime_broker::a_disabled_supervisor_revokes_the_tokens_an_earlier_mode_left,37238974545,37246370940,2026-10-05T00:09:22Z,879,1,1439;1359;1660;838;1640;1480;1386,it,1439;1660;838;1640;1386,0,1,,1
dagq::it::runtime_broker::a_disabled_sweep_retries_a_failed_run_read,37238974545,37246370940,2026-10-05T00:09:22Z,879,1,1439;1359;1660;838;1640;1480;1386,it,1439;1660;838;1640;1386,0,1,,1
dagq::it::runtime_broker::a_handoff_leaves_the_broker_running,37238974545,37246370940,2026-10-05T00:09:22Z,879,1,1439;1359;1660;838;1640;1480;1386,it,1439;1660;838;1640;1386,0,1,,1
dagq::it::runtime_broker::a_preferred_sweep_retries_a_failed_run_read,37238974545,37246370940,2026-10-05T00:09:22Z,879,1,1439;1359;1660;838;1640;1480;1386,it,1439;1660;838;1640;1386,0,1,,1
dagq::it::runtime_broker::a_preferred_worker_gets_its_token_and_the_end_of_its_run_revokes_it,37238974545,37246370940,2026-10-05T00:09:22Z,879,1,1439;1359;1660;838;1640;1480;1386,it,1439;1660;838;1640;1386,0,1,,1
dagq::it::runtime_broker::a_required_broker_that_cannot_start_holds_the_claims_and_tells_the_inbox,37238974545,37246370940,2026-10-05T00:09:22Z,879,1,1439;1359;1660;838;1640;1480;1386,it,1439;1660;838;1640;1386,0,1,,1
dagq::it::runtime_broker::a_required_broker_without_a_token_holds_the_claims_until_one_can_be_issued,37238974545,37246370940,2026-10-05T00:09:22Z,879,1,1439;1359;1660;838;1640;1480;1386,it,1439;1660;838;1640;1386,0,1,,1
dagq::it::runtime_broker::a_required_reopen_refused_its_tools_opens_no_session,37238974545,37246370940,2026-10-05T00:09:22Z,879,1,1439;1359;1660;838;1640;1480;1386,it,1439;1660;838;1640;1386,0,1,,1
dagq::it::runtime_broker::a_required_repository_without_a_committer_claims_nothing,37238974545,37246370940,2026-10-05T00:09:22Z,879,1,1439;1359;1660;838;1640;1480;1386,it,1439;1660;838;1640;1386,0,1,,1
dagq::it::runtime_broker::a_required_resume_refused_its_tools_is_given_up,37238974545,37246370940,2026-10-05T00:09:22Z,879,1,1439;1359;1660;838;1640;1480;1386,it,1439;1660;838;1640;1386,0,1,,1
dagq::it::runtime_broker::a_required_run_refused_after_its_claim_fails_and_claims_go_on,37238974545,37246370940,2026-10-05T00:09:22Z,879,1,1439;1359;1660;838;1640;1480;1386,it,1439;1660;838;1640;1386,0,1,,1
dagq::it::runtime_broker::a_required_turn_whose_mark_cannot_be_written_is_not_requested,37238974545,37246370940,2026-10-05T00:09:22Z,879,1,1439;1359;1660;838;1640;1480;1386,it,1439;1660;838;1640;1386,0,1,,1
dagq::it::runtime_broker::a_run_that_fails_or_is_interrupted_loses_its_token,37238974545,37246370940,2026-10-05T00:09:22Z,879,1,1439;1359;1660;838;1640;1480;1386,it,1439;1660;838;1640;1386,0,1,,1
dagq::it::runtime_broker::down_stops_the_broker_after_the_drain,37238974545,37246370940,2026-10-05T00:09:22Z,879,1,1439;1359;1660;838;1640;1480;1386,it,1439;1660;838;1640;1386,0,1,,1
dagq::it::runtime_broker::the_default_down_has_the_supervisor_stop_the_broker_after_its_drain,37238974545,37246370940,2026-10-05T00:09:22Z,879,1,1439;1359;1660;838;1640;1480;1386,it,1439;1660;838;1640;1386,0,1,,1
dagq::it::runtime_broker::the_image_builds_in_the_background_and_holds_no_claim,37238974545,37246370940,2026-10-05T00:09:22Z,879,1,1439;1359;1660;838;1640;1480;1386,it,1439;1660;838;1640;1386,0,1,,1
dagq::it::runtime_broker::three_failed_looks_restart_the_container_and_then_tell_the_inbox,37238974545,37246370940,2026-10-05T00:09:22Z,879,1,1439;1359;1660;838;1640;1480;1386,it,1439;1660;838;1640;1386,0,1,,1
dagq::it::runtime_candidates::the_supervisor_samples_the_candidates_when_they_change,37238974545,37246370940,2026-10-05T00:09:22Z,879,1,1439;1359;1660;838;1640;1480;1386,it,1439;1660;838;1640;1386,0,1,,1
dagq::it::runtime_claim::a_failed_workspace_close_is_recorded_before_the_cleanup_failure_with_its_code_and_op,37238974545,37246370940,2026-10-05T00:09:22Z,879,1,1439;1359;1660;838;1640;1480;1386,it,1439;1660;838;1640;1386,0,1,,1
dagq::it::runtime_claim::a_workspace_group_cmux_cannot_make_is_a_logged_warning,37238974545,37246370940,2026-10-05T00:09:22Z,879,1,1439;1359;1660;838;1640;1480;1386,it not in the table,,0,1,,1
dagq::it::runtime_claim::integrate_takes_its_time_and_token_from_the_injected_generators,37238974545,37246370940,2026-10-05T00:09:22Z,879,1,1439;1359;1660;838;1640;1480;1386,it,1439;1660;838;1640;1386,0,1,,1
dagq::it::runtime_claim::killed_supervisor_registration_is_reported_stale_and_never_deleted,37238974545,37246370940,2026-10-05T00:09:22Z,879,1,1439;1359;1660;838;1640;1480;1386,it,1439;1660;838;1640;1386,0,1,,1
dagq::it::runtime_claim::main_vanishing_after_the_landing_branch_check_holds_the_claim,37238974545,37246370940,2026-10-05T00:09:22Z,879,1,1439;1359;1660;838;1640;1480;1386,it,1439;1660;838;1640;1386,0,1,,1
dagq::it::runtime_claim::no_ready_task_ends_a_once_pass_without_creating_a_run_or_lease,37238974545,37246370940,2026-10-05T00:09:22Z,879,1,1439;1359;1660;838;1640;1480;1386,it,1439;1660;838;1640;1386,0,1,,1
dagq::it::runtime_claim::provisioning_failure_retains_the_run_and_stops_claiming_other_tasks,37238974545,37246370940,2026-10-05T00:09:22Z,879,1,1439;1359;1660;838;1640;1480;1386,it,1439;1660;838;1640;1386,0,1,,1
dagq::it::runtime_claim::recover_ignores_exited_processes_and_tolerates_a_missing_lease,37238974545,37246370940,2026-10-05T00:09:22Z,879,1,1439;1359;1660;838;1640;1480;1386,it,1439;1660;838;1640;1386,0,1,,1
dagq::it::runtime_claim::recover_requires_dead_processes_and_stale_lease_then_allows_a_new_run,37238974545,37246370940,2026-10-05T00:09:22Z,879,1,1439;1359;1660;838;1640;1480;1386,it,1439;1660;838;1640;1386,0,1,,1
dagq::it::runtime_claim::resident_supervisor_without_runs_is_listed_until_it_stops,37238974545,37246370940,2026-10-05T00:09:22Z,879,1,1439;1359;1660;838;1640;1480;1386,it,1439;1660;838;1640;1386,0,1,,1
dagq::it::runtime_claim::supervise_records_its_progress_as_json_lines,37238974545,37246370940,2026-10-05T00:09:22Z,879,1,1439;1359;1660;838;1640;1480;1386,it,1439;1660;838;1640;1386,0,1,,1
dagq::it::runtime_claim::supervisor_claims_by_effective_priority_like_candidates_and_graph,37238974545,37246370940,2026-10-05T00:09:22Z,879,1,1439;1359;1660;838;1640;1480;1386,it,1439;1660;838;1640;1386,0,1,,1
dagq::it::runtime_claim::supervisor_claims_the_candidate_that_releases_the_most_tasks_first,37238974545,37246370940,2026-10-05T00:09:22Z,879,1,1439;1359;1660;838;1640;1480;1386,it,1439;1660;838;1640;1386,0,1,,1
dagq::it::runtime_claim::timed_out_effect_free_calls_are_retried_with_a_doubling_backoff_each_attempt_recorded,37238974545,37246370940,2026-10-05T00:09:22Z,879,1,1439;1359;1660;838;1640;1480;1386,it,1439;1660;838;1640;1386,0,1,,1
dagq::it::runtime_claim_defer::a_changed_conflicts_table_is_read_again_without_a_restart,37238974545,37246370940,2026-10-05T00:09:22Z,879,1,1439;1359;1660;838;1640;1480;1386,it,1439;1660;838;1640;1386,0,1,,1
dagq::it::runtime_claim_defer::a_failed_run_with_a_commit_of_its_own_still_holds_the_task_back,37238974545,37246370940,2026-10-05T00:09:22Z,879,1,1439;1359;1660;838;1640;1480;1386,it,1439;1660;838;1640;1386,0,1,,1
dagq::it::runtime_claim_defer::a_failed_run_with_no_commit_of_its_own_lets_the_deferred_task_go,37238974545,37246370940,2026-10-05T00:09:22Z,879,1,1439;1359;1660;838;1640;1480;1386,it,1439;1660;838;1640;1386,0,1,,1
dagq::it::runtime_claim_defer::a_run_waiting_for_its_owner_past_the_grace_lets_the_deferred_task_go,37238974545,37246370940,2026-10-05T00:09:22Z,879,1,1439;1359;1660;838;1640;1480;1386,it,1439;1660;838;1640;1386,0,1,,1
dagq::it::runtime_claim_defer::a_task_meeting_a_run_on_a_hotspot_waits_and_the_next_one_is_claimed,37238974545,37246370940,2026-10-05T00:09:22Z,879,1,1439;1359;1660;838;1640;1480;1386,it,1439;1660;838;1640;1386,0,1,,1
dagq::it::runtime_claim_defer::an_invalid_conflicts_table_at_the_start_is_warned_of_once,37238974545,37246370940,2026-10-05T00:09:22Z,879,1,1439;1359;1660;838;1640;1480;1386,it,1439;1660;838;1640;1386,0,1,,1
dagq::it::runtime_claim_defer::transient_conflicts_tables_are_ignored_and_stable_changes_are_confirmed,37238974545,37246370940,2026-10-05T00:09:22Z,879,1,1439;1359;1660;838;1640;1480;1386,it,1439;1660;838;1640;1386,0,1,,1
dagq::it::runtime_claim_defer::values_started_with_are_recorded_against_the_latest_change,37238974545,37246370940,2026-10-05T00:09:22Z,879,1,1439;1359;1660;838;1640;1480;1386,it,1439;1660;838;1640;1386,0,1,,1
dagq::it::runtime_claim_hold::no_run_is_claimed_while_the_load_is_above_the_threshold,37238974545,37246370940,2026-10-05T00:09:22Z,879,1,1439;1359;1660;838;1640;1480;1386,it,1439;1660;838;1640;1386,0,1,,1
dagq::it::runtime_claim_hold::no_threshold_holds_nothing,37238974545,37246370940,2026-10-05T00:09:22Z,879,1,1439;1359;1660;838;1640;1480;1386,it,1439;1660;838;1640;1386,0,1,,1
dagq::it::runtime_claim_spacing::a_resident_supervisor_waits_for_the_spacing_and_status_shows_it,37238974545,37246370940,2026-10-05T00:09:22Z,879,1,1439;1359;1660;838;1640;1480;1386,it,1439;1660;838;1640;1386,0,1,,1
dagq::it::runtime_claim_spacing::no_load_hold_or_no_spacing_fills_the_free_slots_in_one_pass,37238974545,37246370940,2026-10-05T00:09:22Z,879,1,1439;1359;1660;838;1640;1480;1386,it,1439;1660;838;1640;1386,0,1,,1
dagq::it::runtime_claim_spacing::one_claim_per_pass_spaced_from_the_queues_latest_claim,37238974545,37246370940,2026-10-05T00:09:22Z,879,1,1439;1359;1660;838;1640;1480;1386,it,1439;1660;838;1640;1386,0,1,,1
dagq::it::runtime_claim_worker::a_task_of_a_worker_the_supervisor_cannot_run_is_deferred,37238974545,37246370940,2026-10-05T00:09:22Z,879,1,1439;1359;1660;838;1640;1480;1386,it,1439;1660;838;1640;1386,0,1,,1
dagq::it::runtime_claim_worker::the_providers_are_recorded_on_the_registration,37238974545,37246370940,2026-10-05T00:09:22Z,879,1,1439;1359;1660;838;1640;1480;1386,it,1439;1660;838;1640;1386,0,1,,1
dagq::it::runtime_cleanup::a_canceled_task_loses_the_branch_of_a_worktree_already_gone,37238974545,37246370940,2026-10-05T00:09:22Z,879,1,1439;1359;1660;838;1640;1480;1386,it,1439;1660;838;1640;1386,0,1,,1
dagq::it::runtime_cleanup::a_drain_on_a_provisioning_failure_runs_the_rest_of_a_cleanup_for_room_before_deciding_a_landing,37238974545,37246370940,2026-10-05T00:09:22Z,879,1,1439;1359;1660;838;1640;1480;1386,it,1439;1660;838;1640;1386,0,1,,1
dagq::it::runtime_cleanup::a_drain_on_a_provisioning_failure_takes_cleanup_requests_and_lets_the_job_finish,37238974545,37246370940,2026-10-05T00:09:22Z,879,1,1439;1359;1660;838;1640;1480;1386,it,1439;1660;838;1640;1386,0,1,,1
dagq::it::runtime_cleanup::a_landing_waits_for_the_cleanup_of_its_build_outputs,37238974545,37246370940,2026-10-05T00:09:22Z,879,1,1439;1359;1660;838;1640;1480;1386,it,1439;1660;838;1640;1386,0,1,,1
dagq::it::runtime_cleanup::a_process_running_from_an_ended_runs_worktree_is_stopped_before_it_goes,37238974545,37246370940,2026-10-05T00:09:22Z,879,1,1439;1359;1660;838;1640;1480;1386,it,1439;1660;838;1640;1386,0,1,,1
dagq::it::runtime_cleanup::a_run_leased_during_the_cleanup_keeps_its_worktree,37238974545,37246370940,2026-10-05T00:09:22Z,879,1,1439;1359;1660;838;1640;1480;1386,it,1439;1660;838;1640;1386,0,1,,1
dagq::it::runtime_cleanup::a_runs_tmp_dir_goes_only_once_its_task_is_over,37238974545,37246370940,2026-10-05T00:09:22Z,879,1,1439;1359;1660;838;1640;1480;1386,it,1439;1660;838;1640;1386,0,1,,1
dagq::it::runtime_cleanup::a_scratchpad_gone_meanwhile_is_no_failure_and_one_failing_root_keeps_the_others,37238974545,37246370940,2026-10-05T00:09:22Z,879,1,1439;1359;1660;838;1640;1480;1386,it,1439;1660;838;1640;1386,0,1,,1
dagq::it::runtime_cleanup::a_skipped_resume_waits_for_the_cleanup_of_its_build_outputs,37238974545,37246370940,2026-10-05T00:09:22Z,879,1,1439;1359;1660;838;1640;1480;1386,it,1439;1660;838;1640;1386,0,1,,1
dagq::it::runtime_cleanup::a_slow_cleanup_does_not_hold_up_the_loop,37238974545,37246370940,2026-10-05T00:09:22Z,879,1,1439;1359;1660;838;1640;1480;1386,it,1439;1660;838;1640;1386,0,1,,1
dagq::it::runtime_cleanup::a_withdrawn_handoff_resumes_the_cleanup,37238974545,37246370940,2026-10-05T00:09:22Z,879,1,1439;1359;1660;838;1640;1480;1386,it,1439;1660;838;1640;1386,0,1,,1
dagq::it::runtime_cleanup::a_worktree_left_pointing_at_an_old_repository_is_repaired_and_removed,37238974545,37246370940,2026-10-05T00:09:22Z,879,1,1439;1359;1660;838;1640;1480;1386,it,1439;1660;838;1640;1386,0,1,,1
dagq::it::runtime_cleanup::a_worktree_with_a_broken_git_goes_as_a_directory_once_its_task_is_over,37238974545,37246370940,2026-10-05T00:09:22Z,879,1,1439;1359;1660;838;1640;1480;1386,it,1439;1660;838;1640;1386,0,1,,1
dagq::it::runtime_cleanup::draining_finishes_disk_cleanup_before_deciding_a_landing,37238974545,37246370940,2026-10-05T00:09:22Z,879,1,1439;1359;1660;838;1640;1480;1386,it,1439;1660;838;1640;1386,0,1,,1
dagq::it::runtime_cleanup::draining_runs_the_rest_of_a_cleanup_for_room_before_deciding_a_landing,37238974545,37246370940,2026-10-05T00:09:22Z,879,1,1439;1359;1660;838;1640;1480;1386,it,1439;1660;838;1640;1386,0,1,,1
dagq::it::runtime_cleanup::the_build_outputs_of_a_run_waiting_for_an_answer_go_on_the_sweep,37238974545,37246370940,2026-10-05T00:09:22Z,879,1,1439;1359;1660;838;1640;1480;1386,it,1439;1660;838;1640;1386,0,1,,1
dagq::it::runtime_cleanup::the_build_outputs_of_an_idle_run_go_only_for_disk_space,37238974545,37246370940,2026-10-05T00:09:22Z,879,1,1439;1359;1660;838;1640;1480;1386,it,1439;1660;838;1640;1386,0,1,,1
dagq::it::runtime_cleanup::the_pass_after_a_long_cleanup_for_room_asks_and_holds,37238974545,37246370940,2026-10-05T00:09:22Z,879,1,1439;1359;1660;838;1640;1480;1386,it,1439;1660;838;1640;1386,0,1,,1
dagq::it::runtime_cleanup::the_rest_of_a_cleanup_for_room_holds_and_asks_nothing_until_it_is_done,37238974545,37246370940,2026-10-05T00:09:22Z,879,1,1439;1359;1660;838;1640;1480;1386,it,1439;1660;838;1640;1386,0,1,,1
dagq::it::runtime_client_mode::the_review_and_the_recovery_job_are_given_the_service_not_the_queue,37238974545,37246370940,2026-10-05T00:09:22Z,879,1,1439;1359;1660;838;1640;1480;1386,it,1439;1660;838;1640;1386,0,1,,1
dagq::it::runtime_client_mode::the_worker_and_its_resume_reach_the_queue_only_through_the_service,37238974545,37246370940,2026-10-05T00:09:22Z,879,1,1439;1359;1660;838;1640;1480;1386,it,1439;1660;838;1640;1386,0,1,,1
dagq::it::runtime_codex::a_codex_review_at_its_usage_limit_holds_codex_and_moves_to_claude,37238974545,37246370940,2026-10-05T00:09:22Z,879,1,1439;1359;1660;838;1640;1480;1386,it,1439;1660;838;1640;1386,0,1,,1
dagq::it::runtime_codex::a_codex_review_whose_codex_does_not_start_moves_to_claude,37238974545,37246370940,2026-10-05T00:09:22Z,879,1,1439;1359;1660;838;1640;1480;1386,it,1439;1660;838;1640;1386,0,1,,1
dagq::it::runtime_codex::a_codex_run_answers_and_revises_through_resumes_of_its_thread_and_lands,37238974545,37246370940,2026-10-05T00:09:22Z,879,1,1439;1359;1660;838;1640;1480;1386,it,1439;1660;838;1640;1386,0,1,,1
dagq::it::runtime_codex::a_codex_turn_at_its_usage_limit_holds_the_queue_then_resumes_its_thread,37238974545,37246370940,2026-10-05T00:09:22Z,879,1,1439;1359;1660;838;1640;1480;1386,it,1439;1660;838;1640;1386,0,1,,1
dagq::it::runtime_codex::a_codex_turn_that_failed_is_classified_on_the_run,37238974545,37246370940,2026-10-05T00:09:22Z,879,1,1439;1359;1660;838;1640;1480;1386,it,1439;1660;838;1640;1386,0,1,,1
dagq::it::runtime_codex::a_resume_of_a_thread_codex_does_not_have_starts_a_new_one,37238974545,37246370940,2026-10-05T00:09:22Z,879,1,1439;1359;1660;838;1640;1480;1386,it,1439;1660;838;1640;1386,0,1,,1
dagq::it::runtime_codex::no_claude_codex_review_failure_asks_without_starting_claude,37238974545,37246370940,2026-10-05T00:09:22Z,879,1,1439;1359;1660;838;1640;1480;1386,it,1439;1660;838;1640;1386,0,1,,1
dagq::it::runtime_codex::no_claude_codex_review_revise_reaches_the_worker_and_passes,37238974545,37246370940,2026-10-05T00:09:22Z,879,1,1439;1359;1660;838;1640;1480;1386,it,1439;1660;838;1640;1386,0,1,,1
dagq::it::runtime_codex::no_claude_run_uses_a_read_only_codex_review_and_lands,37238974545,37246370940,2026-10-05T00:09:22Z,879,1,1439;1359;1660;838;1640;1480;1386,it,1439;1660;838;1640;1386,0,1,,1
dagq::it::runtime_codex::no_claude_unreadable_codex_review_at_its_limit_fails_with_its_output,37238974545,37246370940,2026-10-05T00:09:22Z,879,1,1439;1359;1660;838;1640;1480;1386,it,1439;1660;838;1640;1386,0,1,,1
dagq::it::runtime_codex_ask::a_codex_workers_ask_goes_to_the_queue_service,37238974545,37246370940,2026-10-05T00:09:22Z,879,1,1439;1359;1660;838;1640;1480;1386,it,1439;1660;838;1640;1386,0,1,,1
dagq::it::runtime_codex_work::a_codex_workers_commands_are_its_spans_work_and_worktime_lines,37238974545,37246370940,2026-10-05T00:09:22Z,879,1,1439;1359;1660;838;1640;1480;1386,it,1439;1660;838;1640;1386,0,1,,1
dagq::it::runtime_disk::a_cleanup_for_room_removes_the_scratchpads_and_the_needs_count_them,37238974545,37246370940,2026-10-05T00:09:22Z,879,1,1439;1359;1660;838;1640;1480;1386,it,1439;1660;838;1640;1386,0,1,,1
dagq::it::runtime_disk::a_cleanup_that_makes_room_claims_without_holding,37238974545,37246370940,2026-10-05T00:09:22Z,879,1,1439;1359;1660;838;1640;1480;1386,it,1439;1660;838;1640;1386,0,1,,1
dagq::it::runtime_disk::a_landing_waits_for_room_before_its_verification,37238974545,37246370940,2026-10-05T00:09:22Z,879,1,1439;1359;1660;838;1640;1480;1386,it,1439;1660;838;1640;1386,0,1,,1
dagq::it::runtime_disk::a_persons_integrate_counts_the_scratchpads_in_a_runs_size,37238974545,37246370940,2026-10-05T00:09:22Z,879,1,1439;1359;1660;838;1640;1480;1386,it,1439;1660;838;1640;1386,0,1,,1
dagq::it::runtime_disk::a_persons_integrate_refuses_to_land_while_the_disk_is_short,37238974545,37246370940,2026-10-05T00:09:22Z,879,1,1439;1359;1660;838;1640;1480;1386,it,1439;1660;838;1640;1386,0,1,,1
dagq::it::runtime_disk::a_persons_integrate_without_a_threshold_or_a_reading_lands,37238974545,37246370940,2026-10-05T00:09:22Z,879,1,1439;1359;1660;838;1640;1480;1386,it,1439;1660;838;1640;1386,0,1,,1
dagq::it::runtime_disk::no_run_is_claimed_while_the_disk_is_short_and_the_inbox_is_told_once,37238974545,37246370940,2026-10-05T00:09:22Z,879,1,1439;1359;1660;838;1640;1480;1386,it,1439;1660;838;1640;1386,0,1,,1
dagq::it::runtime_e2e::a_failed_e2e_parks_the_run_for_a_resume_and_its_fix_lands,37238974545,37246370940,2026-10-05T00:09:22Z,879,1,1439;1359;1660;838;1640;1480;1386,it,1439;1660;838;1640;1386,0,1,,1
dagq::it::runtime_e2e::a_mark_committed_on_main_passes_a_test_that_fails_its_rerun,37238974545,37246370940,2026-10-05T00:09:22Z,879,1,1439;1359;1660;838;1640;1480;1386,it,1439;1660;838;1640;1386,0,1,,1
dagq::it::runtime_e2e::a_passed_run_that_needs_the_e2e_runs_it_on_the_host_and_lands,37238974545,37246370940,2026-10-05T00:09:22Z,879,1,1439;1359;1660;838;1640;1480;1386,it,1439;1660;838;1640;1386,0,1,,1
dagq::it::runtime_e2e::a_run_that_needs_no_e2e_or_has_none_lands_without_running_one,37238974545,37246370940,2026-10-05T00:09:22Z,879,1,1439;1359;1660;838;1640;1480;1386,it,1439;1660;838;1640;1386,0,1,,1
dagq::it::runtime_e2e::an_e2e_past_its_timeout_is_run_again_instead_of_sending_the_run_back,37238974545,37246370940,2026-10-05T00:09:22Z,879,1,1439;1359;1660;838;1640;1480;1386,it,1439;1660;838;1640;1386,0,1,,1
dagq::it::runtime_e2e::the_runs_of_a_supervisor_run_their_e2e_one_at_a_time,37238974545,37246370940,2026-10-05T00:09:22Z,879,1,1439;1359;1660;838;1640;1480;1386,it,1439;1660;838;1640;1386,0,1,,1
dagq::it::runtime_evidence::a_branch_rebased_onto_a_moved_main_is_held_only_to_its_own_changes,37238974545,37246370940,2026-10-05T00:09:22Z,879,1,1439;1359;1660;838;1640;1480;1386,it,1439;1660;838;1640;1386,0,1,,1
dagq::it::runtime_evidence::a_change_inside_the_declared_paths_awaits_integration_and_lands,37238974545,37246370940,2026-10-05T00:09:22Z,879,1,1439;1359;1660;838;1640;1480;1386,it,1439;1660;838;1640;1386,0,1,,1
dagq::it::runtime_evidence::a_change_outside_the_declared_paths_parks_the_run_for_a_resumed_session,37238974545,37246370940,2026-10-05T00:09:22Z,879,1,1439;1359;1660;838;1640;1480;1386,it,1439;1660;838;1640;1386,0,1,,1
dagq::it::runtime_evidence::a_required_check_reported_failed_parks_the_run_instead_of_failing_it,37238974545,37246370940,2026-10-05T00:09:22Z,879,1,1439;1359;1660;838;1640;1480;1386,it,1439;1660;838;1640;1386,0,1,,1
dagq::it::runtime_evidence::a_resume_or_integrate_without_the_required_evidence_does_not_land,37238974545,37246370940,2026-10-05T00:09:22Z,879,1,1439;1359;1660;838;1640;1480;1386,it,1439;1660;838;1640;1386,0,1,,1
dagq::it::runtime_evidence::integrate_refuses_a_rebased_diff_outside_the_declared_paths,37238974545,37246370940,2026-10-05T00:09:22Z,879,1,1439;1359;1660;838;1640;1480;1386,it,1439;1660;838;1640;1386,0,1,,1
dagq::it::runtime_evidence::missing_required_evidence_parks_the_run_for_a_resumed_session,37238974545,37246370940,2026-10-05T00:09:22Z,879,1,1439;1359;1660;838;1640;1480;1386,it,1439;1660;838;1640;1386,0,1,,1
dagq::it::runtime_evidence::required_evidence_present_in_the_receipt_awaits_integration,37238974545,37246370940,2026-10-05T00:09:22Z,879,1,1439;1359;1660;838;1640;1480;1386,it,1439;1660;838;1640;1386,0,1,,1
dagq::it::runtime_evidence::the_e2e_a_run_needs_is_recorded_and_its_receipt_backs_none,37238974545,37246370940,2026-10-05T00:09:22Z,879,1,1439;1359;1660;838;1640;1480;1386,it,1439;1660;838;1640;1386,0,1,,1
dagq::it::runtime_forecast::a_failed_snapshot_stops_no_landing_and_off_records_nothing,37238974545,37246370940,2026-10-05T00:09:22Z,879,1,1439;1359;1660;838;1640;1480;1386,it,1439;1660;838;1640;1386,0,1,,1
dagq::it::runtime_forecast::snapshots_are_recorded_at_the_day_a_moving_landing_and_a_start,37238974545,37246370940,2026-10-05T00:09:22Z,879,1,1439;1359;1660;838;1640;1480;1386,it,1439;1660;838;1640;1386,0,1,,1
dagq::it::runtime_handoff::a_handoff_before_the_resume_request_lets_the_next_supervisor_send_it_once,37238974545,37246370940,2026-10-05T00:09:22Z,879,1,1439;1359;1660;838;1640;1480;1386,it,1439;1660;838;1640;1386,0,1,,1
dagq::it::runtime_handoff::a_handoff_does_not_wait_for_a_supervisor_that_drains_for_a_stop,37238974545,37246370940,2026-10-05T00:09:22Z,879,1,1439;1359;1660;838;1640;1480;1386,it,1439;1660;838;1640;1386,0,1,,1
dagq::it::runtime_handoff::a_handoff_during_a_resume_goes_on_watching_the_resumed_session,37238974545,37246370940,2026-10-05T00:09:22Z,879,1,1439;1359;1660;838;1640;1480;1386,it,1439;1660;838;1640;1386,0,1,,1
dagq::it::runtime_handoff::a_handoff_leaves_the_session_running_and_the_next_process_drives_it_on,37238974545,37246370940,2026-10-05T00:09:22Z,879,1,1439;1359;1660;838;1640;1480;1386,it,1439;1660;838;1640;1386,0,1,,1
dagq::it::runtime_handoff::a_handoff_replaced_at_the_take_execs_the_new_binary_without_a_claim,37238974545,37246370940,2026-10-05T00:09:22Z,879,1,1439;1359;1660;838;1640;1480;1386,it,1439;1660;838;1640;1386,0,1,,1
dagq::it::runtime_handoff::a_handoff_replaced_while_draining_execs_the_new_binary_without_a_claim,37238974545,37246370940,2026-10-05T00:09:22Z,879,1,1439;1359;1660;838;1640;1480;1386,it,1439;1660;838;1640;1386,0,1,,1
dagq::it::runtime_handoff::a_handoff_while_a_rejected_run_waits_for_its_exit_requests_no_second_exit,37238974545,37246370940,2026-10-05T00:09:22Z,879,1,1439;1359;1660;838;1640;1480;1386,it,1439;1660;838;1640;1386,0,1,,1
dagq::it::runtime_handoff::a_handoff_without_its_state_during_a_resume_still_watches_the_session,37238974545,37246370940,2026-10-05T00:09:22Z,879,1,1439;1359;1660;838;1640;1480;1386,it,1439;1660;838;1640;1386,0,1,,1
dagq::it::runtime_handoff::a_resume_taken_over_after_a_handoff_keeps_its_recorded_exit_request,37238974545,37246370940,2026-10-05T00:09:22Z,879,1,1439;1359;1660;838;1640;1480;1386,it,1439;1660;838;1640;1386,0,1,,1
dagq::it::runtime_handoff::a_supervisor_that_stops_during_a_resume_leaves_the_session_to_its_adopter,37238974545,37246370940,2026-10-05T00:09:22Z,879,1,1439;1359;1660;838;1640;1480;1386,it,1439;1660;838;1640;1386,0,1,,1
dagq::it::runtime_handoff::after_a_handoff_a_run_without_state_gives_its_lease_back,37238974545,37246370940,2026-10-05T00:09:22Z,879,1,1439;1359;1660;838;1640;1480;1386,it,1439;1660;838;1640;1386,0,1,,1
dagq::it::runtime_handoff::an_adopted_resume_keeps_its_recorded_exit_request,37238974545,37246370940,2026-10-05T00:09:22Z,879,1,1439;1359;1660;838;1640;1480;1386,it,1439;1660;838;1640;1386,0,1,,1
dagq::it::runtime_handoff::auto_update_builds_runtime_landings_and_retries_on_the_answer,37238974545,37246370940,2026-10-05T00:09:22Z,879,1,1439;1359;1660;838;1640;1480;1386,it,1439;1660;838;1640;1386,0,1,,1
dagq::it::runtime_handoff::canceling_a_handoff_during_a_landing_resumes_claims_without_exec,37238974545,37246370940,2026-10-05T00:09:22Z,879,1,1439;1359;1660;838;1640;1480;1386,it,1439;1660;838;1640;1386,0,1,,1
dagq::it::runtime_handoff::review_verdicts::reviews_still_running_at_the_exec_are_stopped_and_run_again,37238974545,37246370940,2026-10-05T00:09:22Z,879,1,1439;1359;1660;838;1640;1480;1386,it,1439;1660;838;1640;1386,0,1,,1
dagq::it::runtime_handoff::review_verdicts::reviews_that_end_while_a_handoff_waits_are_applied_in_the_wait,37238974545,37246370940,2026-10-05T00:09:22Z,879,1,1439;1359;1660;838;1640;1480;1386,it,1439;1660;838;1640;1386,0,1,,1
dagq::it::runtime_handoff::review_verdicts::reviews_that_ended_before_the_exec_are_applied_not_run_again,37238974545,37246370940,2026-10-05T00:09:22Z,879,1,1439;1359;1660;838;1640;1480;1386,it,1439;1660;838;1640;1386,0,1,,1
dagq::it::runtime_headless::a_headless_run_lands_after_its_first_turn,37238974545,37246370940,2026-10-05T00:09:22Z,879,1,1439;1359;1660;838;1640;1480;1386,it,1439;1660;838;1640;1386,0,1,,1
dagq::it::runtime_headless::a_later_turn_is_the_runs_agent_and_its_helper_no_idle_process,37238974545,37246370940,2026-10-05T00:09:22Z,879,1,1439;1359;1660;838;1640;1480;1386,it,1439;1660;838;1640;1386,0,1,,1
dagq::it::runtime_headless::a_parked_run_is_resumed_with_a_turn_of_the_same_session,37238974545,37246370940,2026-10-05T00:09:22Z,879,1,1439;1359;1660;838;1640;1480;1386,it,1439;1660;838;1640;1386,0,1,,1
dagq::it::runtime_headless::a_receipt_written_as_its_turn_ends_is_not_nudged,37238974545,37246370940,2026-10-05T00:09:22Z,879,1,1439;1359;1660;838;1640;1480;1386,it,1439;1660;838;1640;1386,0,1,,1
dagq::it::runtime_headless::a_receipt_written_before_its_turn_failed_goes_to_validation,37238974545,37246370940,2026-10-05T00:09:22Z,879,1,1439;1359;1660;838;1640;1480;1386,it,1439;1660;838;1640;1386,0,1,,1
dagq::it::runtime_headless::a_revise_is_sent_to_the_same_session_as_a_resume,37238974545,37246370940,2026-10-05T00:09:22Z,879,1,1439;1359;1660;838;1640;1480;1386,it,1439;1660;838;1640;1386,0,1,,1
dagq::it::runtime_headless::a_stop_answer_ends_the_headless_session_and_its_run_goes_to_recovery,37238974545,37246370940,2026-10-05T00:09:22Z,879,1,1439;1359;1660;838;1640;1480;1386,it,1439;1660;838;1640;1386,0,1,,1
dagq::it::runtime_headless::a_stop_answer_to_a_run_out_of_its_slot_waits_for_the_slot,37238974545,37246370940,2026-10-05T00:09:22Z,879,1,1439;1359;1660;838;1640;1480;1386,it,1439;1660;838;1640;1386,0,1,,1
dagq::it::runtime_headless::a_turn_past_its_limit_is_stopped_with_its_command_outside_its_group,37238974545,37246370940,2026-10-05T00:09:22Z,879,1,1439;1359;1660;838;1640;1480;1386,it,1439;1660;838;1640;1386,0,1,,1
dagq::it::runtime_headless::a_turn_started_in_another_permission_mode_is_stopped,37238974545,37246370940,2026-10-05T00:09:22Z,879,1,1439;1359;1660;838;1640;1480;1386,it,1439;1660;838;1640;1386,0,1,,1
dagq::it::runtime_headless::a_turn_that_ends_by_itself_leaves_what_runs_outside_its_group,37238974545,37246370940,2026-10-05T00:09:22Z,879,1,1439;1359;1660;838;1640;1480;1386,it,1439;1660;838;1640;1386,0,1,,1
dagq::it::runtime_headless::a_turn_that_failed_at_the_login_holds_the_queue_until_a_person_logs_in,37238974545,37246370940,2026-10-05T00:09:22Z,879,1,1439;1359;1660;838;1640;1480;1386,it,1439;1660;838;1640;1386,0,1,,1
dagq::it::runtime_headless::a_turn_without_a_receipt_is_nudged_then_its_recovery_job_instructs_it,37238974545,37246370940,2026-10-05T00:09:22Z,879,1,1439;1359;1660;838;1640;1480;1386,it,1439;1660;838;1640;1386,0,1,,1
dagq::it::runtime_headless::a_worker_question_is_answered_by_a_resume_of_the_same_session,37238974545,37246370940,2026-10-05T00:09:22Z,879,1,1439;1359;1660;838;1640;1480;1386,it,1439;1660;838;1640;1386,0,1,,1
dagq::it::runtime_headless::an_adopter_does_not_send_a_stalled_answer_already_requested,37238974545,37246370940,2026-10-05T00:09:22Z,879,1,1439;1359;1660;838;1640;1480;1386,it,1439;1660;838;1640;1386,0,1,,1
dagq::it::runtime_headless::an_adopter_sends_a_stalled_answer_not_yet_requested,37238974545,37246370940,2026-10-05T00:09:22Z,879,1,1439;1359;1660;838;1640;1480;1386,it,1439;1660;838;1640;1386,0,1,,1
dagq::it::runtime_headless::recovery_stops_a_headless_turns_descendant_outside_its_group,37238974545,37246370940,2026-10-05T00:09:22Z,879,1,1439;1359;1660;838;1640;1480;1386,it,1439;1660;838;1640;1386,0,1,,1
dagq::it::runtime_headless::recovery_stops_a_headless_turns_orphan_outside_its_group_by_worktree,37238974545,37246370940,2026-10-05T00:09:22Z,879,1,1439;1359;1660;838;1640;1480;1386,it,1439;1660;838;1640;1386,0,1,,1
dagq::it::runtime_headless::refused_permissions_go_to_the_recovery_job_whose_escalation_asks_a_person,37238974545,37246370940,2026-10-05T00:09:22Z,879,1,1439;1359;1660;838;1640;1480;1386,it,1439;1660;838;1640;1386,0,1,,1
dagq::it::runtime_headless::the_exit_request_stops_a_turn_with_its_command_outside_its_group,37238974545,37246370940,2026-10-05T00:09:22Z,879,1,1439;1359;1660;838;1640;1480;1386,it,1439;1660;838;1640;1386,0,1,,1
dagq::it::runtime_headless_jobs::a_timed_out_review_stops_the_processes_it_started,37238974545,37246370940,2026-10-05T00:09:22Z,879,1,1439;1359;1660;838;1640;1480;1386,it,1439;1660;838;1640;1386,0,1,,1
dagq::it::runtime_headless_jobs::an_adopter_stops_the_review_a_dead_supervisor_left_and_only_its_own_runs,37238974545,37246370940,2026-10-05T00:09:22Z,879,1,1439;1359;1660;838;1640;1480;1386,it,1439;1660;838;1640;1386,0,1,,1
dagq::it::runtime_headless_reopen::a_question_closed_without_its_answer_is_told_as_the_next_turn,37238974545,37246370940,2026-10-05T00:09:22Z,879,1,1439;1359;1660;838;1640;1480;1386,it,1439;1660;838;1640;1386,0,1,,1
dagq::it::runtime_headless_reopen::a_session_lost_during_its_wait_is_opened_again_and_takes_the_answer,37238974545,37246370940,2026-10-05T00:09:22Z,879,1,1439;1359;1660;838;1640;1480;1386,it,1439;1660;838;1640;1386,0,1,,1
dagq::it::runtime_headless_reopen::a_session_lost_in_the_middle_of_a_turn_is_opened_again_once_the_turn_ended,37238974545,37246370940,2026-10-05T00:09:22Z,879,1,1439;1359;1660;838;1640;1480;1386,it,1439;1660;838;1640;1386,0,1,,1
dagq::it::runtime_headless_reopen::a_session_that_cannot_be_opened_again_goes_to_its_recovery_job,37238974545,37246370940,2026-10-05T00:09:22Z,879,1,1439;1359;1660;838;1640;1480;1386,it,1439;1660;838;1640;1386,0,1,,1
dagq::it::runtime_headless_reopen::a_turn_outliving_its_lost_wrapper_past_its_limit_goes_to_recovery,37238974545,37246370940,2026-10-05T00:09:22Z,879,1,1439;1359;1660;838;1640;1480;1386,it,1439;1660;838;1640;1386,0,1,,1
dagq::it::runtime_headless_stall::a_failed_or_unsure_recovery_job_of_a_headless_stall_asks_a_person,37238974545,37246370940,2026-10-05T00:09:22Z,879,1,1439;1359;1660;838;1640;1480;1386,it,1439;1660;838;1640;1386,0,1,,1
dagq::it::runtime_headless_stall::a_headless_stall_past_its_three_recovery_jobs_is_asked_without_a_fourth,37238974545,37246370940,2026-10-05T00:09:22Z,879,1,1439;1359;1660;838;1640;1480;1386,it,1439;1660;838;1640;1386,0,1,,1
dagq::it::runtime_headless_stall::a_headless_stall_the_job_resumes_is_parked_resumed_and_lands,37238974545,37246370940,2026-10-05T00:09:22Z,879,1,1439;1359;1660;838;1640;1480;1386,it,1439;1660;838;1640;1386,0,1,,1
dagq::it::runtime_headless_stall::a_headless_stalled_ask_answered_wait_is_closed_and_asked_again_after_the_next_turn,37238974545,37246370940,2026-10-05T00:09:22Z,879,1,1439;1359;1660;838;1640;1480;1386,it,1439;1660;838;1640;1386,0,1,,1
dagq::it::runtime_headless_stall::a_headless_stalled_ask_closed_after_wait_is_asked_again_after_the_next_turn,37238974545,37246370940,2026-10-05T00:09:22Z,879,1,1439;1359;1660;838;1640;1480;1386,it,1439;1660;838;1640;1386,0,1,,1
dagq::it::runtime_headless_stall::an_adopted_headless_stall_whose_job_waits_gets_no_nudge_job_or_ask,37238974545,37246370940,2026-10-05T00:09:22Z,879,1,1439;1359;1660;838;1640;1480;1386,it,1439;1660;838;1640;1386,0,1,,1
dagq::it::runtime_headless_stall::an_adopter_opens_the_next_ask_of_a_closed_intervene_once,37238974545,37246370940,2026-10-05T00:09:22Z,879,1,1439;1359;1660;838;1640;1480;1386,it,1439;1660;838;1640;1386,0,1,,1
dagq::it::runtime_headless_stall::an_adopter_opens_the_next_ask_of_an_intervene_a_person_closed,37238974545,37246370940,2026-10-05T00:09:22Z,879,1,1439;1359;1660;838;1640;1480;1386,it,1439;1660;838;1640;1386,0,1,,1
dagq::it::runtime_headless_stall::an_adopter_reopens_a_headless_stalled_ask_left_answered_intervene,37238974545,37246370940,2026-10-05T00:09:22Z,879,1,1439;1359;1660;838;1640;1480;1386,it,1439;1660;838;1640;1386,0,1,,1
dagq::it::runtime_headless_stall::an_intervene_answer_closes_the_headless_stalled_ask_and_opens_another,37238974545,37246370940,2026-10-05T00:09:22Z,879,1,1439;1359;1660;838;1640;1480;1386,it,1439;1660;838;1640;1386,0,1,,1
dagq::it::runtime_headless_stall::an_intervene_text_is_not_sent_and_the_next_ask_takes_an_instruction,37238974545,37246370940,2026-10-05T00:09:22Z,879,1,1439;1359;1660;838;1640;1480;1386,it,1439;1660;838;1640;1386,0,1,,1
dagq::it::runtime_host_metrics::a_failed_sample_stops_nothing,37238974545,37246370940,2026-10-05T00:09:22Z,879,1,1439;1359;1660;838;1640;1480;1386,it,1439;1660;838;1640;1386,0,1,,1
dagq::it::runtime_host_metrics::supervisor_records_the_host_load_while_it_runs_and_prunes_old_files,37238974545,37246370940,2026-10-05T00:09:22Z,879,1,1439;1359;1660;838;1640;1480;1386,it,1439;1660;838;1640;1386,0,1,,1
dagq::it::runtime_integrate::a_failed_push_keeps_the_landing_and_waits_as_attention,37238974545,37246370940,2026-10-05T00:09:22Z,879,1,1439;1359;1660;838;1640;1480;1386,it,1439;1660;838;1640;1386,0,1,,1
dagq::it::runtime_integrate::a_later_landing_pushes_both_commits_before_the_first_push_finishes,37238974545,37246370940,2026-10-05T00:09:22Z,879,1,1439;1359;1660;838;1640;1480;1386,it,1439;1660;838;1640;1386,0,1,,1
dagq::it::runtime_integrate::a_refused_renumbering_commit_is_undone_and_needs_a_session,37238974545,37246370940,2026-10-05T00:09:22Z,879,1,1439;1359;1660;838;1640;1480;1386,it,1439;1660;838;1640;1386,0,1,,1
dagq::it::runtime_integrate::conflict_free_run_lands_as_one_squash_commit_and_releases_dependents,37238974545,37246370940,2026-10-05T00:09:22Z,879,1,1439;1359;1660;838;1640;1480;1386,it,1439;1660;838;1640;1386,0,1,,1
dagq::it::runtime_integrate::failing_verification_command_passes_validation_and_needs_a_session_at_integrate,37238974545,37246370940,2026-10-05T00:09:22Z,879,1,1439;1359;1660;838;1640;1480;1386,it,1439;1660;838;1640;1386,0,1,,1
dagq::it::runtime_integrate::git_adapter_checks_whether_a_later_remote_head_contains_the_landing,37238974545,37246370940,2026-10-05T00:09:22Z,879,1,1439;1359;1660;838;1640;1480;1386,it,1439;1660;838;1640;1386,0,1,,1
dagq::it::runtime_integrate::git_adapter_pushes_main_to_a_bare_origin,37238974545,37246370940,2026-10-05T00:09:22Z,879,1,1439;1359;1660;838;1640;1480;1386,it,1439;1660;838;1640;1386,0,1,,1
dagq::it::runtime_integrate::git_adapter_reads_what_the_renumbering_plan_needs,37238974545,37246370940,2026-10-05T00:09:22Z,879,1,1439;1359;1660;838;1640;1480;1386,it,1439;1660;838;1640;1386,0,1,,1
dagq::it::runtime_integrate::integrate_records_the_requester_and_the_integrator,37238974545,37246370940,2026-10-05T00:09:22Z,879,1,1439;1359;1660;838;1640;1480;1386,it,1439;1660;838;1640;1386,0,1,,1
dagq::it::runtime_integrate::integrate_registers_the_landed_follow_ups_as_draft_tasks_of_the_goal_once,37238974545,37246370940,2026-10-05T00:09:22Z,879,1,1439;1359;1660;838;1640;1480;1386,it,1439;1660;838;1640;1386,0,1,,1
dagq::it::runtime_integrate::integrate_renumbers_a_migration_whose_number_main_took,37238974545,37246370940,2026-10-05T00:09:22Z,879,1,1439;1359;1660;838;1640;1480;1386,it,1439;1660;838;1640;1386,0,1,,1
dagq::it::runtime_integrate::integration_slot_is_exclusive_and_an_abandoned_landing_is_recoverable,37238974545,37246370940,2026-10-05T00:09:22Z,879,1,1439;1359;1660;838;1640;1480;1386,it,1439;1660;838;1640;1386,0,1,,1
dagq::it::runtime_integrate::moved_queue_directory_resolves_run_paths_and_lands_awaiting_runs,37238974545,37246370940,2026-10-05T00:09:22Z,879,1,1439;1359;1660;838;1640;1480;1386,it,1439;1660;838;1640;1386,0,1,,1
dagq::it::runtime_integrate::prompt_describes_landed_predecessors_and_sibling_tasks_in_progress,37238974545,37246370940,2026-10-05T00:09:22Z,879,1,1439;1359;1660;838;1640;1480;1386,it,1439;1660;838;1640;1386,0,1,,1
dagq::it::runtime_integrate::prompt_snapshots_the_goal_at_claim_time,37238974545,37246370940,2026-10-05T00:09:22Z,879,1,1439;1359;1660;838;1640;1480;1386,it,1439;1660;838;1640;1386,0,1,,1
dagq::it::runtime_integrate::rebind_follows_a_moved_repository_and_the_awaiting_run_lands,37238974545,37246370940,2026-10-05T00:09:22Z,879,1,1439;1359;1660;838;1640;1480;1386,it,1439;1660;838;1640;1386,0,1,,1
dagq::it::runtime_integrate::rebind_is_refused_while_a_run_is_integrating,37238974545,37246370940,2026-10-05T00:09:22Z,879,1,1439;1359;1660;838;1640;1480;1386,it,1439;1660;838;1640;1386,0,1,,1
dagq::it::runtime_integrate::review_writes_a_non_utf8_diff_as_raw_bytes,37238974545,37246370940,2026-10-05T00:09:22Z,879,1,1439;1359;1660;838;1640;1480;1386,it,1439;1660;838;1640;1386,0,1,,1
dagq::it::runtime_integrate::review_writes_the_run_material_to_review_md_and_returns_only_its_size,37238974545,37246370940,2026-10-05T00:09:22Z,879,1,1439;1359;1660;838;1640;1480;1386,it,1439;1660;838;1640;1386,0,1,,1
dagq::it::runtime_integrate::runs_land_fifo_by_validation_time_and_later_ones_are_rebased,37238974545,37246370940,2026-10-05T00:09:22Z,879,1,1439;1359;1660;838;1640;1480;1386,it,1439;1660;838;1640;1386,0,1,,1
dagq::it::runtime_integrate::successor_starts_when_the_predecessor_receipt_is_unavailable,37238974545,37246370940,2026-10-05T00:09:22Z,879,1,1439;1359;1660;838;1640;1480;1386,it,1439;1660;838;1640;1386,0,1,,1
dagq::it::runtime_integrate::the_landing_is_pushed_to_the_remote_dagq_toml_names,37238974545,37246370940,2026-10-05T00:09:22Z,879,1,1439;1359;1660;838;1640;1480;1386,it,1439;1660;838;1640;1386,0,1,,1
dagq::it::runtime_integrate::verification_failure_after_rebase_needs_a_session_and_keeps_the_rebased_tree,37238974545,37246370940,2026-10-05T00:09:22Z,879,1,1439;1359;1660;838;1640;1480;1386,it,1439;1660;838;1640;1386,0,1,,1
dagq::it::runtime_job_verdicts::a_concern_is_asked_at_the_review_jobs_request,37238974545,37246370940,2026-10-05T00:09:22Z,879,1,1439;1359;1660;838;1640;1480;1386,it,1439;1660;838;1640;1386,0,1,,1
dagq::it::runtime_job_verdicts::a_passing_review_does_not_land_a_run_its_landing_does_not_verify,37238974545,37246370940,2026-10-05T00:09:22Z,879,1,1439;1359;1660;838;1640;1480;1386,it,1439;1660;838;1640;1386,0,1,,1
dagq::it::runtime_job_verdicts::a_recovery_verdict_is_applied_only_when_it_holds_and_a_broken_one_fails_closed,37238974545,37246370940,2026-10-05T00:09:22Z,879,1,1439;1359;1660;838;1640;1480;1386,it,1439;1660;838;1640;1386,0,1,,1
dagq::it::runtime_job_verdicts::a_review_verdict_with_an_unknown_field_asks_a_person_and_lands_nothing,37238974545,37246370940,2026-10-05T00:09:22Z,879,1,1439;1359;1660;838;1640;1480;1386,it,1439;1660;838;1640;1386,0,1,,1
dagq::it::runtime_job_verdicts::a_revise_past_its_limit_is_asked_at_the_review_jobs_request,37238974545,37246370940,2026-10-05T00:09:22Z,879,1,1439;1359;1660;838;1640;1480;1386,it,1439;1660;838;1640;1386,0,1,,1
dagq::it::runtime_job_verdicts::an_adopted_concern_is_asked_at_the_review_jobs_request,37238974545,37246370940,2026-10-05T00:09:22Z,879,1,1439;1359;1660;838;1640;1480;1386,it,1439;1660;838;1640;1386,0,1,,1
dagq::it::runtime_landing_answers::a_cancel_answer_is_applied_while_the_slot_is_taken,37238974545,37246370940,2026-10-05T00:09:22Z,879,1,1439;1359;1660;838;1640;1480;1386,it,1439;1660;838;1640;1386,0,1,,1
dagq::it::runtime_landing_answers::a_land_answer_is_applied_while_another_run_integrates,37238974545,37246370940,2026-10-05T00:09:22Z,879,1,1439;1359;1660;838;1640;1480;1386,it,1439;1660;838;1640;1386,0,1,,1
dagq::it::runtime_landing_answers::a_land_answer_is_applied_while_the_slot_is_taken_and_lands_before_a_new_claim,37238974545,37246370940,2026-10-05T00:09:22Z,879,1,1439;1359;1660;838;1640;1480;1386,it,1439;1660;838;1640;1386,0,1,,1
dagq::it::runtime_landing_answers::approved_runs_wait_for_the_landing_and_land_oldest_approval_first_once,37238974545,37246370940,2026-10-05T00:09:22Z,879,1,1439;1359;1660;838;1640;1480;1386,it,1439;1660;838;1640;1386,0,1,,1
dagq::it::runtime_landing_release::a_dead_landing_is_not_released_while_a_process_works_in_its_worktree,37238974545,37246370940,2026-10-05T00:09:22Z,879,1,1439;1359;1660;838;1640;1480;1386,it,1439;1660;838;1640;1386,0,1,,1
dagq::it::runtime_landing_release::a_draining_supervisor_releases_a_dead_landing_and_leaves_it_queued,37238974545,37246370940,2026-10-05T00:09:22Z,879,1,1439;1359;1660;838;1640;1480;1386,it,1439;1660;838;1640;1386,0,1,,1
dagq::it::runtime_landing_release::a_landing_that_died_after_its_rebase_lands_the_rebased_head,37238974545,37246370940,2026-10-05T00:09:22Z,879,1,1439;1359;1660;838;1640;1480;1386,it,1439;1660;838;1640;1386,0,1,,1
dagq::it::runtime_landing_release::a_landing_that_reached_main_before_its_supervisor_died_is_not_landed_twice,37238974545,37246370940,2026-10-05T00:09:22Z,879,1,1439;1359;1660;838;1640;1480;1386,it,1439;1660;838;1640;1386,0,1,,1
dagq::it::runtime_landing_release::a_live_supervisors_landing_and_its_processes_are_left_alone,37238974545,37246370940,2026-10-05T00:09:22Z,879,1,1439;1359;1660;838;1640;1480;1386,it,1439;1660;838;1640;1386,0,1,,1
dagq::it::runtime_landing_release::a_passed_run_a_person_recovered_from_its_landing_is_queued_to_land,37238974545,37246370940,2026-10-05T00:09:22Z,879,1,1439;1359;1660;838;1640;1480;1386,it,1439;1660;838;1640;1386,0,1,,1
dagq::it::runtime_landing_release::a_passed_run_whose_landing_died_is_released_and_lands_again,37238974545,37246370940,2026-10-05T00:09:22Z,879,1,1439;1359;1660;838;1640;1480;1386,it,1439;1660;838;1640;1386,0,1,,1
dagq::it::runtime_landing_release::a_process_past_its_grace_is_stopped_and_the_dead_landing_released,37238974545,37246370940,2026-10-05T00:09:22Z,879,1,1439;1359;1660;838;1640;1480;1386,it,1439;1660;838;1640;1386,0,1,,1
dagq::it::runtime_landing_release::a_process_that_outlives_its_stop_is_the_inboxs_once,37238974545,37246370940,2026-10-05T00:09:22Z,879,1,1439;1359;1660;838;1640;1480;1386,it,1439;1660;838;1640;1386,0,1,,1
dagq::it::runtime_landing_release::a_run_neither_approved_nor_passed_is_reviewed_again_once_its_landing_died,37238974545,37246370940,2026-10-05T00:09:22Z,879,1,1439;1359;1660;838;1640;1480;1386,it,1439;1660;838;1640;1386,0,1,,1
dagq::it::runtime_landing_release::processes_unlisted_past_twice_the_grace_are_the_inboxs_once,37238974545,37246370940,2026-10-05T00:09:22Z,879,1,1439;1359;1660;838;1640;1480;1386,it,1439;1660;838;1640;1386,0,1,,1
dagq::it::runtime_light_slots::a_parked_run_waits_for_a_normal_slot_while_the_landing_queue_fills_it,37238974545,37246370940,2026-10-05T00:09:22Z,879,1,1439;1359;1660;838;1640;1480;1386,it,1439;1660;838;1640;1386,0,1,,1
dagq::it::runtime_light_slots::the_landing_queue_leaves_room_for_light_tasks_only,37238974545,37246370940,2026-10-05T00:09:22Z,879,1,1439;1359;1660;838;1640;1480;1386,it,1439;1660;838;1640;1386,0,1,,1
dagq::it::runtime_observer::a_failing_supervisor_leaves_no_observer_process,37238974545,37246370940,2026-10-05T00:09:22Z,879,1,1439;1359;1660;838;1640;1480;1386,it,1439;1660;838;1640;1386,0,1,,1
dagq::it::runtime_observer::a_handoff_leaves_no_observer_process,37238974545,37246370940,2026-10-05T00:09:22Z,879,1,1439;1359;1660;838;1640;1480;1386,it,1439;1660;838;1640;1386,0,1,,1
dagq::it::runtime_observer::an_observer_at_a_login_that_ran_out_joins_the_authentication_ask,37238974545,37246370940,2026-10-05T00:09:22Z,879,1,1439;1359;1660;838;1640;1480;1386,it,1439;1660;838;1640;1386,0,1,,1
dagq::it::runtime_observer::observe_counts_the_findings_the_observer_closed_and_no_other_close,37238974545,37246370940,2026-10-05T00:09:22Z,879,1,1439;1359;1660;838;1640;1480;1386,it,1439;1660;838;1640;1386,0,1,,1
dagq::it::runtime_observer::observe_kills_an_agent_past_its_timeout_with_its_children,37238974545,37246370940,2026-10-05T00:09:22Z,879,1,1439;1359;1660;838;1640;1480;1386,it,1439;1660;838;1640;1386,0,1,,1
dagq::it::runtime_observer::observe_reads_again_what_others_wrote_while_its_agent_ran,37238974545,37246370940,2026-10-05T00:09:22Z,879,1,1439;1359;1660;838;1640;1480;1386,it,1439;1660;838;1640;1386,0,1,,1
dagq::it::runtime_observer::observe_reads_the_forecast_errors_and_a_forecast_breach_becomes_a_forecast_finding,37238974545,37246370940,2026-10-05T00:09:22Z,879,1,1439;1359;1660;838;1640;1480;1386,it,1439;1660;838;1640;1386,0,1,,1
dagq::it::runtime_observer::observe_reads_the_kpis_and_the_improvements_and_keeps_one_kpi_finding_per_subject,37238974545,37246370940,2026-10-05T00:09:22Z,879,1,1439;1359;1660;838;1640;1480;1386,it,1439;1660;838;1640;1386,0,1,,1
dagq::it::runtime_observer::observe_records_findings_and_a_blocked_ask_and_advances_the_cursor,37238974545,37246370940,2026-10-05T00:09:22Z,879,1,1439;1359;1660;838;1640;1480;1386,it,1439;1660;838;1640;1386,0,1,,1
dagq::it::runtime_observer::observe_starts_again_for_an_alert_that_time_alone_raised,37238974545,37246370940,2026-10-05T00:09:22Z,879,1,1439;1359;1660;838;1640;1480;1386,it,1439;1660;838;1640;1386,0,1,,1
dagq::it::runtime_observer::observe_uses_only_the_selected_cmux_for_workspace_listing,37238974545,37246370940,2026-10-05T00:09:22Z,879,1,1439;1359;1660;838;1640;1480;1386,it,1439;1660;838;1640;1386,0,1,,1
dagq::it::runtime_observer::observer_walls_read_both_streams_and_ignore_successful_output,37238974545,37246370940,2026-10-05T00:09:22Z,879,1,1439;1359;1660;838;1640;1480;1386,it,1439;1660;838;1640;1386,0,1,,1
dagq::it::runtime_observer::supervisor_starts_the_observer_on_its_interval_without_a_run_slot,37238974545,37246370940,2026-10-05T00:09:22Z,879,1,1439;1359;1660;838;1640;1480;1386,it,1439;1660;838;1640;1386,0,1,,1
dagq::it::runtime_observer::the_observer_reads_what_its_prompt_left_out_and_the_prompt_bytes_are_recorded,37238974545,37246370940,2026-10-05T00:09:22Z,879,1,1439;1359;1660;838;1640;1480;1386,it,1439;1660;838;1640;1386,0,1,,1
dagq::it::runtime_observer::the_observer_takes_its_role_table_and_records_what_it_started_with,37238974545,37246370940,2026-10-05T00:09:22Z,879,1,1439;1359;1660;838;1640;1480;1386,it,1439;1660;838;1640;1386,0,1,,1
dagq::it::runtime_precheck::a_precheck_conflict_after_the_counted_resumes_asks_a_person,37238974545,37246370940,2026-10-05T00:09:22Z,879,1,1439;1359;1660;838;1640;1480;1386,it,1439;1660;838;1640;1386,0,1,,1
dagq::it::runtime_precheck::precheck_conflicts_up_to_the_conflict_only_limit_retry_the_task_with_its_branch,37238974545,37246370940,2026-10-05T00:09:22Z,879,1,1439;1359;1660;838;1640;1480;1386,it,1439;1660;838;1640;1386,0,1,,1
dagq::it::runtime_precheck::the_conflict_only_limit_of_dagq_toml_retries_the_task_sooner,37238974545,37246370940,2026-10-05T00:09:22Z,879,1,1439;1359;1660;838;1640;1480;1386,it,1439;1660;838;1640;1386,0,1,,1
dagq::it::runtime_provider_switch::a_claude_turn_at_its_usage_limit_moves_to_codex_and_lands,37238974545,37246370940,2026-10-05T00:09:22Z,879,1,1439;1359;1660;838;1640;1480;1386,it,1439;1660;838;1640;1386,0,1,,1
dagq::it::runtime_provider_switch::a_codex_task_without_codex_starts_on_claude_and_lands,37238974545,37246370940,2026-10-05T00:09:22Z,879,1,1439;1359;1660;838;1640;1480;1386,it,1439;1660;838;1640;1386,0,1,,1
dagq::it::runtime_provider_switch::a_codex_that_does_not_start_while_claude_is_held_waits_in_the_hold_ask,37238974545,37246370940,2026-10-05T00:09:22Z,879,1,1439;1359;1660;838;1640;1480;1386,it,1439;1660;838;1640;1386,0,1,,1
dagq::it::runtime_provider_switch::a_codex_turn_at_its_usage_limit_moves_to_claude_without_an_ask,37238974545,37246370940,2026-10-05T00:09:22Z,879,1,1439;1359;1660;838;1640;1480;1386,it,1439;1660;838;1640;1386,0,1,,1
dagq::it::runtime_provider_switch::no_claude_hands_ended_recovery_to_a_person_without_calling_a_job,37238974545,37246370940,2026-10-05T00:09:22Z,879,1,1439;1359;1660;838;1640;1480;1386,it,1439;1660;838;1640;1386,0,1,,1
dagq::it::runtime_provider_switch::no_claude_routes_a_worker_to_codex_and_releases_it_for_manual_landing,37238974545,37246370940,2026-10-05T00:09:22Z,879,1,1439;1359;1660;838;1640;1480;1386,it,1439;1660;838;1640;1386,0,1,,1
dagq::it::runtime_provider_switch::no_claude_waits_on_codex_limit_then_retries_codex_without_a_claude_hold,37238974545,37246370940,2026-10-05T00:09:22Z,879,1,1439;1359;1660;838;1640;1480;1386,it,1439;1660;838;1640;1386,0,1,,1
dagq::it::runtime_provider_switch::with_neither_provider_a_task_waits_until_one_can_take_it,37238974545,37246370940,2026-10-05T00:09:22Z,879,1,1439;1359;1660;838;1640;1480;1386,it,1439;1660;838;1640;1386,0,1,,1
dagq::it::runtime_push::a_failing_command_is_retried_then_told_once_and_cleared_by_a_success,37238974545,37246370940,2026-10-05T00:09:22Z,879,1,1439;1359;1660;838;1640;1480;1386,it,1439;1660;838;1640;1386,0,1,,1
dagq::it::runtime_push::the_daily_summary_and_a_breach_reach_the_command_once,37238974545,37246370940,2026-10-05T00:09:22Z,879,1,1439;1359;1660;838;1640;1480;1386,it,1439;1660;838;1640;1386,0,1,,1
dagq::it::runtime_push::without_push_nothing_is_called_nor_recorded,37238974545,37246370940,2026-10-05T00:09:22Z,879,1,1439;1359;1660;838;1640;1480;1386,it,1439;1660;838;1640;1386,0,1,,1
dagq::it::runtime_queue_hold::an_open_usage_limit_ask_holds_claims_and_reviews_until_done,37238974545,37246370940,2026-10-05T00:09:22Z,879,1,1439;1359;1660;838;1640;1480;1386,it,1439;1660;838;1640;1386,0,1,,1
dagq::it::runtime_queue_hold::done_starts_again_the_recovery_job_that_failed_during_the_hold,37238974545,37246370940,2026-10-05T00:09:22Z,879,1,1439;1359;1660;838;1640;1480;1386,it,1439;1660;838;1640;1386,0,1,,1
dagq::it::runtime_queue_hold_detect::reviews_stopped_at_a_login_join_one_ask_and_review_again_after_done,37238974545,37246370940,2026-10-05T00:09:22Z,879,1,1439;1359;1660;838;1640;1480;1386,it,1439;1660;838;1640;1386,0,1,,1
dagq::it::runtime_queue_hold_shared::cancel_affected_gives_up_the_held_runs_of_every_supervisor,37238974545,37246370940,2026-10-05T00:09:22Z,879,1,1439;1359;1660;838;1640;1480;1386,it,1439;1660;838;1640;1386,0,1,,1
dagq::it::runtime_queue_hold_shared::done_tells_the_held_sessions_of_every_supervisor_to_go_on,37238974545,37246370940,2026-10-05T00:09:22Z,879,1,1439;1359;1660;838;1640;1480;1386,it,1439;1660;838;1640;1386,0,1,,1
dagq::it::runtime_queue_hold_shared::the_answered_ask_waits_for_the_runs_another_live_supervisor_leases,37238974545,37246370940,2026-10-05T00:09:22Z,879,1,1439;1359;1660;838;1640;1480;1386,it,1439;1660;838;1640;1386,0,1,,1
dagq::it::runtime_recheck::a_conflict_after_a_clean_recheck_replaces_the_asks_recheck_paragraph,37238974545,37246370940,2026-10-05T00:09:22Z,879,1,1439;1359;1660;838;1640;1480;1386,it,1439;1660;838;1640;1386,0,1,,1
dagq::it::runtime_recheck::a_direct_integrate_rechecks_the_waiting_runs_on_the_next_pass,37238974545,37246370940,2026-10-05T00:09:22Z,879,1,1439;1359;1660;838;1640;1480;1386,it,1439;1660;838;1640;1386,0,1,,1
dagq::it::runtime_recheck::a_due_recheck_names_the_landing_main_is_at_when_it_starts,37238974545,37246370940,2026-10-05T00:09:22Z,879,1,1439;1359;1660;838;1640;1480;1386,it,1439;1660;838;1640;1386,0,1,,1
dagq::it::runtime_recheck::a_main_already_rechecked_is_not_rechecked_again,37238974545,37246370940,2026-10-05T00:09:22Z,879,1,1439;1359;1660;838;1640;1480;1386,it,1439;1660;838;1640;1386,0,1,,1
dagq::it::runtime_recheck::a_new_supervisor_rechecks_against_a_main_that_moved_before_it_started,37238974545,37246370940,2026-10-05T00:09:22Z,879,1,1439;1359;1660;838;1640;1480;1386,it,1439;1660;838;1640;1386,0,1,,1
dagq::it::runtime_recheck::a_run_held_in_its_slot_for_its_e2e_that_a_landing_conflicts_with_is_parked_before_it_lands,37238974545,37246370940,2026-10-05T00:09:22Z,879,1,1439;1359;1660;838;1640;1480;1386,it,1439;1660;838;1640;1386,0,1,,1
dagq::it::runtime_recheck::a_run_that_starts_waiting_after_main_moved_is_rechecked_by_the_same_supervisor,37238974545,37246370940,2026-10-05T00:09:22Z,879,1,1439;1359;1660;838;1640;1480;1386,it,1439;1660;838;1640;1386,0,1,,1
dagq::it::runtime_recheck::a_second_clean_recheck_replaces_the_asks_recheck_paragraph,37238974545,37246370940,2026-10-05T00:09:22Z,879,1,1439;1359;1660;838;1640;1480;1386,it,1439;1660;838;1640;1386,0,1,,1
dagq::it::runtime_recheck::a_waiting_run_that_a_landing_conflicts_with_is_resumed_before_its_answer,37238974545,37246370940,2026-10-05T00:09:22Z,879,1,1439;1359;1660;838;1640;1480;1386,it,1439;1660;838;1640;1386,0,1,,1
dagq::it::runtime_recheck::a_waiting_run_that_still_lands_is_left_waiting,37238974545,37246370940,2026-10-05T00:09:22Z,879,1,1439;1359;1660;838;1640;1480;1386,it,1439;1660;838;1640;1386,0,1,,1
dagq::it::runtime_recheck::a_waiting_run_whose_check_fails_on_the_new_main_is_resumed,37238974545,37246370940,2026-10-05T00:09:22Z,879,1,1439;1359;1660;838;1640;1480;1386,it,1439;1660;838;1640;1386,0,1,,1
dagq::it::runtime_recheck::another_live_supervisor_does_not_keep_a_moved_main_from_being_rechecked,37238974545,37246370940,2026-10-05T00:09:22Z,879,1,1439;1359;1660;838;1640;1480;1386,it,1439;1660;838;1640;1386,0,1,,1
dagq::it::runtime_recheck::another_supervisors_recheck_of_main_leaves_the_run_held_for_its_e2e_to_check,37238974545,37246370940,2026-10-05T00:09:22Z,879,1,1439;1359;1660;838;1640;1480;1386,it,1439;1660;838;1640;1386,0,1,,1
dagq::it::runtime_recheck::no_recheck_starts_while_another_supervisor_holds_the_recheck_lock,37238974545,37246370940,2026-10-05T00:09:22Z,879,1,1439;1359;1660;838;1640;1480;1386,it,1439;1660;838;1640;1386,0,1,,1
dagq::it::runtime_release::a_binary_answer_applied_by_its_own_build_is_not_about_the_plugin,37238974545,37246370940,2026-10-05T00:09:22Z,879,1,1439;1359;1660;838;1640;1480;1386,it,1439;1660;838;1640;1386,0,1,,1
dagq::it::runtime_release::a_development_build_and_release_off_do_not_look,37238974545,37246370940,2026-10-05T00:09:22Z,879,1,1439;1359;1660;838;1640;1480;1386,it,1439;1660;838;1640;1386,0,1,,1
dagq::it::runtime_release::a_development_build_applies_no_release_answer,37238974545,37246370940,2026-10-05T00:09:22Z,879,1,1439;1359;1660;838;1640;1480;1386,it,1439;1660;838;1640;1386,0,1,,1
dagq::it::runtime_release::a_look_by_another_supervisor_within_the_interval_is_not_repeated,37238974545,37246370940,2026-10-05T00:09:22Z,879,1,1439;1359;1660;838;1640;1480;1386,it,1439;1660;838;1640;1386,0,1,,1
dagq::it::runtime_release::a_new_release_opens_one_approve_release_and_a_newer_one_supersedes_it,37238974545,37246370940,2026-10-05T00:09:22Z,879,1,1439;1359;1660;838;1640;1480;1386,it,1439;1660;838;1640;1386,0,1,,1
dagq::it::runtime_release::a_plugin_answer_applied_by_another_build_stays_about_the_plugin,37238974545,37246370940,2026-10-05T00:09:22Z,879,1,1439;1359;1660;838;1640;1480;1386,it,1439;1660;838;1640;1386,0,1,,1
dagq::it::runtime_release::a_plugin_dir_supervisor_leaves_the_installed_plugin,37238974545,37246370940,2026-10-05T00:09:22Z,879,1,1439;1359;1660;838;1640;1480;1386,it,1439;1660;838;1640;1386,0,1,,1
dagq::it::runtime_release::a_plugin_install_behind_a_newer_release_is_dropped_with_its_reason,37238974545,37246370940,2026-10-05T00:09:22Z,879,1,1439;1359;1660;838;1640;1480;1386,it,1439;1660;838;1640;1386,0,1,,1
dagq::it::runtime_release::a_plugin_older_than_the_latest_binary_is_asked_about_and_updated_alone,37238974545,37246370940,2026-10-05T00:09:22Z,879,1,1439;1359;1660;838;1640;1480;1386,it,1439;1660;838;1640;1386,0,1,,1
dagq::it::runtime_release::a_release_build_records_the_latest_release_and_asks_about_it,37238974545,37246370940,2026-10-05T00:09:22Z,879,1,1439;1359;1660;838;1640;1480;1386,it,1439;1660;838;1640;1386,0,1,,1
dagq::it::runtime_release::a_skipped_release_is_not_asked_about_again,37238974545,37246370940,2026-10-05T00:09:22Z,879,1,1439;1359;1660;838;1640;1480;1386,it,1439;1660;838;1640;1386,0,1,,1
dagq::it::runtime_release::an_ask_without_its_purpose_is_about_the_plugin_only_on_its_own_build,37238974545,37246370940,2026-10-05T00:09:22Z,879,1,1439;1359;1660;838;1640;1480;1386,it,1439;1660;838;1640;1386,0,1,,1
dagq::it::runtime_release::an_index_that_cannot_be_read_is_recorded_and_asks_nothing,37238974545,37246370940,2026-10-05T00:09:22Z,879,1,1439;1359;1660;838;1640;1480;1386,it,1439;1660;838;1640;1386,0,1,,1
dagq::it::runtime_release::an_interrupted_release_job_is_reported_not_retried,37238974545,37246370940,2026-10-05T00:09:22Z,879,1,1439;1359;1660;838;1640;1480;1386,it,1439;1660;838;1640;1386,0,1,,1
dagq::it::runtime_release::binary_requests_already_installed_are_dropped_once_and_an_older_build_can_install,37238974545,37246370940,2026-10-05T00:09:22Z,879,1,1439;1359;1660;838;1640;1480;1386,it,1439;1660;838;1640;1386,0,1,,1
dagq::it::runtime_release::doctor_warns_of_a_wrong_update_value_taken_as_its_default,37238974545,37246370940,2026-10-05T00:09:22Z,879,1,1439;1359;1660;838;1640;1480;1386,it,1439;1660;838;1640;1386,0,1,,1
dagq::it::runtime_release::past_the_interval_the_etag_is_sent_and_a_304_keeps_the_last_result,37238974545,37246370940,2026-10-05T00:09:22Z,879,1,1439;1359;1660;838;1640;1480;1386,it,1439;1660;838;1640;1386,0,1,,1
dagq::it::runtime_release::release_auto_installs_without_asking,37238974545,37246370940,2026-10-05T00:09:22Z,879,1,1439;1359;1660;838;1640;1480;1386,it,1439;1660;838;1640;1386,0,1,,1
dagq::it::runtime_release::the_install_answer_starts_the_job_and_retry_and_skip_follow_its_failure,37238974545,37246370940,2026-10-05T00:09:22Z,879,1,1439;1359;1660;838;1640;1480;1386,it,1439;1660;838;1640;1386,0,1,,1
dagq::it::runtime_repair::a_live_escalation_is_recorded_at_the_recovery_jobs_request_unless_the_job_failed,37238974545,37246370940,2026-10-05T00:09:22Z,879,1,1439;1359;1660;838;1640;1480;1386,it,1439;1660;838;1640;1386,0,1,,1
dagq::it::runtime_repair::a_long_process_that_uses_cpu_time_is_not_an_idle_process_alert,37238974545,37246370940,2026-10-05T00:09:22Z,879,1,1439;1359;1660;838;1640;1480;1386,it,1439;1660;838;1640;1386,0,1,,1
dagq::it::runtime_repair::a_process_without_cpu_progress_is_an_idle_process_alert_for_the_recovery_job,37238974545,37246370940,2026-10-05T00:09:22Z,879,1,1439;1359;1660;838;1640;1480;1386,it,1439;1660;838;1640;1386,0,1,,1
dagq::it::runtime_repair::a_recovery_repair_of_a_process_outside_the_run_becomes_an_ask,37238974545,37246370940,2026-10-05T00:09:22Z,879,1,1439;1359;1660;838;1640;1480;1386,it,1439;1660;838;1640;1386,0,1,,1
dagq::it::runtime_repair::a_recovery_repair_of_low_confidence_becomes_an_ask,37238974545,37246370940,2026-10-05T00:09:22Z,879,1,1439;1359;1660;838;1640;1480;1386,it,1439;1660;838;1640;1386,0,1,,1
dagq::it::runtime_report::supervisor_writes_the_reports_it_owes_once_and_prunes_old_ones,37238974545,37246370940,2026-10-05T00:09:22Z,879,1,1439;1359;1660;838;1640;1480;1386,it,1439;1660;838;1640;1386,0,1,,1
dagq::it::runtime_report::the_backfill_stops_at_the_retention_and_old_temporary_files_go,37238974545,37246370940,2026-10-05T00:09:22Z,879,1,1439;1359;1660;838;1640;1480;1386,it,1439;1660;838;1640;1386,0,1,,1
dagq::it::runtime_report::the_reports_carry_the_dependency_diagram_or_why_not,37238974545,37246370940,2026-10-05T00:09:22Z,879,1,1439;1359;1660;838;1640;1480;1386,it,1439;1660;838;1640;1386,0,1,,1
dagq::it::runtime_resume::a_historical_interactive_run_resumes_headless_and_records_its_conversion,37238974545,37246370940,2026-10-05T00:09:22Z,879,1,1439;1359;1660;838;1640;1480;1386,it,1439;1660;838;1640;1386,0,1,,1
dagq::it::runtime_resume::a_resume_whose_lease_moved_is_resumed_again_only_after_its_slot_is_dropped,37238974545,37246370940,2026-10-05T00:09:22Z,879,1,1439;1359;1660;838;1640;1480;1386,it,1439;1660;838;1640;1386,0,1,,1
dagq::it::runtime_resume::a_resumed_session_that_ignores_its_exit_request_is_let_go_after_the_exit_timeout,37238974545,37246370940,2026-10-05T00:09:22Z,879,1,1439;1359;1660;838;1640;1480;1386,it,1439;1660;838;1640;1386,0,1,,1
dagq::it::runtime_resume::a_resumed_session_whose_wrapper_goes_silent_is_asked_to_exit_once_then_let_go,37238974545,37246370940,2026-10-05T00:09:22Z,879,1,1439;1359;1660;838;1640;1480;1386,it,1439;1660;838;1640;1386,0,1,,1
dagq::it::runtime_resume::a_run_parked_again_after_a_skip_is_resumed_not_skipped,37238974545,37246370940,2026-10-05T00:09:22Z,879,1,1439;1359;1660;838;1640;1480;1386,it,1439;1660;838;1640;1386,0,1,,1
dagq::it::runtime_resume::a_run_whose_conflict_only_resumes_are_used_up_is_retried_with_its_branch,37238974545,37246370940,2026-10-05T00:09:22Z,879,1,1439;1359;1660;838;1640;1480;1386,it,1439;1660;838;1640;1386,0,1,,1
dagq::it::runtime_resume::a_run_with_a_dirty_worktree_is_resumed,37238974545,37246370940,2026-10-05T00:09:22Z,879,1,1439;1359;1660;838;1640;1480;1386,it,1439;1660;838;1640;1386,0,1,,1
dagq::it::runtime_resume::a_session_nobody_watches_blocks_the_resume_until_it_ends,37238974545,37246370940,2026-10-05T00:09:22Z,879,1,1439;1359;1660;838;1640;1480;1386,it,1439;1660;838;1640;1386,0,1,,1
dagq::it::runtime_resume::a_skipped_run_whose_supervisor_died_is_adopted,37238974545,37246370940,2026-10-05T00:09:22Z,879,1,1439;1359;1660;838;1640;1480;1386,it,1439;1660;838;1640;1386,0,1,,1
dagq::it::runtime_resume::a_used_up_run_is_retried_with_its_branch_by_its_recovery_job,37238974545,37246370940,2026-10-05T00:09:22Z,879,1,1439;1359;1660;838;1640;1480;1386,it,1439;1660;838;1640;1386,0,1,,1
dagq::it::runtime_resume::an_approved_run_resolved_by_an_earlier_resume_lands_without_a_session,37238974545,37246370940,2026-10-05T00:09:22Z,879,1,1439;1359;1660;838;1640;1480;1386,it,1439;1660;838;1640;1386,0,1,,1
dagq::it::runtime_resume::an_unapproved_run_resolved_by_an_earlier_resume_is_validated_without_a_session,37238974545,37246370940,2026-10-05T00:09:22Z,879,1,1439;1359;1660;838;1640;1480;1386,it,1439;1660;838;1640;1386,0,1,,1
dagq::it::runtime_resume::approved_needs_session_run_is_resumed_until_the_runtime_lands_it,37238974545,37246370940,2026-10-05T00:09:22Z,879,1,1439;1359;1660;838;1640;1480;1386,it,1439;1660;838;1640;1386,0,1,,1
dagq::it::runtime_resume::conflicting_run_needs_a_session_and_lands_after_the_session_resolves_it,37238974545,37246370940,2026-10-05T00:09:22Z,879,1,1439;1359;1660;838;1640;1480;1386,it,1439;1660;838;1640;1386,0,1,,1
dagq::it::runtime_resume::failed_receipt_from_a_session_ends_the_run_without_landing,37238974545,37246370940,2026-10-05T00:09:22Z,879,1,1439;1359;1660;838;1640;1480;1386,it,1439;1660;838;1640;1386,0,1,,1
dagq::it::runtime_resume::no_claude_leaves_an_old_claude_resume_for_manual_recovery,37238974545,37246370940,2026-10-05T00:09:22Z,879,1,1439;1359;1660;838;1640;1480;1386,it,1439;1660;838;1640;1386,0,1,,1
dagq::it::runtime_resume::resumed_session_with_a_failed_receipt_fails_the_run,37238974545,37246370940,2026-10-05T00:09:22Z,879,1,1439;1359;1660;838;1640;1480;1386,it,1439;1660;838;1640;1386,0,1,,1
dagq::it::runtime_resume::resuming_stops_after_three_attempts,37238974545,37246370940,2026-10-05T00:09:22Z,879,1,1439;1359;1660;838;1640;1480;1386,it,1439;1660;838;1640;1386,0,1,,1
dagq::it::runtime_resume::stats_ties_a_deferred_landing_to_the_landing_that_broke_it,37238974545,37246370940,2026-10-05T00:09:22Z,879,1,1439;1359;1660;838;1640;1480;1386,it,1439;1660;838;1640;1386,0,1,,1
dagq::it::runtime_resume::unapproved_resumed_run_is_validated_and_reviewed_with_its_session_open,37238974545,37246370940,2026-10-05T00:09:22Z,879,1,1439;1359;1660;838;1640;1480;1386,it,1439;1660;838;1640;1386,0,1,,1
dagq::it::runtime_review::a_concern_sent_back_is_resumed_reviewed_again_and_landed,37238974545,37246370940,2026-10-05T00:09:22Z,879,1,1439;1359;1660;838;1640;1480;1386,it,1439;1660;838;1640;1386,0,1,,1
dagq::it::runtime_review::a_failed_review_closes_the_session_and_asks_a_person_in_the_same_step,37238974545,37246370940,2026-10-05T00:09:22Z,879,1,1439;1359;1660;838;1640;1480;1386,it,1439;1660;838;1640;1386,0,1,,1
dagq::it::runtime_review::a_failed_review_span_ends_with_its_job_not_with_the_exit,37238974545,37246370940,2026-10-05T00:09:22Z,879,1,1439;1359;1660;838;1640;1480;1386,it,1439;1660;838;1640;1386,0,1,,1
dagq::it::runtime_review::a_later_concern_closes_the_earlier_landing_ask_and_asks_again,37238974545,37246370940,2026-10-05T00:09:22Z,879,1,1439;1359;1660;838;1640;1480;1386,it,1439;1660;838;1640;1386,0,1,,1
dagq::it::runtime_review::a_passing_review_exits_the_live_session_and_lands_it,37238974545,37246370940,2026-10-05T00:09:22Z,879,1,1439;1359;1660;838;1640;1480;1386,it,1439;1660;838;1640;1386,0,1,,1
dagq::it::runtime_review::a_revise_receipt_for_another_commit_is_sent_back_to_the_session_until_it_names_head,37238974545,37246370940,2026-10-05T00:09:22Z,879,1,1439;1359;1660;838;1640;1480;1386,it,1439;1660;838;1640;1386,0,1,,1
dagq::it::runtime_review::a_revise_verdict_is_fixed_by_the_live_session_and_reviewed_again,37238974545,37246370940,2026-10-05T00:09:22Z,879,1,1439;1359;1660;838;1640;1480;1386,it,1439;1660;838;1640;1386,0,1,,1
dagq::it::runtime_review::a_run_the_supervisor_lands_closes_its_landing_ask,37238974545,37246370940,2026-10-05T00:09:22Z,879,1,1439;1359;1660;838;1640;1480;1386,it,1439;1660;838;1640;1386,0,1,,1
dagq::it::runtime_review::a_third_review_that_does_not_pass_asks_a_person_and_land_lands_it,37238974545,37246370940,2026-10-05T00:09:22Z,879,1,1439;1359;1660;838;1640;1480;1386,it,1439;1660;838;1640;1386,0,1,,1
dagq::it::runtime_review::a_worker_question_asked_while_revising_is_answered_and_the_run_lands,37238974545,37246370940,2026-10-05T00:09:22Z,879,1,1439;1359;1660;838;1640;1480;1386,it,1439;1660;838;1640;1386,0,1,,1
dagq::it::runtime_review::integrate_by_hand_closes_the_landing_and_blocked_asks_of_the_run,37238974545,37246370940,2026-10-05T00:09:22Z,879,1,1439;1359;1660;838;1640;1480;1386,it,1439;1660;838;1640;1386,0,1,,1
dagq::it::runtime_review::the_default_test_reviewer_skips_retry_but_still_asks_after_its_job,37238974545,37246370940,2026-10-05T00:09:22Z,879,1,1439;1359;1660;838;1640;1480;1386,it,1439;1660;838;1640;1386,0,1,,1
dagq::it::runtime_review_concern::a_discard_concern_asks_a_person_with_the_recommendation,37238974545,37246370940,2026-10-05T00:09:22Z,879,1,1439;1359;1660;838;1640;1480;1386,it,1439;1660;838;1640;1386,0,1,,1
dagq::it::runtime_review_concern::a_high_land_lands_the_run_without_an_ask,37238974545,37246370940,2026-10-05T00:09:22Z,879,1,1439;1359;1660;838;1640;1480;1386,it,1439;1660;838;1640;1386,0,1,,1
dagq::it::runtime_review_concern::a_high_land_of_a_run_that_needs_the_e2e_runs_it_before_landing,37238974545,37246370940,2026-10-05T00:09:22Z,879,1,1439;1359;1660;838;1640;1480;1386,it,1439;1660;838;1640;1386,0,1,,1
dagq::it::runtime_review_concern::a_high_send_back_revises_the_live_session,37238974545,37246370940,2026-10-05T00:09:22Z,879,1,1439;1359;1660;838;1640;1480;1386,it,1439;1660;838;1640;1386,0,1,,1
dagq::it::runtime_review_concern::an_adopter_asks_as_the_concern_when_the_headless_session_does_not_fix_its_send_back,37238974545,37246370940,2026-10-05T00:09:22Z,879,1,1439;1359;1660;838;1640;1480;1386,it,1439;1660;838;1640;1386,0,1,,1
dagq::it::runtime_review_concern::an_adopter_asks_with_the_reasons_of_the_subagent_that_sent_the_run_back,37238974545,37246370940,2026-10-05T00:09:22Z,879,1,1439;1359;1660;838;1640;1480;1386,it,1439;1660;838;1640;1386,0,1,,1
dagq::it::runtime_review_concern::an_adopter_decides_a_concern_left_by_a_dead_supervisor,37238974545,37246370940,2026-10-05T00:09:22Z,879,1,1439;1359;1660;838;1640;1480;1386,it,1439;1660;838;1640;1386,0,1,,1
dagq::it::runtime_review_concern::an_adopter_records_a_send_back_left_unrecorded_by_a_dead_supervisor,37238974545,37246370940,2026-10-05T00:09:22Z,879,1,1439;1359;1660;838;1640;1480;1386,it,1439;1660;838;1640;1386,0,1,,1
dagq::it::runtime_review_concern::an_applied_send_back_the_session_did_not_fix_asks_as_the_concern,37238974545,37246370940,2026-10-05T00:09:22Z,879,1,1439;1359;1660;838;1640;1480;1386,it,1439;1660;838;1640;1386,0,1,,1
dagq::it::runtime_review_conflict::a_conflict_request_that_cannot_be_written_is_withdrawn_and_the_run_lands,37238974545,37246370940,2026-10-05T00:09:22Z,879,1,1439;1359;1660;838;1640;1480;1386,it,1439;1660;838;1640;1386,0,1,,1
dagq::it::runtime_review_conflict::a_passed_run_that_conflicts_with_main_is_rebased_by_its_live_session_and_lands,37238974545,37246370940,2026-10-05T00:09:22Z,879,1,1439;1359;1660;838;1640;1480;1386,it,1439;1660;838;1640;1386,0,1,,1
dagq::it::runtime_review_conflict::a_passed_run_that_merges_cleanly_with_main_lands_without_a_request,37238974545,37246370940,2026-10-05T00:09:22Z,879,1,1439;1359;1660;838;1640;1480;1386,it,1439;1660;838;1640;1386,0,1,,1
dagq::it::runtime_review_conflict::an_adopted_headless_run_with_a_pending_conflict_request_waits_without_sending_it_again,37238974545,37246370940,2026-10-05T00:09:22Z,879,1,1439;1359;1660;838;1640;1480;1386,it,1439;1660;838;1640;1386,0,1,,1
dagq::it::runtime_review_conflict::an_adopted_headless_run_with_a_pending_revise_waits_without_sending_it_again,37238974545,37246370940,2026-10-05T00:09:22Z,879,1,1439;1359;1660;838;1640;1480;1386,it,1439;1660;838;1640;1386,0,1,,1
dagq::it::runtime_review_conflict::an_adopted_revise_recorded_but_not_written_is_written_once,37238974545,37246370940,2026-10-05T00:09:22Z,879,1,1439;1359;1660;838;1640;1480;1386,it,1439;1660;838;1640;1386,0,1,,1
dagq::it::runtime_review_conflict::an_adopted_run_with_a_withdrawn_revise_asks_a_person_without_sending_it,37238974545,37246370940,2026-10-05T00:09:22Z,879,1,1439;1359;1660;838;1640;1480;1386,it,1439;1660;838;1640;1386,0,1,,1
dagq::it::runtime_review_questions::a_mismatched_receipt_rewritten_after_an_open_question_is_judged,37238974545,37246370940,2026-10-05T00:09:22Z,879,1,1439;1359;1660;838;1640;1480;1386,it,1439;1660;838;1640;1386,0,1,,1
dagq::it::runtime_review_questions::a_question_open_from_before_the_revise_does_not_hold_an_idle_session,37238974545,37246370940,2026-10-05T00:09:22Z,879,1,1439;1359;1660;838;1640;1480;1386,it,1439;1660;838;1640;1386,0,1,,1
dagq::it::runtime_review_questions::a_question_open_from_before_the_revise_does_not_stop_its_resume_timeout,37238974545,37246370940,2026-10-05T00:09:22Z,879,1,1439;1359;1660;838;1640;1480;1386,it,1439;1660;838;1640;1386,0,1,,1
dagq::it::runtime_review_questions::a_question_passed_by_a_rewritten_receipt_does_not_hold_its_fix,37238974545,37246370940,2026-10-05T00:09:22Z,879,1,1439;1359;1660;838;1640;1480;1386,it,1439;1660;838;1640;1386,0,1,,1
dagq::it::runtime_review_questions::a_receipt_rewritten_after_an_open_question_is_judged,37238974545,37246370940,2026-10-05T00:09:22Z,879,1,1439;1359;1660;838;1640;1480;1386,it,1439;1660;838;1640;1386,0,1,,1
dagq::it::runtime_review_questions::an_answer_to_a_question_from_before_the_revise_is_left_to_the_inbox,37238974545,37246370940,2026-10-05T00:09:22Z,879,1,1439;1359;1660;838;1640;1480;1386,it,1439;1660;838;1640;1386,0,1,,1
dagq::it::runtime_review_questions::an_open_question_without_a_rewritten_receipt_holds_past_the_resume_timeout,37238974545,37246370940,2026-10-05T00:09:22Z,879,1,1439;1359;1660;838;1640;1480;1386,it,1439;1660;838;1640;1386,0,1,,1
dagq::it::runtime_review_reasons::a_concern_canceled_records_the_cancel,37238974545,37246370940,2026-10-05T00:09:22Z,879,1,1439;1359;1660;838;1640;1480;1386,it,1439;1660;838;1640;1386,0,1,,1
dagq::it::runtime_review_reasons::a_concern_landed_records_the_departure_accepted,37238974545,37246370940,2026-10-05T00:09:22Z,879,1,1439;1359;1660;838;1640;1480;1386,it,1439;1660;838;1640;1386,0,1,,1
dagq::it::runtime_review_reasons::a_concern_sent_back_records_its_codes_and_outcome_and_stats_tally_them,37238974545,37246370940,2026-10-05T00:09:22Z,879,1,1439;1359;1660;838;1640;1480;1386,it,1439;1660;838;1640;1386,0,1,,1
dagq::it::runtime_run_env::a_broken_dagq_toml_stops_provisioning_before_the_workspace,37238974545,37246370940,2026-10-05T00:09:22Z,879,1,1439;1359;1660;838;1640;1480;1386,it,1439;1660;838;1640;1386,0,1,,1
dagq::it::runtime_run_env::a_missing_run_env_program_holds_resumes_until_it_is_found,37238974545,37246370940,2026-10-05T00:09:22Z,879,1,1439;1359;1660;838;1640;1480;1386,it,1439;1660;838;1640;1386,0,1,,1
dagq::it::runtime_run_env::a_missing_run_env_program_stops_claims_and_landings_until_it_is_found,37238974545,37246370940,2026-10-05T00:09:22Z,879,1,1439;1359;1660;838;1640;1480;1386,it,1439;1660;838;1640;1386,0,1,,1
dagq::it::runtime_run_env::a_repository_without_dagq_toml_checks_no_program,37238974545,37246370940,2026-10-05T00:09:22Z,879,1,1439;1359;1660;838;1640;1480;1386,it,1439;1660;838;1640;1386,0,1,,1
dagq::it::runtime_run_env::a_resumed_session_gets_the_run_env_too,37238974545,37246370940,2026-10-05T00:09:22Z,879,1,1439;1359;1660;838;1640;1480;1386,it,1439;1660;838;1640;1386,0,1,,1
dagq::it::runtime_run_env::dagq_toml_run_env_reaches_the_workspace_and_the_verification_commands,37238974545,37246370940,2026-10-05T00:09:22Z,879,1,1439;1359;1660;838;1640;1480;1386,it,1439;1660;838;1640;1386,0,1,,1
dagq::it::runtime_run_env::supervisor_starts_and_run_env_changes_are_recorded_as_marks_once,37238974545,37246370940,2026-10-05T00:09:22Z,879,1,1439;1359;1660;838;1640;1480;1386,it,1439;1660;838;1640;1386,0,1,,1
dagq::it::runtime_run_files::a_fifo_request_does_not_hold_the_wrapper,37238974545,37246370940,2026-10-05T00:09:22Z,879,1,1439;1359;1660;838;1640;1480;1386,it,1439;1660;838;1640;1386,0,1,,1
dagq::it::runtime_run_files::fifo_markers_do_not_block_supervisor_passes,37238974545,37246370940,2026-10-05T00:09:22Z,879,1,1439;1359;1660;838;1640;1480;1386,it,1439;1660;838;1640;1386,0,1,,1
dagq::it::runtime_run_files::linked_exit_and_temporary_files_leave_the_target_untouched,37238974545,37246370940,2026-10-05T00:09:22Z,879,1,1439;1359;1660;838;1640;1480;1386,it,1439;1660;838;1640;1386,0,1,,1
dagq::it::runtime_run_files::linked_markers_are_not_read_by_the_supervisor,37238974545,37246370940,2026-10-05T00:09:22Z,879,1,1439;1359;1660;838;1640;1480;1386,it,1439;1660;838;1640;1386,0,1,,1
dagq::it::runtime_sccache::a_wrapper_other_than_sccache_is_left_alone,37238974545,37246370940,2026-10-05T00:09:22Z,879,1,1439;1359;1660;838;1640;1480;1386,it,1439;1660;838;1640;1386,0,1,,1
dagq::it::runtime_sccache::the_supervisor_starts_a_missing_server_outside_the_sandbox_and_records_it,37238974545,37246370940,2026-10-05T00:09:22Z,879,1,1439;1359;1660;838;1640;1480;1386,it,1439;1660;838;1640;1386,0,1,,1
dagq::it::runtime_sccache::turns_and_reviews_without_a_confirmed_server_run_without_the_wrapper,37238974545,37246370940,2026-10-05T00:09:22Z,879,1,1439;1359;1660;838;1640;1480;1386,it,1439;1660;838;1640;1386,0,1,,1
dagq::it::runtime_session::a_compatible_migration_during_a_run_leaves_the_run_working,37238974545,37246370940,2026-10-05T00:09:22Z,879,1,1439;1359;1660;838;1640;1480;1386,it,1439;1660;838;1640;1386,0,1,,1
dagq::it::runtime_session::a_headless_session_whose_exit_request_cannot_be_written_is_a_persons_to_end,37238974545,37246370940,2026-10-05T00:09:22Z,879,1,1439;1359;1660;838;1640;1480;1386,it,1439;1660;838;1640;1386,0,1,,1
dagq::it::runtime_session::a_run_given_up_in_its_review_asks_its_headless_session_to_exit,37238974545,37246370940,2026-10-05T00:09:22Z,879,1,1439;1359;1660;838;1640;1480;1386,it,1439;1660;838;1640;1386,0,1,,1
dagq::it::runtime_session::a_stub_agent_dies_with_its_fixture_and_holds_no_stream_of_the_test,37238974545,37246370940,2026-10-05T00:09:22Z,879,1,1439;1359;1660;838;1640;1480;1386,it,1439;1660;838;1640;1386,0,1,,1
dagq::it::runtime_session::dirty_worktree_fails_validation,37238974545,37246370940,2026-10-05T00:09:22Z,879,1,1439;1359;1660;838;1640;1480;1386,it,1439;1660;838;1640;1386,0,1,,1
dagq::it::runtime_session::failed_workspace_close_is_recorded_without_changing_run_status,37238974545,37246370940,2026-10-05T00:09:22Z,879,1,1439;1359;1660;838;1640;1480;1386,it,1439;1660;838;1640;1386,0,1,,1
dagq::it::runtime_session::receipt_commit_that_is_not_branch_head_fails_validation,37238974545,37246370940,2026-10-05T00:09:22Z,879,1,1439;1359;1660;838;1640;1480;1386,it,1439;1660;838;1640;1386,0,1,,1
dagq::it::runtime_session::receipt_without_new_commit_fails_validation,37238974545,37246370940,2026-10-05T00:09:22Z,879,1,1439;1359;1660;838;1640;1480;1386,it,1439;1660;838;1640;1386,0,1,,1
dagq::it::runtime_session::run_id_mismatch_fails_validation,37238974545,37246370940,2026-10-05T00:09:22Z,879,1,1439;1359;1660;838;1640;1480;1386,it,1439;1660;838;1640;1386,0,1,,1
dagq::it::runtime_session::the_first_commit_is_observed_once_while_the_session_works,37238974545,37246370940,2026-10-05T00:09:22Z,879,1,1439;1359;1660;838;1640;1480;1386,it,1439;1660;838;1640;1386,0,1,,1
dagq::it::runtime_session::valid_receipt_is_verified_and_awaits_integration,37238974545,37246370940,2026-10-05T00:09:22Z,879,1,1439;1359;1660;838;1640;1480;1386,it,1439;1660;838;1640;1386,0,1,,1
dagq::it::runtime_slot_limits::a_flag_wins_over_the_table_and_the_default_is_four,37238974545,37246370940,2026-10-05T00:09:22Z,879,1,1439;1359;1660;838;1640;1480;1386,it,1439;1660;838;1640;1386,0,1,,1
dagq::it::runtime_slot_limits::the_supervisor_table_sets_parallel_and_max_waiting_and_is_read_again,37238974545,37246370940,2026-10-05T00:09:22Z,879,1,1439;1359;1660;838;1640;1480;1386,it,1439;1660;838;1640;1386,0,1,,1
dagq::it::runtime_slot_limits::the_supervisor_table_sets_runtime_planners_and_is_read_again,37238974545,37246370940,2026-10-05T00:09:22Z,879,1,1439;1359;1660;838;1640;1480;1386,it,1439;1660;838;1640;1386,0,1,,1
dagq::it::runtime_stale_receipt::a_receipt_for_the_head_is_not_asked_to_be_rewritten,37238974545,37246370940,2026-10-05T00:09:22Z,879,1,1439;1359;1660;838;1640;1480;1386,it,1439;1660;838;1640;1386,0,1,,1
dagq::it::runtime_stale_receipt::a_resumed_session_idle_after_its_rebase_with_the_old_receipt_is_asked_once,37238974545,37246370940,2026-10-05T00:09:22Z,879,1,1439;1359;1660;838;1640;1480;1386,it,1439;1660;838;1640;1386,0,1,,1
dagq::it::runtime_stale_receipt::a_resumed_session_that_leaves_the_old_receipt_ends_its_attempt_as_before,37238974545,37246370940,2026-10-05T00:09:22Z,879,1,1439;1359;1660;838;1640;1480;1386,it,1439;1660;838;1640;1386,0,1,,1
dagq::it::runtime_stale_receipt::a_session_idle_with_a_stale_receipt_is_asked_once_and_the_rewrite_goes_on,37238974545,37246370940,2026-10-05T00:09:22Z,879,1,1439;1359;1660;838;1640;1480;1386,it,1439;1660;838;1640;1386,0,1,,1
dagq::it::runtime_stale_receipt::a_stale_receipt_left_as_it_is_goes_on_as_before,37238974545,37246370940,2026-10-05T00:09:22Z,879,1,1439;1359;1660;838;1640;1480;1386,it,1439;1660;838;1640;1386,0,1,,1
dagq::it::runtime_stale_receipt::a_stale_receipt_left_during_a_wait_is_unchanged,37238974545,37246370940,2026-10-05T00:09:22Z,879,1,1439;1359;1660;838;1640;1480;1386,it,1439;1660;838;1640;1386,0,1,,1
dagq::it::runtime_stale_receipt::a_stale_receipt_rewritten_during_a_wait_is_rewritten,37238974545,37246370940,2026-10-05T00:09:22Z,879,1,1439;1359;1660;838;1640;1480;1386,it,1439;1660;838;1640;1386,0,1,,1
dagq::it::runtime_stall::a_worker_idle_at_its_question_is_not_nudged,37238974545,37246370940,2026-10-05T00:09:22Z,879,1,1439;1359;1660;838;1640;1480;1386,it,1439;1660;838;1640;1386,0,1,,1
dagq::it::runtime_stall_end::an_abandoned_run_closes_its_answered_stalled_ask_and_ends_its_nudge,37238974545,37246370940,2026-10-05T00:09:22Z,879,1,1439;1359;1660;838;1640;1480;1386,it,1439;1660;838;1640;1386,0,1,,1
dagq::it::runtime_stall_end::recover_closes_the_stalled_ask_and_ends_its_detections_once,37238974545,37246370940,2026-10-05T00:09:22Z,879,1,1439;1359;1660;838;1640;1480;1386,it,1439;1660;838;1640;1386,0,1,,1
dagq::it::runtime_sweep::a_completed_task_loses_the_worktrees_of_all_its_runs,37238974545,37246370940,2026-10-05T00:09:22Z,879,1,1439;1359;1660;838;1640;1480;1386,it,1439;1660;838;1640;1386,0,1,,1
dagq::it::runtime_sweep::a_task_over_loses_the_claude_scratchpads_of_its_runs,37238974545,37246370940,2026-10-05T00:09:22Z,879,1,1439;1359;1660;838;1640;1480;1386,it,1439;1660;838;1640;1386,0,1,,1
dagq::it::runtime_sweep::an_ended_run_with_a_stale_lease_is_swept_but_not_one_with_a_live_lease,37238974545,37246370940,2026-10-05T00:09:22Z,879,1,1439;1359;1660;838;1640;1480;1386,it,1439;1660;838;1640;1386,0,1,,1
dagq::it::runtime_sweep::build_outputs_that_cannot_be_removed_are_retried_by_the_sweep,37238974545,37246370940,2026-10-05T00:09:22Z,879,1,1439;1359;1660;838;1640;1480;1386,it,1439;1660;838;1640;1386,0,1,,1
dagq::it::runtime_sweep::ended_runs_lose_their_build_outputs_and_canceled_tasks_their_worktrees,37238974545,37246370940,2026-10-05T00:09:22Z,879,1,1439;1359;1660;838;1640;1480;1386,it,1439;1660;838;1640;1386,0,1,,1
dagq::it::runtime_sweep::the_supervisor_closes_the_session_spans_of_gone_inbox_and_planner_workspaces,37238974545,37246370940,2026-10-05T00:09:22Z,879,1,1439;1359;1660;838;1640;1480;1386,it,1439;1660;838;1640;1386,0,1,,1
dagq::it::runtime_sweep::the_sweep_closes_every_workspace_left_open_by_a_landed_run,37238974545,37246370940,2026-10-05T00:09:22Z,879,1,1439;1359;1660;838;1640;1480;1386,it not in the table,,0,1,,1
dagq::it::runtime_sweep::the_sweep_closes_the_records_of_planners_whose_workspace_and_wrapper_are_gone,37238974545,37246370940,2026-10-05T00:09:22Z,879,1,1439;1359;1660;838;1640;1480;1386,it,1439;1660;838;1640;1386,0,1,,1
dagq::it::runtime_sweep::the_sweep_closes_the_workspaces_of_failed_runs_the_triage_does_not_take,37238974545,37246370940,2026-10-05T00:09:22Z,879,1,1439;1359;1660;838;1640;1480;1386,it not in the table,,0,1,,1
dagq::it::runtime_sweep::the_sweep_removes_the_runners_of_planners_whose_wrapper_is_done,37238974545,37246370940,2026-10-05T00:09:22Z,879,1,1439;1359;1660;838;1640;1480;1386,it,1439;1660;838;1640;1386,0,1,,1
dagq::it::runtime_throughput_review::a_failed_review_is_recorded_and_told_to_the_inbox_as_a_notice,37238974545,37246370940,2026-10-05T00:09:22Z,879,1,1439;1359;1660;838;1640;1480;1386,it,1439;1660;838;1640;1386,0,1,,1
dagq::it::runtime_throughput_review::a_failing_review_stops_no_claim_nor_landing,37238974545,37246370940,2026-10-05T00:09:22Z,879,1,1439;1359;1660;838;1640;1480;1386,it,1439;1660;838;1640;1386,0,1,,1
dagq::it::runtime_throughput_review::a_preparation_failure_is_finished_once_and_told_to_the_inbox,37238974545,37246370940,2026-10-05T00:09:22Z,879,1,1439;1359;1660;838;1640;1480;1386,it,1439;1660;838;1640;1386,0,1,,1
dagq::it::runtime_throughput_review::an_hour_a_rule_meets_is_reviewed_saved_and_told_to_the_inbox_and_the_job_only_reads,37238974545,37246370940,2026-10-05T00:09:22Z,879,1,1439;1359;1660;838;1640;1480;1386,it,1439;1660;838;1640;1386,0,1,,1
dagq::it::runtime_throughput_review::an_hour_no_rule_meets_starts_no_agent,37238974545,37246370940,2026-10-05T00:09:22Z,879,1,1439;1359;1660;838;1640;1480;1386,it,1439;1660;838;1640;1386,0,1,,1
dagq::it::runtime_throughput_review::the_daily_and_weekly_reviews_of_inputs_of_mbs_start_their_agent_with_a_small_prompt,37238974545,37246370940,2026-10-05T00:09:22Z,879,1,1439;1359;1660;838;1640;1480;1386,it,1439;1660;838;1640;1386,0,1,,1
dagq::it::runtime_throughput_review::the_reply_uses_only_stdout_for_text_and_structured_providers,37238974545,37246370940,2026-10-05T00:09:22Z,879,1,1439;1359;1660;838;1640;1480;1386,it,1439;1660;838;1640;1386,0,1,,1
dagq::it::runtime_throughput_review::the_supervisor_starts_each_review_due_once_without_a_run_slot,37238974545,37246370940,2026-10-05T00:09:22Z,879,1,1439;1359;1660;838;1640;1480;1386,it,1439;1660;838;1640;1386,0,1,,1
dagq::it::runtime_throughput_review::the_weekly_review_records_its_next_move_as_a_finding_marked_for_a_proposal,37238974545,37246370940,2026-10-05T00:09:22Z,879,1,1439;1359;1660;838;1640;1480;1386,it,1439;1660;838;1640;1386,0,1,,1
dagq::it::runtime_triage::a_corrected_verify_gets_a_round_past_the_used_up_limit_and_lands_inherited,37238974545,37246370940,2026-10-05T00:09:22Z,879,1,1439;1359;1660;838;1640;1480;1386,it,1439;1660;838;1640;1386,0,1,,1
dagq::it::runtime_triage::a_dead_run_nobody_leases_is_recovered_triaged_and_retried,37238974545,37246370940,2026-10-05T00:09:22Z,879,1,1439;1359;1660;838;1640;1480;1386,it,1439;1660;838;1640;1386,0,1,,1
dagq::it::runtime_triage::a_dead_run_whose_dead_supervisor_still_leases_it_is_recovered_and_retried,37238974545,37246370940,2026-10-05T00:09:22Z,879,1,1439;1359;1660;838;1640;1480;1386,it,1439;1660;838;1640;1386,0,1,,1
dagq::it::runtime_triage::a_failed_run_the_recovery_job_resumes_is_resumed_in_its_session_and_lands,37238974545,37246370940,2026-10-05T00:09:22Z,879,1,1439;1359;1660;838;1640;1480;1386,it,1439;1660;838;1640;1386,0,1,,1
dagq::it::runtime_triage::a_failed_run_without_commits_is_retried_by_its_recovery_job_and_lands,37238974545,37246370940,2026-10-05T00:09:22Z,879,1,1439;1359;1660;838;1640;1480;1386,it,1439;1660;838;1640;1386,0,1,,1
dagq::it::runtime_triage::a_retry_of_a_run_with_commits_is_refused_and_asked_with_the_jobs_options,37238974545,37246370940,2026-10-05T00:09:22Z,879,1,1439;1359;1660;838;1640;1480;1386,it,1439;1660;838;1640;1386,0,1,,1
dagq::it::runtime_triage::a_revise_for_an_adopted_run_whose_wrapper_died_asks_a_person,37238974545,37246370940,2026-10-05T00:09:22Z,879,1,1439;1359;1660;838;1640;1480;1386,it,1439;1660;838;1640;1386,0,1,,1
dagq::it::runtime_triage::a_triage_whose_lease_moved_is_triaged_again_only_after_its_slot_is_dropped,37238974545,37246370940,2026-10-05T00:09:22Z,879,1,1439;1359;1660;838;1640;1480;1386,it,1439;1660;838;1640;1386,0,1,,1
dagq::it::runtime_triage::a_wait_runs_the_job_again_and_a_low_confidence_repair_is_asked,37238974545,37246370940,2026-10-05T00:09:22Z,879,1,1439;1359;1660;838;1640;1480;1386,it,1439;1660;838;1640;1386,0,1,,1
dagq::it::runtime_triage::an_adopted_run_whose_concern_was_asked_waits_for_the_ask,37238974545,37246370940,2026-10-05T00:09:22Z,879,1,1439;1359;1660;838;1640;1480;1386,it,1439;1660;838;1640;1386,0,1,,1
dagq::it::runtime_triage::an_adopted_run_whose_failed_review_ask_was_answered_has_the_answer_applied,37238974545,37246370940,2026-10-05T00:09:22Z,879,1,1439;1359;1660;838;1640;1480;1386,it,1439;1660;838;1640;1386,0,1,,1
dagq::it::runtime_triage::an_adopted_run_whose_failed_review_ask_was_closed_is_reviewed_again,37238974545,37246370940,2026-10-05T00:09:22Z,879,1,1439;1359;1660;838;1640;1480;1386,it,1439;1660;838;1640;1386,0,1,,1
dagq::it::runtime_triage::an_adopted_run_whose_failed_review_was_asked_waits_for_the_ask,37238974545,37246370940,2026-10-05T00:09:22Z,879,1,1439;1359;1660;838;1640;1480;1386,it,1439;1660;838;1640;1386,0,1,,1
dagq::it::runtime_triage::an_adopted_run_whose_failed_review_was_recorded_is_not_recorded_again,37238974545,37246370940,2026-10-05T00:09:22Z,879,1,1439;1359;1660;838;1640;1480;1386,it,1439;1660;838;1640;1386,0,1,,1
dagq::it::runtime_triage::an_adopted_run_whose_retried_review_was_asked_records_the_second_attempt,37238974545,37246370940,2026-10-05T00:09:22Z,879,1,1439;1359;1660;838;1640;1480;1386,it,1439;1660;838;1640;1386,0,1,,1
dagq::it::runtime_triage::an_awaiting_run_whose_supervisor_and_wrapper_died_is_adopted_reviewed_and_landed,37238974545,37246370940,2026-10-05T00:09:22Z,879,1,1439;1359;1660;838;1640;1480;1386,it,1439;1660;838;1640;1386,0,1,,1
dagq::it::runtime_triage::an_escalation_waits_for_a_person_and_the_supervisor_applies_the_answer,37238974545,37246370940,2026-10-05T00:09:22Z,879,1,1439;1359;1660;838;1640;1480;1386,it,1439;1660;838;1640;1386,0,1,,1
dagq::it::runtime_triage::recover_releases_the_stale_lease_of_an_awaiting_run_for_integrate,37238974545,37246370940,2026-10-05T00:09:22Z,879,1,1439;1359;1660;838;1640;1480;1386,it,1439;1660;838;1640;1386,0,1,,1
dagq::it::runtime_triage::retry_inherit_carries_the_branch_over_once_and_a_failed_job_is_recovered_by_hand,37238974545,37246370940,2026-10-05T00:09:22Z,879,1,1439;1359;1660;838;1640;1480;1386,it,1439;1660;838;1640;1386,0,1,,1
dagq::it::runtime_triage::triage_answers_resume_the_run_or_ready_the_task,37238974545,37246370940,2026-10-05T00:09:22Z,879,1,1439;1359;1660;838;1640;1480;1386,it,1439;1660;838;1640;1386,0,1,,1
dagq::it::runtime_verify_flaky::a_failed_retry_resumes_and_a_later_landing_can_retry_again,37238974545,37246370940,2026-10-05T00:09:22Z,879,1,1439;1359;1660;838;1640;1480;1386,it,1439;1660;838;1640;1386,0,1,,1
dagq::it::runtime_verify_flaky::a_failure_that_is_not_flaky_is_resumed_at_once,37238974545,37246370940,2026-10-05T00:09:22Z,879,1,1439;1359;1660;838;1640;1480;1386,it,1439;1660;838;1640;1386,0,1,,1
dagq::it::runtime_verify_flaky::a_flaky_retry_keeps_coverage_and_host_failures,37238974545,37246370940,2026-10-05T00:09:22Z,879,1,1439;1359;1660;838;1640;1480;1386,it,1439;1660;838;1640;1386,0,1,,1
dagq::it::runtime_verify_flaky::only_flaky_tests_failing_lands_the_run_once_more_without_a_resume,37238974545,37246370940,2026-10-05T00:09:22Z,879,1,1439;1359;1660;838;1640;1480;1386,it,1439;1660;838;1640;1386,0,1,,1
dagq::it::runtime_verify_flaky::the_supervisor_lands_a_run_with_only_flaky_failures_once_more,37238974545,37246370940,2026-10-05T00:09:22Z,879,1,1439;1359;1660;838;1640;1480;1386,it,1439;1660;838;1640;1386,0,1,,1
dagq::it::runtime_verify_retry::a_command_past_its_whole_limit_is_a_timeout_failure,37238974545,37246370940,2026-10-05T00:09:22Z,879,1,1439;1359;1660;838;1640;1480;1386,it,1439;1660;838;1640;1386,0,1,,1
dagq::it::runtime_verify_retry::a_command_that_failed_on_the_host_is_retried_and_lands_when_it_passes,37238974545,37246370940,2026-10-05T00:09:22Z,879,1,1439;1359;1660;838;1640;1480;1386,it,1439;1660;838;1640;1386,0,1,,1
dagq::it::runtime_verify_retry::a_command_that_fails_on_the_host_again_waits_for_a_person_without_a_resume,37238974545,37246370940,2026-10-05T00:09:22Z,879,1,1439;1359;1660;838;1640;1480;1386,it,1439;1660;838;1640;1386,0,1,,1
dagq::it::runtime_verify_retry::a_failure_of_the_code_is_resumed_as_before,37238974545,37246370940,2026-10-05T00:09:22Z,879,1,1439;1359;1660;838;1640;1480;1386,it,1439;1660;838;1640;1386,0,1,,1
dagq::it::runtime_verify_retry::a_full_disk_without_room_is_held_without_a_retry,37238974545,37246370940,2026-10-05T00:09:22Z,879,1,1439;1359;1660;838;1640;1480;1386,it,1439;1660;838;1640;1386,0,1,,1
dagq::it::runtime_waiting::a_landing_run_fills_its_supervisors_slot_in_status_and_stats,37238974545,37246370940,2026-10-05T00:09:22Z,879,1,1439;1359;1660;838;1640;1480;1386,it,1439;1660;838;1640;1386,0,1,,1
dagq::it::runtime_waiting::a_returning_run_counts_toward_the_limit,37238974545,37246370940,2026-10-05T00:09:22Z,879,1,1439;1359;1660;838;1640;1480;1386,it,1439;1660;838;1640;1386,0,1,,1
dagq::it::runtime_waiting::a_run_waiting_for_its_answer_leaves_the_slot_to_another_task,37238974545,37246370940,2026-10-05T00:09:22Z,879,1,1439;1359;1660;838;1640;1480;1386,it,1439;1660;838;1640;1386,0,1,,1
dagq::it::runtime_waiting::a_wait_is_taken_over_after_a_handoff,37238974545,37246370940,2026-10-05T00:09:22Z,879,1,1439;1359;1660;838;1640;1480;1386,it,1439;1660;838;1640;1386,0,1,,1
dagq::it::runtime_waiting::a_wrapper_heartbeat_that_comes_back_lets_the_run_wait_again,37238974545,37246370940,2026-10-05T00:09:22Z,879,1,1439;1359;1660;838;1640;1480;1386,it,1439;1660;838;1640;1386,0,1,,1
dagq::it::runtime_waiting::a_wrapper_that_goes_silent_during_a_wait_sends_the_run_back_for_its_exit,37238974545,37246370940,2026-10-05T00:09:22Z,879,1,1439;1359;1660;838;1640;1480;1386,it,1439;1660;838;1640;1386,0,1,,1
dagq::it::runtime_waiting::an_adopted_run_keeps_waiting_outside_the_slot,37238974545,37246370940,2026-10-05T00:09:22Z,879,1,1439;1359;1660;838;1640;1480;1386,it,1439;1660;838;1640;1386,0,1,,1
dagq::it::runtime_waiting::no_wait_without_a_limit,37238974545,37246370940,2026-10-05T00:09:22Z,879,1,1439;1359;1660;838;1640;1480;1386,it,1439;1660;838;1640;1386,0,1,,1
dagq::it::runtime_waiting::the_waits_stay_within_their_limit,37238974545,37246370940,2026-10-05T00:09:22Z,879,1,1439;1359;1660;838;1640;1480;1386,it,1439;1660;838;1640;1386,0,1,,1
dagq::it::runtime_waiting_stages::a_question_while_resuming_waits_outside_the_slot_and_gets_its_answer,37238974545,37246370940,2026-10-05T00:09:22Z,879,1,1439;1359;1660;838;1640;1480;1386,it,1439;1660;838;1640;1386,0,1,,1
dagq::it::runtime_waiting_stages::a_question_while_revising_waits_outside_the_slot_with_its_clock_stopped,37238974545,37246370940,2026-10-05T00:09:22Z,879,1,1439;1359;1660;838;1640;1480;1386,it,1439;1660;838;1640;1386,0,1,,1
dagq::it::runtime_waiting_stages::a_resume_question_past_the_limit_waits_in_its_slot_with_its_clock_stopped,37238974545,37246370940,2026-10-05T00:09:22Z,879,1,1439;1359;1660;838;1640;1480;1386,it,1439;1660;838;1640;1386,0,1,,1
dagq::it::runtime_waiting_stages::an_adopted_headless_revise_keeps_waiting_outside_the_slot,37238974545,37246370940,2026-10-05T00:09:22Z,879,1,1439;1359;1660;838;1640;1480;1386,it,1439;1660;838;1640;1386,0,1,,1
dagq::it::runtime_workspace_cleanup::ended_runs_workspaces_are_listed_then_closed_by_run_task_or_all,37238974545,37246370940,2026-10-05T00:09:22Z,879,1,1439;1359;1660;838;1640;1480;1386,it not in the table,,0,1,,1
dagq::it::shell_leftovers::a_waiting_headless_turn_and_its_child_die_with_the_fixture,37238974545,37246370940,2026-10-05T00:09:22Z,879,1,1439;1359;1660;838;1640;1480;1386,it,1439;1660;838;1640;1386,0,1,,1
dagq::it::shell_leftovers::a_waiting_headless_turn_and_its_child_die_with_their_test_process,37238974545,37246370940,2026-10-05T00:09:22Z,879,1,1439;1359;1660;838;1640;1480;1386,it,1439;1660;838;1640;1386,0,1,,1
dagq::it::source_repository::install_without_from_builds_only_dagqs_source,37238974545,37246370940,2026-10-05T00:09:22Z,879,1,1439;1359;1660;838;1640;1480;1386,it,1439;1660;838;1640;1386,0,1,,1
dagq::it::source_repository::up_auto_update_needs_dagqs_source,37238974545,37246370940,2026-10-05T00:09:22Z,879,1,1439;1359;1660;838;1640;1480;1386,it,1439;1660;838;1640;1386,0,1,,1
dagq::it::stub_templates::concurrent_processes_share_a_warmed_inode_but_keep_paths_and_values_private,37238974545,37246370940,2026-10-05T00:09:22Z,879,1,1439;1359;1660;838;1640;1480;1386,it,1439;1660;838;1640;1386,0,1,,1
dagq::it::throughput_review_codex::a_codex_review_at_the_usage_limit_says_codex_cannot_be_used,37238974545,37246370940,2026-10-05T00:09:22Z,879,1,1439;1359;1660;838;1640;1480;1386,it,1439;1660;838;1640;1386,0,1,,1
dagq::it::throughput_review_codex::a_codex_that_does_not_start_cannot_be_used,37238974545,37246370940,2026-10-05T00:09:22Z,879,1,1439;1359;1660;838;1640;1480;1386,it,1439;1660;838;1640;1386,0,1,,1
dagq::it::throughput_review_codex::a_handed_over_codex_review_that_found_codex_unusable_holds_codex,37238974545,37246370940,2026-10-05T00:09:22Z,879,1,1439;1359;1660;838;1640;1480;1386,it,1439;1660;838;1640;1386,0,1,,1
dagq::it::throughput_review_codex::a_no_claude_supervisor_never_moves_a_failed_codex_review_to_claude,37238974545,37246370940,2026-10-05T00:09:22Z,879,1,1439;1359;1660;838;1640;1480;1386,it,1439;1660;838;1640;1386,0,1,,1
dagq::it::throughput_review_codex::a_no_claude_supervisor_runs_the_reviews_set_to_codex,37238974545,37246370940,2026-10-05T00:09:22Z,879,1,1439;1359;1660;838;1640;1480;1386,it,1439;1660;838;1640;1386,0,1,,1
dagq::it::throughput_review_codex::a_review_no_provider_can_run_records_why,37238974545,37246370940,2026-10-05T00:09:22Z,879,1,1439;1359;1660;838;1640;1480;1386,it,1439;1660;838;1640;1386,0,1,,1
dagq::it::throughput_review_codex::a_throughput_review_on_codex_reads_its_last_message_like_claude_s_output,37238974545,37246370940,2026-10-05T00:09:22Z,879,1,1439;1359;1660;838;1640;1480;1386,it,1439;1660;838;1640;1386,0,1,,1
dagq::it::throughput_review_codex::the_command_with_a_codex_gone_records_that_codex_cannot_be_used,37238974545,37246370940,2026-10-05T00:09:22Z,879,1,1439;1359;1660;838;1640;1480;1386,it,1439;1660;838;1640;1386,0,1,,1
dagq::it::worker_escalation::a_concern_sent_back_resumes_one_step_higher,37238974545,37246370940,2026-10-05T00:09:22Z,879,1,1439;1359;1660;838;1640;1480;1386,it,1439;1660;838;1640;1386,0,1,,1
dagq::it::worker_escalation::a_conflict_resume_keeps_the_step,37238974545,37246370940,2026-10-05T00:09:22Z,879,1,1439;1359;1660;838;1640;1480;1386,it,1439;1660;838;1640;1386,0,1,,1
dagq::it::worker_escalation::a_failed_verification_resumes_one_step_higher,37238974545,37246370940,2026-10-05T00:09:22Z,879,1,1439;1359;1660;838;1640;1480;1386,it,1439;1660;838;1640;1386,0,1,,1
dagq::it::worker_escalation::a_kill_keeps_the_step,37238974545,37246370940,2026-10-05T00:09:22Z,879,1,1439;1359;1660;838;1640;1480;1386,it,1439;1660;838;1640;1386,0,1,,1
dagq::it::worker_escalation::a_raised_resume_starts_the_session_higher_and_stats_reads_it,37238974545,37246370940,2026-10-05T00:09:22Z,879,1,1439;1359;1660;838;1640;1480;1386,it,1439;1660;838;1640;1386,0,1,,1
dagq::it::worker_escalation::missing_evidence_and_a_scope_violation_keep_the_step,37238974545,37246370940,2026-10-05T00:09:22Z,879,1,1439;1359;1660;838;1640;1480;1386,it,1439;1660;838;1640;1386,0,1,,1
dagq::it::worker_model::a_codex_run_is_outside_the_trial,37238974545,37246370940,2026-10-05T00:09:22Z,879,1,1439;1359;1660;838;1640;1480;1386,it,1439;1660;838;1640;1386,0,1,,1
dagq::it::worker_model::the_trial_alternates_the_mechanical_tasks_of_the_lower_third,37238974545,37246370940,2026-10-05T00:09:22Z,879,1,1439;1359;1660;838;1640;1480;1386,it,1439;1660;838;1640;1386,0,1,,1
dagq::it::worker_model::workers_start_at_opus_medium_by_default,37238974545,37246370940,2026-10-05T00:09:22Z,879,1,1439;1359;1660;838;1640;1480;1386,it,1439;1660;838;1640;1386,0,1,,1
dagq::plugin::hook_commands_run_from_a_plugin_directory_with_a_space,37238974545,37246370940,2026-10-05T00:09:22Z,879,1,1439;1359;1660;838;1640;1480;1386,it,1439;1660;838;1640;1386,0,1,,1
dagq::plugin::launcher_warns_only_when_plugin_and_binary_differ_in_major_minor,37238974545,37246370940,2026-10-05T00:09:22Z,879,1,1439;1359;1660;838;1640;1480;1386,it,1439;1660;838;1640;1386,0,1,,1
dagq::it::runtime_claim_build::a_task_waits_for_a_build_that_contains_its_dependencies_landings,37246370940,37251674473,2026-10-05T01:30:12Z,4,0,1794;1633;840;1315;1632,it,1794;1633;840;1632,0,1,,1
dagq::it::runtime_claim_build::the_wait_for_the_build_is_declared_shown_and_withdrawn,37246370940,37251674473,2026-10-05T01:30:12Z,4,0,1794;1633;840;1315;1632,it,1794;1633;840;1632,0,1,,1
dagq::it::runtime_codex::a_review_whose_worktree_is_gone_fails_without_holding_its_provider,37246370940,37251674473,2026-10-05T01:30:12Z,4,0,1794;1633;840;1315;1632,it,1794;1633;840;1315;1632,0,1,,1
dagq::it::runtime_triage::the_recovery_job_reads_the_supervisors_build_and_the_dependencies_it_holds,37246370940,37251674473,2026-10-05T01:30:12Z,4,0,1794;1633;840;1315;1632,it,1794;1633;840;1632,0,1,,1
dagq::it::cli_goals::a_goal_takes_tags_that_an_edit_replaces_or_removes,37251674473,37261885634,2026-10-05T04:03:37Z,3,0,1537;1641;1529;1515;1514;1818;842;841;1360,it,1641,0,1,,1
dagq::it::cli_goals::goal_list_orders_by_priority_and_narrows_by_tag,37251674473,37261885634,2026-10-05T04:03:37Z,3,0,1537;1641;1529;1515;1514;1818;842;841;1360,it,1641,0,1,,1
dagq::it::cli_goals::the_set_of_goal_tags_of_dagq_toml_holds_goal_add_edit_lint_and_submit,37251674473,37261885634,2026-10-05T04:03:37Z,3,0,1537;1641;1529;1515;1514;1818;842;841;1360,it,1641,0,1,,1
dagq::it::cli_version::install_of_a_build_that_dies_puts_the_binary_back_and_asks_the_inbox,37261885634,37272022600,2026-10-05T06:21:41Z,21,0,1551;1568;1550;1540;1223;1481,it,1551;1550;1540;1223;1481,0,1,,1
dagq::it::draft_revisit::a_kept_draft_gets_a_headless_planner_at_its_revisit_time_with_the_last_decision,37261885634,37272022600,2026-10-05T06:21:41Z,21,0,1551;1568;1550;1540;1223;1481,it,1551;1550;1540;1223;1481,0,1,,1
dagq::it::draft_revisit::a_persons_draft_gets_a_planner_only_at_its_revisit_time,37261885634,37272022600,2026-10-05T06:21:41Z,21,0,1551;1568;1550;1540;1223;1481,it,1551;1550;1540;1223;1481,0,1,,1
dagq::it::draft_revisit::people_the_inbox_and_planners_revisit_and_workers_jobs_and_the_observer_may_not,37261885634,37272022600,2026-10-05T06:21:41Z,21,0,1551;1568;1550;1540;1223;1481,it,1551;1550;1540;1223;1481,0,1,,1
dagq::it::lifecycle_install_watch::a_build_that_stops_after_it_registered_goes_back_and_tells_the_inbox,37261885634,37272022600,2026-10-05T06:21:41Z,21,0,1551;1568;1550;1540;1223;1481,it,1551;1550;1540;1223;1481,0,1,,1
dagq::it::lifecycle_install_watch::a_build_that_stops_heartbeating_is_stopped_and_started_again,37261885634,37272022600,2026-10-05T06:21:41Z,21,0,1551;1568;1550;1540;1223;1481,it,1551;1550;1540;1223;1481,0,1,,1
dagq::it::lifecycle_install_watch::a_persons_install_failure_leaves_the_automatic_update_alone,37261885634,37272022600,2026-10-05T06:21:41Z,21,0,1551;1568;1550;1540;1223;1481,it,1551;1550;1540;1223;1481,0,1,,1
dagq::it::lifecycle_install_watch::a_persons_install_succeeds_once_each_supervisor_heartbeats_on,37261885634,37272022600,2026-10-05T06:21:41Z,21,0,1551;1568;1550;1540;1223;1481,it,1551;1550;1540;1223;1481,0,1,,1
dagq::it::lifecycle_install_watch::a_previous_of_another_build_is_not_put_back,37261885634,37272022600,2026-10-05T06:21:41Z,21,0,1551;1568;1550;1540;1223;1481,it,1551;1550;1540;1223;1481,0,1,,1
dagq::it::lifecycle_install_watch::a_supervisor_that_registers_during_the_install_is_brought_back_too,37261885634,37272022600,2026-10-05T06:21:41Z,21,0,1551;1568;1550;1540;1223;1481,it,1551;1550;1540;1223;1481,0,1,,1
dagq::it::lifecycle_install_watch::only_the_failed_supervisor_is_brought_back_when_the_other_runs_the_build,37261885634,37272022600,2026-10-05T06:21:41Z,21,0,1551;1568;1550;1540;1223;1481,it,1551;1550;1540;1223;1481,0,1,,1
dagq::it::lifecycle_install_watch::the_failures_of_the_handoff_tell_the_inbox_too,37261885634,37272022600,2026-10-05T06:21:41Z,21,0,1551;1568;1550;1540;1223;1481,it,1551;1550;1540;1223;1481,0,1,,1
dagq::it::observer_codex::a_codex_observation_at_the_usage_limit_says_codex_cannot_be_used,37261885634,37272022600,2026-10-05T06:21:41Z,21,0,1551;1568;1550;1540;1223;1481,it,1551;1550;1540;1223;1481,0,1,,1
dagq::it::observer_codex::a_codex_observation_without_its_rollout_says_the_model_is_unknown,37261885634,37272022600,2026-10-05T06:21:41Z,21,0,1551;1568;1550;1540;1223;1481,it,1551;1550;1540;1223;1481,0,1,,1
dagq::it::observer_codex::a_codex_observer_at_the_usage_limit_starts_again_on_claude,37261885634,37272022600,2026-10-05T06:21:41Z,21,0,1551;1568;1550;1540;1223;1481,it,1551;1550;1540;1223;1481,0,1,,1
dagq::it::observer_codex::a_codex_observer_that_does_not_start_cannot_be_used,37261885634,37272022600,2026-10-05T06:21:41Z,21,0,1551;1568;1550;1540;1223;1481,it,1551;1550;1540;1223;1481,0,1,,1
dagq::it::observer_codex::a_codex_observer_writes_findings_and_a_blocked_ask_through_the_queue_service,37261885634,37272022600,2026-10-05T06:21:41Z,21,0,1551;1568;1550;1540;1223;1481,it,1551;1550;1540;1223;1481,0,1,,1
dagq::it::observer_codex::a_no_claude_supervisor_never_moves_a_failed_codex_observer_to_claude,37261885634,37272022600,2026-10-05T06:21:41Z,21,0,1551;1568;1550;1540;1223;1481,it,1551;1550;1540;1223;1481,0,1,,1
dagq::it::observer_codex::a_no_claude_supervisor_runs_the_observer_set_to_codex,37261885634,37272022600,2026-10-05T06:21:41Z,21,0,1551;1568;1550;1540;1223;1481,it,1551;1550;1540;1223;1481,0,1,,1
dagq::it::observer_codex::a_supervisor_runs_the_observer_without_a_role_table_on_claude,37261885634,37272022600,2026-10-05T06:21:41Z,21,0,1551;1568;1550;1540;1223;1481,it,1551;1550;1540;1223;1481,0,1,,1
dagq::it::observer_codex::an_observation_no_provider_can_run_records_why,37261885634,37272022600,2026-10-05T06:21:41Z,21,0,1551;1568;1550;1540;1223;1481,it,1551;1550;1540;1223;1481,0,1,,1
dagq::it::request_planner::only_the_requests_own_planner_asks_a_planner_question_on_it,37272022600,37281715971,2026-10-05T08:07:49Z,1,0,1618;1617;1644;1564;1811,it,1618;1617;1564,0,1,,1
dagq::it::inbox_watch_wake::the_second_failure_of_the_observer_wakes_the_inbox_once,37314397871,37330447336,2026-10-05T15:08:59Z,2,0,1635;1625;1616;1601;1843;1574;1600;663,it,1616;1843;1574;663,0,1,,1
dagq::it::runtime_observer::observe_counts_its_failures_in_a_row_and_a_success_or_a_skip_ends_them,37314397871,37330447336,2026-10-05T15:08:59Z,2,0,1635;1625;1616;1601;1843;1574;1600;663,it,1616;1843;1574;663,0,1,,1
dagq::it::cli_authorization::only_user_and_inbox_set_the_priority_of_a_task_in_progress,37330447336,37335082493,2026-10-05T15:43:11Z,6,0,1619,it,,0,0,a8056a3ab631,1
dagq::it::runtime_slot_order::a_higher_ready_task_is_claimed_before_a_lower_resume,37330447336,37335082493,2026-10-05T15:43:11Z,6,0,1619,it,,0,0,a8056a3ab631,1
dagq::it::runtime_slot_order::a_higher_recovery_job_starts_before_a_lower_resume,37330447336,37335082493,2026-10-05T15:43:11Z,6,0,1619,it,,0,0,a8056a3ab631,1
dagq::it::runtime_slot_order::a_higher_resume_starts_before_a_lower_claim,37330447336,37335082493,2026-10-05T15:43:11Z,6,0,1619,it,,0,0,a8056a3ab631,1
dagq::it::runtime_slot_order::a_parked_task_set_low_while_in_progress_is_resumed_after_a_normal_claim,37330447336,37335082493,2026-10-05T15:43:11Z,6,0,1619,it,,0,0,a8056a3ab631,1
dagq::it::runtime_slot_order::on_the_same_priority_the_resume_starts_before_the_claim,37330447336,37335082493,2026-10-05T15:43:11Z,6,0,1619,it,,0,0,a8056a3ab631,1
