task,commit,days,base_commit,added_or_moved_tests,added_test_names,changed_src_files,src_files,changed_ratio
997,d12de1f1572319b73c10ee2bbb9abf5dce5dbdc6,1,59d0365a3f156ba530151b3380c34bad470c50b8,171,143,209,272,0.7684
997,d12de1f1572319b73c10ee2bbb9abf5dce5dbdc6,2,c0311adc58809d0fa223d463037c8ce9c87247b1,392,370,250,272,0.9191
997,d12de1f1572319b73c10ee2bbb9abf5dce5dbdc6,3,6193376b6897e04b6126d6fed1d0b9eea1fd3203,846,846,267,272,0.9816
997,d12de1f1572319b73c10ee2bbb9abf5dce5dbdc6,7,59c8fdc6be507d671de56b70f8a589a7d3779828,856,856,272,272,1.0
1046,3a3d96184ca463f910f93056049b2d110afe439e,1,59d0365a3f156ba530151b3380c34bad470c50b8,177,149,216,275,0.7855
1046,3a3d96184ca463f910f93056049b2d110afe439e,2,fc490312ee20541a43b3c0adef810afa72754149,398,376,254,275,0.9236
1046,3a3d96184ca463f910f93056049b2d110afe439e,3,d9119bcf5bc5f78b4a45a41a4cd91b35ae27791b,852,852,270,275,0.9818
1046,3a3d96184ca463f910f93056049b2d110afe439e,7,184cc63441159b1a0bd40ce09d7cebd5daf9b9c7,862,862,275,275,1.0
1013,a10084c186b21763c02c1fa1d95e577e3740398f,1,7b71666de0b7055e36e1eeb0c1172ca7106ea869,177,149,210,275,0.7636
1013,a10084c186b21763c02c1fa1d95e577e3740398f,2,f3f17f6030bc466807e593d5fdbb75a4d7f5ffd1,398,376,254,275,0.9236
1013,a10084c186b21763c02c1fa1d95e577e3740398f,3,d9119bcf5bc5f78b4a45a41a4cd91b35ae27791b,852,852,270,275,0.9818
1013,a10084c186b21763c02c1fa1d95e577e3740398f,7,51a1998f97d694aa48cde6699fb0097c85e0af4f,862,862,275,275,1.0
898,4ab1473e58d3e6d88612cfacfe3ba761802181eb,1,99d1070de9b429ecc2f5149ad2796cef2b940109,174,146,210,275,0.7636
898,4ab1473e58d3e6d88612cfacfe3ba761802181eb,2,c49f3243ea6453611be3ddaa08ae0020c4a24a9d,398,376,253,275,0.92
898,4ab1473e58d3e6d88612cfacfe3ba761802181eb,3,8ef15da5075e45e2e8f435ba971a2db389873b01,852,852,270,275,0.9818
898,4ab1473e58d3e6d88612cfacfe3ba761802181eb,7,71457131683a5c527fd5dbb834bffa386a15b9e1,862,862,275,275,1.0
1049,6a71d8cdf952e87a2a2bad585e5fbbdc631faab0,1,99d1070de9b429ecc2f5149ad2796cef2b940109,174,146,211,275,0.7673
1049,6a71d8cdf952e87a2a2bad585e5fbbdc631faab0,2,c49f3243ea6453611be3ddaa08ae0020c4a24a9d,398,376,253,275,0.92
1049,6a71d8cdf952e87a2a2bad585e5fbbdc631faab0,3,8ef15da5075e45e2e8f435ba971a2db389873b01,852,852,270,275,0.9818
1049,6a71d8cdf952e87a2a2bad585e5fbbdc631faab0,7,71457131683a5c527fd5dbb834bffa386a15b9e1,862,862,275,275,1.0
835,abe81186cdb8980cce1ed6e66020f456fb851f2c,1,99d1070de9b429ecc2f5149ad2796cef2b940109,174,146,211,275,0.7673
835,abe81186cdb8980cce1ed6e66020f456fb851f2c,2,0c1b3b5654743f2c745ed217de1d69575555e5a2,391,369,253,275,0.92
835,abe81186cdb8980cce1ed6e66020f456fb851f2c,3,8ef15da5075e45e2e8f435ba971a2db389873b01,852,852,270,275,0.9818
835,abe81186cdb8980cce1ed6e66020f456fb851f2c,7,71457131683a5c527fd5dbb834bffa386a15b9e1,862,862,275,275,1.0
910,b85508a459f85f6728529cf83763a31a00b329c3,1,99d1070de9b429ecc2f5149ad2796cef2b940109,178,150,212,276,0.7681
910,b85508a459f85f6728529cf83763a31a00b329c3,2,be0995ed9ffd78b7d58b270db896c56c8aed916e,394,372,254,276,0.9203
910,b85508a459f85f6728529cf83763a31a00b329c3,3,0d9016ac8da1147f7ffbb60039bf79afd0df67d0,856,856,271,276,0.9819
910,b85508a459f85f6728529cf83763a31a00b329c3,7,71457131683a5c527fd5dbb834bffa386a15b9e1,866,866,276,276,1.0
1061,b84422312e0fa183d951fb7fab30281d118b8d00,1,78ae72992f49ec939ad1651cf414e980ba9b404a,177,149,212,276,0.7681
1061,b84422312e0fa183d951fb7fab30281d118b8d00,2,ddd4047f0258c7694812982438dc6ff47fe730a4,395,373,254,276,0.9203
1061,b84422312e0fa183d951fb7fab30281d118b8d00,3,81f7718278d8768906ec808ca59c8016c20785e2,857,857,272,276,0.9855
1061,b84422312e0fa183d951fb7fab30281d118b8d00,7,71457131683a5c527fd5dbb834bffa386a15b9e1,867,867,276,276,1.0
1062,156bb09096dda1d07779f0f51ff84a911ad20cd8,1,ba7a78299aef72de21a4244547a9b74d5b1a918c,176,148,211,276,0.7645
1062,156bb09096dda1d07779f0f51ff84a911ad20cd8,2,03424670be6c632d351897723e441c70f8fb9e55,395,373,254,276,0.9203
1062,156bb09096dda1d07779f0f51ff84a911ad20cd8,3,dc50d970d72bb282f7e1a65cd67123c16c5f1b9b,857,857,272,276,0.9855
1062,156bb09096dda1d07779f0f51ff84a911ad20cd8,7,cfde52401f8a7289a97a8397f55ddc8389d16faa,867,867,276,276,1.0
1052,d056faa426c1a2d5a44cc85d4d8a65e4d84ce470,1,b7ed90a2c8c42b180ca393412dbf0a23c809b8c9,174,146,213,276,0.7717
1052,d056faa426c1a2d5a44cc85d4d8a65e4d84ce470,2,72f4f6eadfa92239c4d16d223cb7926bb3045419,394,372,254,276,0.9203
1052,d056faa426c1a2d5a44cc85d4d8a65e4d84ce470,3,7124a560951fe4e165176114179cb17ab3b16ac0,858,858,272,276,0.9855
1052,d056faa426c1a2d5a44cc85d4d8a65e4d84ce470,7,cfde52401f8a7289a97a8397f55ddc8389d16faa,868,868,276,276,1.0
843,9ab3f7ae346f6f1048897ec77946f4370d16165a,1,eca5dc56a8c5af62cab9b1615f81d1e549c8f87f,173,145,213,276,0.7717
843,9ab3f7ae346f6f1048897ec77946f4370d16165a,2,ecbf2e52dc1cb30dc35458acc3d2461116e26054,387,361,253,276,0.9167
843,9ab3f7ae346f6f1048897ec77946f4370d16165a,3,7124a560951fe4e165176114179cb17ab3b16ac0,858,858,272,276,0.9855
843,9ab3f7ae346f6f1048897ec77946f4370d16165a,7,cfde52401f8a7289a97a8397f55ddc8389d16faa,868,868,276,276,1.0
915,146a617c5ab69864a296e093ed22721d83f1c97b,1,eca5dc56a8c5af62cab9b1615f81d1e549c8f87f,180,152,213,276,0.7717
915,146a617c5ab69864a296e093ed22721d83f1c97b,2,635e68f54b01660b029711442914641305cf8fc9,393,367,253,276,0.9167
915,146a617c5ab69864a296e093ed22721d83f1c97b,3,7124a560951fe4e165176114179cb17ab3b16ac0,865,865,272,276,0.9855
915,146a617c5ab69864a296e093ed22721d83f1c97b,7,e75d8946450e49210212e178763680dd928a1b22,875,875,276,276,1.0
917,2cf0e06bb9861e5a539752b50c0eea7a175c5e9c,1,57f36bdadc0ab83c91c2680160a66a216f627987,180,152,213,276,0.7717
917,2cf0e06bb9861e5a539752b50c0eea7a175c5e9c,2,d1906a8efe255db03ea96b86c98d8cd5c9293681,393,367,253,276,0.9167
917,2cf0e06bb9861e5a539752b50c0eea7a175c5e9c,3,7124a560951fe4e165176114179cb17ab3b16ac0,865,865,272,276,0.9855
917,2cf0e06bb9861e5a539752b50c0eea7a175c5e9c,7,6da834956912b90b1bbfdaf0f410a682fe963804,872,872,276,276,1.0
1063,91634cba770b3c2e77f8b313a3697667d7c3156a,1,57f36bdadc0ab83c91c2680160a66a216f627987,182,154,213,276,0.7717
1063,91634cba770b3c2e77f8b313a3697667d7c3156a,2,d1906a8efe255db03ea96b86c98d8cd5c9293681,395,369,253,276,0.9167
1063,91634cba770b3c2e77f8b313a3697667d7c3156a,3,e0908649d22f9d37501c14edf94a9d9dbbadab6c,867,867,272,276,0.9855
1063,91634cba770b3c2e77f8b313a3697667d7c3156a,7,6da834956912b90b1bbfdaf0f410a682fe963804,874,874,276,276,1.0
925,404bdc7e3d761b2ba8e0e9411c8b96a8a19ef3c3,1,57f36bdadc0ab83c91c2680160a66a216f627987,182,154,213,276,0.7717
925,404bdc7e3d761b2ba8e0e9411c8b96a8a19ef3c3,2,a1e34bade0598d47fdaeaa6514bcec0a3416d809,391,365,252,276,0.913
925,404bdc7e3d761b2ba8e0e9411c8b96a8a19ef3c3,3,f76cc30b8fa30dc429c54bc5e6b1a28c41d2caca,867,867,272,276,0.9855
925,404bdc7e3d761b2ba8e0e9411c8b96a8a19ef3c3,7,16fd04a0460cecbdda07572ed08d2ff4caaada1d,874,874,276,276,1.0
923,2d9efbffb541cb37182cefeeed267ac167070577,1,98d99a996b0690df38f63536d1e8cf9111172d8a,174,146,214,277,0.7726
923,2d9efbffb541cb37182cefeeed267ac167070577,2,ef4b9f42d07dd59fe1a2e5bd52abf84cc78ca739,391,365,253,277,0.9134
923,2d9efbffb541cb37182cefeeed267ac167070577,3,9a49951e5ee1281f82546f857a1d474b049fb26e,869,869,273,277,0.9856
923,2d9efbffb541cb37182cefeeed267ac167070577,7,d1bb39d675a60dfa567850650c7b612645d007ee,875,875,277,277,1.0
1064,9a9915b50f90675e6ecf4e672a653d75b76cbb67,1,98d99a996b0690df38f63536d1e8cf9111172d8a,183,155,218,281,0.7758
1064,9a9915b50f90675e6ecf4e672a653d75b76cbb67,2,20cf9c8b06b64e3666d3368b942ce9129a5ac1cb,400,374,257,281,0.9146
1064,9a9915b50f90675e6ecf4e672a653d75b76cbb67,3,9a49951e5ee1281f82546f857a1d474b049fb26e,878,878,277,281,0.9858
1064,9a9915b50f90675e6ecf4e672a653d75b76cbb67,7,d1bb39d675a60dfa567850650c7b612645d007ee,884,884,281,281,1.0
1051,935bfa2fab35c02d89de8b838b271900c3ed95e0,1,7ef7ed99e6cd9f1e2128d23549aa41860abb6a86,180,152,219,281,0.7794
1051,935bfa2fab35c02d89de8b838b271900c3ed95e0,2,20cf9c8b06b64e3666d3368b942ce9129a5ac1cb,400,374,257,281,0.9146
1051,935bfa2fab35c02d89de8b838b271900c3ed95e0,3,9a49951e5ee1281f82546f857a1d474b049fb26e,878,878,277,281,0.9858
1051,935bfa2fab35c02d89de8b838b271900c3ed95e0,7,d1bb39d675a60dfa567850650c7b612645d007ee,884,884,281,281,1.0
1043,95193ceda509986d9f8bdaaaebebd5ca0a80d223,1,196ccd8b213be39793495e7757e1394c194a64c7,180,152,218,281,0.7758
1043,95193ceda509986d9f8bdaaaebebd5ca0a80d223,2,20cf9c8b06b64e3666d3368b942ce9129a5ac1cb,400,374,257,281,0.9146
1043,95193ceda509986d9f8bdaaaebebd5ca0a80d223,3,e374a325bcc0f7a49a913e003f721f6534600952,878,878,277,281,0.9858
1043,95193ceda509986d9f8bdaaaebebd5ca0a80d223,7,d1bb39d675a60dfa567850650c7b612645d007ee,884,884,281,281,1.0
1066,edb9c836a14afaeb7fba8970cf0b09c2ed5c2ae9,1,196ccd8b213be39793495e7757e1394c194a64c7,180,152,218,281,0.7758
1066,edb9c836a14afaeb7fba8970cf0b09c2ed5c2ae9,2,717f3d23d02c380add4a1dfb99dbebdaf7e4933f,397,371,257,281,0.9146
1066,edb9c836a14afaeb7fba8970cf0b09c2ed5c2ae9,3,27fd4ec8a6d5709cdd1751b7c4705c5d27a7da1c,878,878,277,281,0.9858
1066,edb9c836a14afaeb7fba8970cf0b09c2ed5c2ae9,7,3a1b5d2d133c0f8db3abdc91316e33bb800a48eb,884,884,281,281,1.0
820,84030051ec873b90ca4dcda866a2cac2a05b13e8,1,196ccd8b213be39793495e7757e1394c194a64c7,180,152,219,282,0.7766
820,84030051ec873b90ca4dcda866a2cac2a05b13e8,2,717f3d23d02c380add4a1dfb99dbebdaf7e4933f,397,371,258,282,0.9149
820,84030051ec873b90ca4dcda866a2cac2a05b13e8,3,27fd4ec8a6d5709cdd1751b7c4705c5d27a7da1c,878,878,278,282,0.9858
820,84030051ec873b90ca4dcda866a2cac2a05b13e8,7,3a1b5d2d133c0f8db3abdc91316e33bb800a48eb,884,884,282,282,1.0
984,0dab0d433f7968fc88e2037fe749d7db4a60bd61,1,a722911f27fed3ede1d79710878cecd4ae3657f0,177,149,213,282,0.7553
984,0dab0d433f7968fc88e2037fe749d7db4a60bd61,2,2405dfaf06853b6672bd608632696e3fc474af75,393,367,255,282,0.9043
984,0dab0d433f7968fc88e2037fe749d7db4a60bd61,3,d593c938e0493c7f1575d9cc747a74255d5e176c,878,878,278,282,0.9858
984,0dab0d433f7968fc88e2037fe749d7db4a60bd61,7,3a1b5d2d133c0f8db3abdc91316e33bb800a48eb,884,884,282,282,1.0
892,8388b5776ad45ba6a4bbfcdf545bdbac84aacdb0,1,8ed628df40e67378b93db7900357dec0102afe9c,97,69,153,282,0.5426
892,8388b5776ad45ba6a4bbfcdf545bdbac84aacdb0,2,187581d7fca9b0bb5efc233d4ffe6a7e77379aaf,306,280,243,282,0.8617
892,8388b5776ad45ba6a4bbfcdf545bdbac84aacdb0,3,4f4201d329f17b736febc4329f1fe82b909bd976,509,487,275,282,0.9752
892,8388b5776ad45ba6a4bbfcdf545bdbac84aacdb0,7,e6f1b148784ef1c96b0a2e623a3832f066c890a6,883,883,282,282,1.0
862,7624ccfcbc79fb8364deba74143f1d357e52a267,1,61608056598cf604fc83f7ef468d32a15b220145,98,70,157,282,0.5567
862,7624ccfcbc79fb8364deba74143f1d357e52a267,2,efc33d877856987cbbe85fecc9c015ad44bf4f85,305,279,242,282,0.8582
862,7624ccfcbc79fb8364deba74143f1d357e52a267,3,a8394fb831ad6c13b992528667e9ca5671213317,508,486,275,282,0.9752
862,7624ccfcbc79fb8364deba74143f1d357e52a267,7,e6f1b148784ef1c96b0a2e623a3832f066c890a6,884,884,282,282,1.0
1085,8fe74a63f383e949470701e4234aa12a514a2b9c,1,8b4d5246c5822da262c0a7250d9a636560a2171b,97,69,157,282,0.5567
1085,8fe74a63f383e949470701e4234aa12a514a2b9c,2,e29dcc0167aaef8f0ddb2e5a4db8d7b6846b93ed,301,275,241,282,0.8546
1085,8fe74a63f383e949470701e4234aa12a514a2b9c,3,88447bb739b0dfdf6038522488622c759e07d78e,508,486,275,282,0.9752
1085,8fe74a63f383e949470701e4234aa12a514a2b9c,7,1927440b50cb7d7d02d0d7d6182d4784dc74e62f,885,885,282,282,1.0
863,201094ea04bcb57771b6a07b23e338d2802827f2,1,1e33280ef3e426927fafd5dfb90fe12f71300cba,97,69,155,282,0.5496
863,201094ea04bcb57771b6a07b23e338d2802827f2,2,e29dcc0167aaef8f0ddb2e5a4db8d7b6846b93ed,304,278,241,282,0.8546
863,201094ea04bcb57771b6a07b23e338d2802827f2,3,3ce884431e562d00e0a2eed564404aaae375d43a,507,485,275,282,0.9752
863,201094ea04bcb57771b6a07b23e338d2802827f2,7,1ac4b5491025a40d04c2f6bf99d0229dbd148ec8,888,888,282,282,1.0
1099,005c3675faf22ad508deff39670c619b71ed3555,1,1e33280ef3e426927fafd5dfb90fe12f71300cba,99,71,156,282,0.5532
1099,005c3675faf22ad508deff39670c619b71ed3555,2,aa1bcc9b911a10bb15f7bc5b5796f59a0a376931,297,271,239,282,0.8475
1099,005c3675faf22ad508deff39670c619b71ed3555,3,39c23b6f3a6700361a39f0fa67529ccf239e57d8,504,482,274,282,0.9716
1099,005c3675faf22ad508deff39670c619b71ed3555,7,1ac4b5491025a40d04c2f6bf99d0229dbd148ec8,890,890,282,282,1.0
1065,338d7a53f236352f119dc2da4871f71c520f7558,1,6cc66349907c3c8279621d81c318e2255ba245de,100,72,156,282,0.5532
1065,338d7a53f236352f119dc2da4871f71c520f7558,2,aa1bcc9b911a10bb15f7bc5b5796f59a0a376931,298,272,239,282,0.8475
1065,338d7a53f236352f119dc2da4871f71c520f7558,3,bfdd1f5cc7ed062b16a9d4c8f11e6ada971227ec,505,483,274,282,0.9716
1065,338d7a53f236352f119dc2da4871f71c520f7558,7,1ac4b5491025a40d04c2f6bf99d0229dbd148ec8,891,891,282,282,1.0
924,c41c197afbd803ffa8fee70329dbccd32bbef1e5,1,b0a1c79243a4200e7e0895810190f89a28fa0e0e,105,77,157,282,0.5567
924,c41c197afbd803ffa8fee70329dbccd32bbef1e5,2,aa1bcc9b911a10bb15f7bc5b5796f59a0a376931,303,277,239,282,0.8475
924,c41c197afbd803ffa8fee70329dbccd32bbef1e5,3,a24ec9b463a9414e8ea8156e0cb706c3e816192b,509,487,274,282,0.9716
924,c41c197afbd803ffa8fee70329dbccd32bbef1e5,7,f945bc0fb864dcfccc76fb36d6170d4ed03ff5e3,896,896,282,282,1.0
1100,966b1dd363b28d088055b709cadd524798a4ac75,1,0b1ea9e5dfeaf803e5d3b45a56965bb217f3f835,104,76,159,284,0.5599
1100,966b1dd363b28d088055b709cadd524798a4ac75,2,2b353fa44ce371a3913d5b17dad0059aa1c39c53,295,269,241,284,0.8486
1100,966b1dd363b28d088055b709cadd524798a4ac75,3,59ce66b50b544e475f54a13d8871ea93b2a61457,509,487,276,284,0.9718
1100,966b1dd363b28d088055b709cadd524798a4ac75,7,f945bc0fb864dcfccc76fb36d6170d4ed03ff5e3,896,896,284,284,1.0
973,f1a3724a14dd9e9fd3a436135ba0dedd45734263,1,0b1ea9e5dfeaf803e5d3b45a56965bb217f3f835,108,80,163,284,0.5739
973,f1a3724a14dd9e9fd3a436135ba0dedd45734263,2,2b353fa44ce371a3913d5b17dad0059aa1c39c53,299,273,242,284,0.8521
973,f1a3724a14dd9e9fd3a436135ba0dedd45734263,3,59ce66b50b544e475f54a13d8871ea93b2a61457,513,491,276,284,0.9718
973,f1a3724a14dd9e9fd3a436135ba0dedd45734263,7,f945bc0fb864dcfccc76fb36d6170d4ed03ff5e3,900,900,284,284,1.0
1060,61fa487f95748cbd3456b9f835cec5efa838b0bf,1,cf8f4e716a694521d839d1b31316a7c4df436506,106,78,158,284,0.5563
1060,61fa487f95748cbd3456b9f835cec5efa838b0bf,2,ee587d41f12e14887a32daee35915d06e854ba89,296,270,242,284,0.8521
1060,61fa487f95748cbd3456b9f835cec5efa838b0bf,3,0ed7cfb6da181b48a2a045ffb37d4a9d0e1f7ef7,500,478,275,284,0.9683
1060,61fa487f95748cbd3456b9f835cec5efa838b0bf,7,9cb665232b720554b47a03e5c01b0b4d47845b2e,900,900,284,284,1.0
1047,f8baf2cb0f35decebfb0cd5a8ce90873a63a765b,1,94a4538113dab47c822fb9953bc5b7568f4fafe1,106,78,158,284,0.5563
1047,f8baf2cb0f35decebfb0cd5a8ce90873a63a765b,2,bac3fb3c988dd5ddc84dcd0388a900142ee35e9a,296,270,242,284,0.8521
1047,f8baf2cb0f35decebfb0cd5a8ce90873a63a765b,3,60c1b28e54b88d150d693db85133a57dff92be60,498,476,275,284,0.9683
1047,f8baf2cb0f35decebfb0cd5a8ce90873a63a765b,7,9cb665232b720554b47a03e5c01b0b4d47845b2e,900,900,284,284,1.0
1086,7bd4cb3882468a49cf097869e5dc01275d8f18c5,1,0f6a0f33e71d2c9993d38d315af97e9ca6a24ad4,102,74,156,284,0.5493
1086,7bd4cb3882468a49cf097869e5dc01275d8f18c5,2,082d41fb5b719d3abb9ff1249faaed46ea232593,291,265,242,284,0.8521
1086,7bd4cb3882468a49cf097869e5dc01275d8f18c5,3,62d24ed7d529bc32f6ece84c008c7c599fe86e7a,497,475,275,284,0.9683
1086,7bd4cb3882468a49cf097869e5dc01275d8f18c5,7,9cb665232b720554b47a03e5c01b0b4d47845b2e,900,900,284,284,1.0
837,8bb2fccdf02a3dfc0050dd50aade43a9d183ab8e,1,8c00551cee2cef4469960e58882b0948c42b5b45,102,74,154,284,0.5423
837,8bb2fccdf02a3dfc0050dd50aade43a9d183ab8e,2,686cf76cbc83ca8cb9889cc17660cd0c36339976,290,264,242,284,0.8521
837,8bb2fccdf02a3dfc0050dd50aade43a9d183ab8e,3,50269fd778ca50f7ab7abc0c352cd1b6157b74f6,496,474,275,284,0.9683
837,8bb2fccdf02a3dfc0050dd50aade43a9d183ab8e,7,9cb665232b720554b47a03e5c01b0b4d47845b2e,900,900,284,284,1.0
1118,d52234743bc32c17125d3bb91b82cb09c631d541,1,95289f3f1b787eb91cebbf090bce21afd0ec9edc,104,76,156,285,0.5474
1118,d52234743bc32c17125d3bb91b82cb09c631d541,2,01920f80879a4e9ec821645032c1e45d11ff41d4,282,256,241,285,0.8456
1118,d52234743bc32c17125d3bb91b82cb09c631d541,3,62d2b6f0357c026250a25a3bf37a72a8114ab10b,492,470,275,285,0.9649
1118,d52234743bc32c17125d3bb91b82cb09c631d541,7,9cb665232b720554b47a03e5c01b0b4d47845b2e,902,902,285,285,1.0
1089,e4e1447d0c7d8b184e5a014f7ebf633973b6fff2,1,71d96ca582790f80a8dd821581259cf2bb044bef,109,81,153,285,0.5368
1089,e4e1447d0c7d8b184e5a014f7ebf633973b6fff2,2,01920f80879a4e9ec821645032c1e45d11ff41d4,289,263,241,285,0.8456
1089,e4e1447d0c7d8b184e5a014f7ebf633973b6fff2,3,d75028656f5033d3e8f681bb207f770d43232aed,498,476,275,285,0.9649
1089,e4e1447d0c7d8b184e5a014f7ebf633973b6fff2,7,9cb665232b720554b47a03e5c01b0b4d47845b2e,909,909,285,285,1.0
821,241ed01eff97a83386fd2f7ad58c644e48b11993,1,71d96ca582790f80a8dd821581259cf2bb044bef,109,81,153,285,0.5368
821,241ed01eff97a83386fd2f7ad58c644e48b11993,2,01920f80879a4e9ec821645032c1e45d11ff41d4,289,263,241,285,0.8456
821,241ed01eff97a83386fd2f7ad58c644e48b11993,3,d75028656f5033d3e8f681bb207f770d43232aed,498,476,275,285,0.9649
821,241ed01eff97a83386fd2f7ad58c644e48b11993,7,9cb665232b720554b47a03e5c01b0b4d47845b2e,909,909,285,285,1.0
1067,49add659cebea4607cec6d6db7000036ceb1021e,1,71d96ca582790f80a8dd821581259cf2bb044bef,109,81,153,285,0.5368
1067,49add659cebea4607cec6d6db7000036ceb1021e,2,a709aba539e5e08c954960a1fb0adb8a0c2c32b4,287,261,240,285,0.8421
1067,49add659cebea4607cec6d6db7000036ceb1021e,3,d75028656f5033d3e8f681bb207f770d43232aed,498,476,275,285,0.9649
1067,49add659cebea4607cec6d6db7000036ceb1021e,7,9cb665232b720554b47a03e5c01b0b4d47845b2e,909,909,285,285,1.0
674,e2324bb174a6d49102c60b28f7e7f236cff4ca61,1,3f2ecc64ea8e1f63e2647757ac9a2581ff2b588d,105,77,146,285,0.5123
674,e2324bb174a6d49102c60b28f7e7f236cff4ca61,2,a709aba539e5e08c954960a1fb0adb8a0c2c32b4,287,261,240,285,0.8421
674,e2324bb174a6d49102c60b28f7e7f236cff4ca61,3,506206d3c14e472416d46ff0f69f59dcd2bb7e9e,495,473,275,285,0.9649
674,e2324bb174a6d49102c60b28f7e7f236cff4ca61,7,9cb665232b720554b47a03e5c01b0b4d47845b2e,909,909,285,285,1.0
959,3a6703a9cdc09ca59d8b415a3dd0396c5d063826,1,3695c9df4d336ec3396b8622df520942d02bcd86,105,77,145,285,0.5088
959,3a6703a9cdc09ca59d8b415a3dd0396c5d063826,2,c71505424f371cb959161dd30e8144ae41a68db0,283,257,239,285,0.8386
959,3a6703a9cdc09ca59d8b415a3dd0396c5d063826,3,506206d3c14e472416d46ff0f69f59dcd2bb7e9e,496,474,275,285,0.9649
959,3a6703a9cdc09ca59d8b415a3dd0396c5d063826,7,9cb665232b720554b47a03e5c01b0b4d47845b2e,910,910,285,285,1.0
974,4f87a202834fff4928c3d5de1dd145c785f418eb,1,3695c9df4d336ec3396b8622df520942d02bcd86,107,79,146,285,0.5123
974,4f87a202834fff4928c3d5de1dd145c785f418eb,2,98e986fd7654a3a66297be85a1ac86cae20eda88,285,257,239,285,0.8386
974,4f87a202834fff4928c3d5de1dd145c785f418eb,3,20846e0989c684cb20d1529aeb6c23128f919ba2,495,473,275,285,0.9649
974,4f87a202834fff4928c3d5de1dd145c785f418eb,7,9cb665232b720554b47a03e5c01b0b4d47845b2e,912,912,285,285,1.0
976,0df14f42ee0ab4e1d279282ce9ca9bbaff4176a1,1,3695c9df4d336ec3396b8622df520942d02bcd86,107,79,146,285,0.5123
976,0df14f42ee0ab4e1d279282ce9ca9bbaff4176a1,2,99cd507f74271e256f4b290b837225b61de4fb99,285,257,239,285,0.8386
976,0df14f42ee0ab4e1d279282ce9ca9bbaff4176a1,3,20846e0989c684cb20d1529aeb6c23128f919ba2,495,473,275,285,0.9649
976,0df14f42ee0ab4e1d279282ce9ca9bbaff4176a1,7,9cb665232b720554b47a03e5c01b0b4d47845b2e,912,912,285,285,1.0
1030,32f5102dca644d33a72ff5656f23bea60b1960e0,1,3695c9df4d336ec3396b8622df520942d02bcd86,107,79,146,285,0.5123
1030,32f5102dca644d33a72ff5656f23bea60b1960e0,2,99cd507f74271e256f4b290b837225b61de4fb99,285,257,239,285,0.8386
1030,32f5102dca644d33a72ff5656f23bea60b1960e0,3,20846e0989c684cb20d1529aeb6c23128f919ba2,495,473,275,285,0.9649
1030,32f5102dca644d33a72ff5656f23bea60b1960e0,7,9cb665232b720554b47a03e5c01b0b4d47845b2e,912,912,285,285,1.0
1103,b9643d535ec3501a186d6f7f8538758b69c71fe8,1,efa7f8cd203908f1a5f61c5a6a524ce18fe9cc53,107,79,146,285,0.5123
1103,b9643d535ec3501a186d6f7f8538758b69c71fe8,2,2feed8d56548239a41f4f5c20d4dfcf6bb364978,284,256,239,285,0.8386
1103,b9643d535ec3501a186d6f7f8538758b69c71fe8,3,3da02443c98f1aa321bab7f02a598b1cd6b6a10f,493,471,275,285,0.9649
1103,b9643d535ec3501a186d6f7f8538758b69c71fe8,7,9cb665232b720554b47a03e5c01b0b4d47845b2e,912,912,285,285,1.0
1018,5553649c56a2b0f2ac364365368f65b2729ebfbd,1,efa7f8cd203908f1a5f61c5a6a524ce18fe9cc53,107,79,146,285,0.5123
1018,5553649c56a2b0f2ac364365368f65b2729ebfbd,2,2feed8d56548239a41f4f5c20d4dfcf6bb364978,284,256,239,285,0.8386
1018,5553649c56a2b0f2ac364365368f65b2729ebfbd,3,176818ffbd1f57696657c2ceb2ef157079aa843b,493,471,275,285,0.9649
1018,5553649c56a2b0f2ac364365368f65b2729ebfbd,7,9cb665232b720554b47a03e5c01b0b4d47845b2e,912,912,285,285,1.0
1048,202bc6ec58657607df5fe6b4f2496f0ee820a23b,1,efa7f8cd203908f1a5f61c5a6a524ce18fe9cc53,108,80,146,285,0.5123
1048,202bc6ec58657607df5fe6b4f2496f0ee820a23b,2,c9e2ca7c63d7afd27293326e863e76b3ffca9371,281,253,239,285,0.8386
1048,202bc6ec58657607df5fe6b4f2496f0ee820a23b,3,763369c9276dd1719d6851c17be2c929ccb58ae7,490,468,274,285,0.9614
1048,202bc6ec58657607df5fe6b4f2496f0ee820a23b,7,9cb665232b720554b47a03e5c01b0b4d47845b2e,913,913,285,285,1.0
1125,ab3ea709f0326411689fdad0d05c89ce49b198d7,1,efa7f8cd203908f1a5f61c5a6a524ce18fe9cc53,108,80,147,285,0.5158
1125,ab3ea709f0326411689fdad0d05c89ce49b198d7,2,2ef55ffb25d1de3622146143870651aa0d93a673,281,253,239,285,0.8386
1125,ab3ea709f0326411689fdad0d05c89ce49b198d7,3,45af4879e193a5b9f60a4b8c4f8da07ce7c16ca6,488,466,273,285,0.9579
1125,ab3ea709f0326411689fdad0d05c89ce49b198d7,7,9cb665232b720554b47a03e5c01b0b4d47845b2e,913,913,285,285,1.0
622,9c219b4fe3cf38d30878d90ba467ae3e13f28299,1,efa7f8cd203908f1a5f61c5a6a524ce18fe9cc53,110,82,147,285,0.5158
622,9c219b4fe3cf38d30878d90ba467ae3e13f28299,2,2ef55ffb25d1de3622146143870651aa0d93a673,283,255,239,285,0.8386
622,9c219b4fe3cf38d30878d90ba467ae3e13f28299,3,6e93a15617c908c9c4c04dfcc6b83db923cebd0c,490,468,273,285,0.9579
622,9c219b4fe3cf38d30878d90ba467ae3e13f28299,7,9cb665232b720554b47a03e5c01b0b4d47845b2e,915,915,285,285,1.0
1128,0ccd80cc22c84d774dd021a82a770392e7640637,1,efa7f8cd203908f1a5f61c5a6a524ce18fe9cc53,110,82,150,286,0.5245
1128,0ccd80cc22c84d774dd021a82a770392e7640637,2,b9047b1d33d4f4e5bdfed9bdc95ed2bf08ebd30e,273,245,240,286,0.8392
1128,0ccd80cc22c84d774dd021a82a770392e7640637,3,3be99ccdc8d12b722736734b6bf64dc070c73b87,487,465,275,286,0.9615
1128,0ccd80cc22c84d774dd021a82a770392e7640637,7,9cb665232b720554b47a03e5c01b0b4d47845b2e,915,915,286,286,1.0
629,5ccbbc6191fc348cb2c0933eb54d98bc404cf1e4,1,efa7f8cd203908f1a5f61c5a6a524ce18fe9cc53,110,82,150,286,0.5245
629,5ccbbc6191fc348cb2c0933eb54d98bc404cf1e4,2,9e476e8f88c7aca7407f791eb7f59a7d0e998e9b,271,243,240,286,0.8392
629,5ccbbc6191fc348cb2c0933eb54d98bc404cf1e4,3,d98f5b83db7734f6d89c37208860c76ead26741b,485,463,275,286,0.9615
629,5ccbbc6191fc348cb2c0933eb54d98bc404cf1e4,7,9cb665232b720554b47a03e5c01b0b4d47845b2e,915,915,286,286,1.0
776,238f921c56a27dd2a4ad7f9fb5da74a9f3c5eb21,1,efa7f8cd203908f1a5f61c5a6a524ce18fe9cc53,110,82,150,286,0.5245
776,238f921c56a27dd2a4ad7f9fb5da74a9f3c5eb21,2,9e476e8f88c7aca7407f791eb7f59a7d0e998e9b,271,243,240,286,0.8392
776,238f921c56a27dd2a4ad7f9fb5da74a9f3c5eb21,3,d98f5b83db7734f6d89c37208860c76ead26741b,485,463,275,286,0.9615
776,238f921c56a27dd2a4ad7f9fb5da74a9f3c5eb21,7,9cb665232b720554b47a03e5c01b0b4d47845b2e,915,915,286,286,1.0
749,cccc181e32d3855d4c312fb1b067c48a6622b338,1,b621867990deab5d6b9469510b11e3d60f6e1bd0,106,78,148,286,0.5175
749,cccc181e32d3855d4c312fb1b067c48a6622b338,2,9e476e8f88c7aca7407f791eb7f59a7d0e998e9b,271,243,240,286,0.8392
749,cccc181e32d3855d4c312fb1b067c48a6622b338,3,d98f5b83db7734f6d89c37208860c76ead26741b,485,463,275,286,0.9615
749,cccc181e32d3855d4c312fb1b067c48a6622b338,7,9cb665232b720554b47a03e5c01b0b4d47845b2e,915,915,286,286,1.0
797,587ea97d02f8e44466952c996beadb5852e193fc,1,176d92bd458097cd842294747625bf64bfa1ece6,107,79,149,286,0.521
797,587ea97d02f8e44466952c996beadb5852e193fc,2,b3461c6a7059977a7013b39c03c43ba90d60be6f,272,244,241,286,0.8427
797,587ea97d02f8e44466952c996beadb5852e193fc,3,7b58549c2d24c044c97f77ad6667d877a2b9a4b9,483,461,275,286,0.9615
797,587ea97d02f8e44466952c996beadb5852e193fc,7,9cb665232b720554b47a03e5c01b0b4d47845b2e,916,916,286,286,1.0
798,5976904dc43f18dbd73ad93be0bb04ad12f39255,1,40f693f270282e65a7c0bc09ec1ec27247a2ea76,108,80,148,286,0.5175
798,5976904dc43f18dbd73ad93be0bb04ad12f39255,2,b3461c6a7059977a7013b39c03c43ba90d60be6f,275,247,241,286,0.8427
798,5976904dc43f18dbd73ad93be0bb04ad12f39255,3,ddb7711c471bdba7afbb9abfc45d884f6f0c7055,483,461,274,286,0.958
798,5976904dc43f18dbd73ad93be0bb04ad12f39255,7,9cb665232b720554b47a03e5c01b0b4d47845b2e,919,919,286,286,1.0
859,42aa98206959357017f029cc1339c655ee6c98dd,1,40f693f270282e65a7c0bc09ec1ec27247a2ea76,111,83,149,286,0.521
859,42aa98206959357017f029cc1339c655ee6c98dd,2,bc5990e5fdfee002ab18e78116c969b8737b26b2,277,249,240,286,0.8392
859,42aa98206959357017f029cc1339c655ee6c98dd,3,710070025593a0cf21ed8d8b311a81e40fc3c1a2,486,464,274,286,0.958
859,42aa98206959357017f029cc1339c655ee6c98dd,7,9cb665232b720554b47a03e5c01b0b4d47845b2e,922,922,286,286,1.0
864,14c0b0e334ee45601e1f7a15d23abfab3c1920df,1,40f693f270282e65a7c0bc09ec1ec27247a2ea76,112,84,149,286,0.521
864,14c0b0e334ee45601e1f7a15d23abfab3c1920df,2,bc5990e5fdfee002ab18e78116c969b8737b26b2,278,250,240,286,0.8392
864,14c0b0e334ee45601e1f7a15d23abfab3c1920df,3,710070025593a0cf21ed8d8b311a81e40fc3c1a2,487,465,274,286,0.958
864,14c0b0e334ee45601e1f7a15d23abfab3c1920df,7,9cb665232b720554b47a03e5c01b0b4d47845b2e,923,923,286,286,1.0
868,2a6ae8d706f03a6ed48e266754519ee69e1afc49,1,9353141fcf4bcd336b9387e7b01e874ff91dbb5e,111,83,148,286,0.5175
868,2a6ae8d706f03a6ed48e266754519ee69e1afc49,2,1a7babc9b4155fb66e7eed3ca92aeb99892a4e3d,271,243,240,286,0.8392
868,2a6ae8d706f03a6ed48e266754519ee69e1afc49,3,5f6de74e64ee135802056bfaa87f9bcef3cf20fc,483,461,271,286,0.9476
868,2a6ae8d706f03a6ed48e266754519ee69e1afc49,7,9cb665232b720554b47a03e5c01b0b4d47845b2e,923,923,286,286,1.0
902,3dcd985c1f5fde75a542b1bc5cf44144147af8ac,1,9353141fcf4bcd336b9387e7b01e874ff91dbb5e,115,87,151,286,0.528
902,3dcd985c1f5fde75a542b1bc5cf44144147af8ac,2,1a7babc9b4155fb66e7eed3ca92aeb99892a4e3d,275,247,241,286,0.8427
902,3dcd985c1f5fde75a542b1bc5cf44144147af8ac,3,beb15eecf879d3ab47d6452916830d708f6509fa,487,465,271,286,0.9476
902,3dcd985c1f5fde75a542b1bc5cf44144147af8ac,7,9cb665232b720554b47a03e5c01b0b4d47845b2e,927,927,286,286,1.0
893,48b9f13ccf4f8136e9e8c3a91075f7d5d3aaf70d,1,68eb8281cbc7c9a372826c5b83e9d69deeafb64b,114,86,148,286,0.5175
893,48b9f13ccf4f8136e9e8c3a91075f7d5d3aaf70d,2,1a7babc9b4155fb66e7eed3ca92aeb99892a4e3d,275,247,241,286,0.8427
893,48b9f13ccf4f8136e9e8c3a91075f7d5d3aaf70d,3,b9bdcc6d56170ffc016ecd14f91d263ca4cb8ff5,487,465,270,286,0.9441
893,48b9f13ccf4f8136e9e8c3a91075f7d5d3aaf70d,7,9cb665232b720554b47a03e5c01b0b4d47845b2e,927,927,286,286,1.0
1126,74f15c98ba99ec336667e3c00faa7dc0d07011f0,1,68eb8281cbc7c9a372826c5b83e9d69deeafb64b,115,87,148,286,0.5175
1126,74f15c98ba99ec336667e3c00faa7dc0d07011f0,2,5320ef1705e65313b8be9cd1f52cabbec3236cc3,271,243,241,286,0.8427
1126,74f15c98ba99ec336667e3c00faa7dc0d07011f0,3,b9bdcc6d56170ffc016ecd14f91d263ca4cb8ff5,488,466,270,286,0.9441
1126,74f15c98ba99ec336667e3c00faa7dc0d07011f0,7,9cb665232b720554b47a03e5c01b0b4d47845b2e,928,928,286,286,1.0
971,971e6d2a22e6f3f37651b9eac14d4e4a64097e44,1,68eb8281cbc7c9a372826c5b83e9d69deeafb64b,115,87,148,286,0.5175
971,971e6d2a22e6f3f37651b9eac14d4e4a64097e44,2,1d869547b236466a299460c449e670f9171ca06e,271,243,241,286,0.8427
971,971e6d2a22e6f3f37651b9eac14d4e4a64097e44,3,4c64d45fb4eaa90ddec46ba0ebf56bb0e0194fa3,487,465,270,286,0.9441
971,971e6d2a22e6f3f37651b9eac14d4e4a64097e44,7,9cb665232b720554b47a03e5c01b0b4d47845b2e,928,928,286,286,1.0
1078,0889e120d2649627659b8407dd3da741705f8b39,1,001a048c379d9211334eb1363fe79acddbb596b6,114,86,142,286,0.4965
1078,0889e120d2649627659b8407dd3da741705f8b39,2,900522a4cdd42b13d493364290297c6bcc5a7ddf,269,241,239,286,0.8357
1078,0889e120d2649627659b8407dd3da741705f8b39,3,b394f993d9536ef764b448e3ac4d030f999e6824,487,465,270,286,0.9441
1078,0889e120d2649627659b8407dd3da741705f8b39,7,9cb665232b720554b47a03e5c01b0b4d47845b2e,929,929,286,286,1.0
972,414f1bcae99e1ddba4fb913d5d18362817e7442f,1,2673267fac0e5c8f06ebb6005aeaae3dead2c992,115,87,142,286,0.4965
972,414f1bcae99e1ddba4fb913d5d18362817e7442f,2,900522a4cdd42b13d493364290297c6bcc5a7ddf,270,242,239,286,0.8357
972,414f1bcae99e1ddba4fb913d5d18362817e7442f,3,02f52089968b4ac55bc40e2e6a6e6528fc59bf5c,488,466,270,286,0.9441
972,414f1bcae99e1ddba4fb913d5d18362817e7442f,7,9cb665232b720554b47a03e5c01b0b4d47845b2e,930,930,286,286,1.0
960,2194c8dd5c806df0fa7b06a11de057890531b558,1,2673267fac0e5c8f06ebb6005aeaae3dead2c992,115,87,142,286,0.4965
960,2194c8dd5c806df0fa7b06a11de057890531b558,2,c4d3253dda8882c1582d411cbe31307403e79b8f,265,237,239,286,0.8357
960,2194c8dd5c806df0fa7b06a11de057890531b558,3,02f52089968b4ac55bc40e2e6a6e6528fc59bf5c,488,466,270,286,0.9441
960,2194c8dd5c806df0fa7b06a11de057890531b558,7,9cb665232b720554b47a03e5c01b0b4d47845b2e,930,930,286,286,1.0
1131,0d2401bf5a42159d8da9c907ebedb0e347a30a05,1,8f2c5b06520cdbb3057c2af266263a9017361e68,89,89,147,286,0.514
1131,0d2401bf5a42159d8da9c907ebedb0e347a30a05,2,5167c22bb5fb5de640f00c3b93e3841057e20b94,266,238,239,286,0.8357
1131,0d2401bf5a42159d8da9c907ebedb0e347a30a05,3,02f52089968b4ac55bc40e2e6a6e6528fc59bf5c,489,467,270,286,0.9441
1131,0d2401bf5a42159d8da9c907ebedb0e347a30a05,7,9cb665232b720554b47a03e5c01b0b4d47845b2e,931,931,286,286,1.0
998,088c8eccbfb6a4dc3e7fa3d82511680486976d5e,1,8f2c5b06520cdbb3057c2af266263a9017361e68,89,89,147,286,0.514
998,088c8eccbfb6a4dc3e7fa3d82511680486976d5e,2,5167c22bb5fb5de640f00c3b93e3841057e20b94,266,238,239,286,0.8357
998,088c8eccbfb6a4dc3e7fa3d82511680486976d5e,3,02f52089968b4ac55bc40e2e6a6e6528fc59bf5c,489,467,270,286,0.9441
998,088c8eccbfb6a4dc3e7fa3d82511680486976d5e,7,9cb665232b720554b47a03e5c01b0b4d47845b2e,931,931,286,286,1.0
978,fa29469e2decf375661d326e9326761169225351,1,8f2c5b06520cdbb3057c2af266263a9017361e68,89,89,147,286,0.514
978,fa29469e2decf375661d326e9326761169225351,2,ca3231133ee03b3825b7f3d2d5e4938dce31344d,259,231,239,286,0.8357
978,fa29469e2decf375661d326e9326761169225351,3,02f52089968b4ac55bc40e2e6a6e6528fc59bf5c,489,467,270,286,0.9441
978,fa29469e2decf375661d326e9326761169225351,7,9cb665232b720554b47a03e5c01b0b4d47845b2e,931,931,286,286,1.0
699,5d485b5ff3bfbb620a9689f7aa8f374aed9ab3c5,1,8f2c5b06520cdbb3057c2af266263a9017361e68,89,89,147,286,0.514
699,5d485b5ff3bfbb620a9689f7aa8f374aed9ab3c5,2,ca3231133ee03b3825b7f3d2d5e4938dce31344d,259,231,239,286,0.8357
699,5d485b5ff3bfbb620a9689f7aa8f374aed9ab3c5,3,02f52089968b4ac55bc40e2e6a6e6528fc59bf5c,489,467,270,286,0.9441
699,5d485b5ff3bfbb620a9689f7aa8f374aed9ab3c5,7,9cb665232b720554b47a03e5c01b0b4d47845b2e,931,931,286,286,1.0
1091,fbf91ec4dae52841b97ed776007403c4ce1f0ec1,1,8f2c5b06520cdbb3057c2af266263a9017361e68,89,89,147,286,0.514
1091,fbf91ec4dae52841b97ed776007403c4ce1f0ec1,2,ca3231133ee03b3825b7f3d2d5e4938dce31344d,259,231,239,286,0.8357
1091,fbf91ec4dae52841b97ed776007403c4ce1f0ec1,3,02f52089968b4ac55bc40e2e6a6e6528fc59bf5c,489,467,270,286,0.9441
1091,fbf91ec4dae52841b97ed776007403c4ce1f0ec1,7,9cb665232b720554b47a03e5c01b0b4d47845b2e,931,931,286,286,1.0
1102,1b43d6ef0f729a6103699659db440e0ae7da3d87,1,8f2c5b06520cdbb3057c2af266263a9017361e68,89,89,147,286,0.514
1102,1b43d6ef0f729a6103699659db440e0ae7da3d87,2,ca3231133ee03b3825b7f3d2d5e4938dce31344d,259,231,239,286,0.8357
1102,1b43d6ef0f729a6103699659db440e0ae7da3d87,3,02f52089968b4ac55bc40e2e6a6e6528fc59bf5c,489,467,270,286,0.9441
1102,1b43d6ef0f729a6103699659db440e0ae7da3d87,7,9cb665232b720554b47a03e5c01b0b4d47845b2e,931,931,286,286,1.0
1120,dae2e3155c864d12e507aadb481ffde35901d74b,1,621f65131ed299d215f53080088fa7755b8ae823,84,84,135,286,0.472
1120,dae2e3155c864d12e507aadb481ffde35901d74b,2,10748a506d6e0fb9c3eee296e6587b9c71665239,258,230,237,286,0.8287
1120,dae2e3155c864d12e507aadb481ffde35901d74b,3,fb59f75fc8c1b5b25a9fb21296ec512ef8fbc47d,488,466,270,286,0.9441
1120,dae2e3155c864d12e507aadb481ffde35901d74b,7,9cb665232b720554b47a03e5c01b0b4d47845b2e,931,931,286,286,1.0
1104,b502eb9c346a43540f6e3785ae5ef2de8ce20b77,1,752e5b549f6f7598297c1f152a416faf3f62926e,84,84,135,286,0.472
1104,b502eb9c346a43540f6e3785ae5ef2de8ce20b77,2,10748a506d6e0fb9c3eee296e6587b9c71665239,258,230,237,286,0.8287
1104,b502eb9c346a43540f6e3785ae5ef2de8ce20b77,3,923bcd7e22166d817042def226e32eab2ff8b6f0,486,464,269,286,0.9406
1104,b502eb9c346a43540f6e3785ae5ef2de8ce20b77,7,9cb665232b720554b47a03e5c01b0b4d47845b2e,931,931,286,286,1.0
1008,59f5975377c1b3b71842e8d49b15ea8eb033b1c4,1,3a3d96184ca463f910f93056049b2d110afe439e,81,81,130,286,0.4545
1008,59f5975377c1b3b71842e8d49b15ea8eb033b1c4,2,7b71666de0b7055e36e1eeb0c1172ca7106ea869,256,228,235,286,0.8217
1008,59f5975377c1b3b71842e8d49b15ea8eb033b1c4,3,759e8f396a59a690e8e59b5010094952a86b2fde,477,455,269,286,0.9406
1008,59f5975377c1b3b71842e8d49b15ea8eb033b1c4,7,9cb665232b720554b47a03e5c01b0b4d47845b2e,933,933,286,286,1.0
890,3ada0497088d7f753bdf5dc69c33d4b9b0f3d2e0,1,a10084c186b21763c02c1fa1d95e577e3740398f,81,81,130,286,0.4545
890,3ada0497088d7f753bdf5dc69c33d4b9b0f3d2e0,2,7b71666de0b7055e36e1eeb0c1172ca7106ea869,256,228,235,286,0.8217
890,3ada0497088d7f753bdf5dc69c33d4b9b0f3d2e0,3,f3f17f6030bc466807e593d5fdbb75a4d7f5ffd1,477,455,269,286,0.9406
890,3ada0497088d7f753bdf5dc69c33d4b9b0f3d2e0,7,9cb665232b720554b47a03e5c01b0b4d47845b2e,933,933,286,286,1.0
1107,d33dfc9d1effac5cb21b19736342f064b9afc481,1,a10084c186b21763c02c1fa1d95e577e3740398f,88,88,135,290,0.4655
1107,d33dfc9d1effac5cb21b19736342f064b9afc481,2,7b71666de0b7055e36e1eeb0c1172ca7106ea869,263,235,240,290,0.8276
1107,d33dfc9d1effac5cb21b19736342f064b9afc481,3,f3f17f6030bc466807e593d5fdbb75a4d7f5ffd1,484,462,273,290,0.9414
1107,d33dfc9d1effac5cb21b19736342f064b9afc481,7,9cb665232b720554b47a03e5c01b0b4d47845b2e,940,940,290,290,1.0
1162,a7a4255e8c6f8eca0ad2e4d5cdebc142226a7ed4,1,a10084c186b21763c02c1fa1d95e577e3740398f,88,88,135,290,0.4655
1162,a7a4255e8c6f8eca0ad2e4d5cdebc142226a7ed4,2,99d1070de9b429ecc2f5149ad2796cef2b940109,260,232,240,290,0.8276
1162,a7a4255e8c6f8eca0ad2e4d5cdebc142226a7ed4,3,34c210653d20ae6dd0484ecf5a8f877b7d6a3cb3,484,462,273,290,0.9414
1162,a7a4255e8c6f8eca0ad2e4d5cdebc142226a7ed4,7,9cb665232b720554b47a03e5c01b0b4d47845b2e,940,940,290,290,1.0
1096,0aec4d9d1b37195ede1dbba58750bb9fc81f5bdb,1,6a71d8cdf952e87a2a2bad585e5fbbdc631faab0,89,89,136,290,0.469
1096,0aec4d9d1b37195ede1dbba58750bb9fc81f5bdb,2,99d1070de9b429ecc2f5149ad2796cef2b940109,261,233,240,290,0.8276
1096,0aec4d9d1b37195ede1dbba58750bb9fc81f5bdb,3,ea0a9c55a8f68edfc027df58db74cc54dd2fbc17,485,463,273,290,0.9414
1096,0aec4d9d1b37195ede1dbba58750bb9fc81f5bdb,7,9cb665232b720554b47a03e5c01b0b4d47845b2e,941,941,290,290,1.0
1042,344472804e31360a590d3c536f75c17110e20050,1,6a71d8cdf952e87a2a2bad585e5fbbdc631faab0,89,89,136,290,0.469
1042,344472804e31360a590d3c536f75c17110e20050,2,99d1070de9b429ecc2f5149ad2796cef2b940109,261,233,240,290,0.8276
1042,344472804e31360a590d3c536f75c17110e20050,3,ea0a9c55a8f68edfc027df58db74cc54dd2fbc17,485,463,273,290,0.9414
1042,344472804e31360a590d3c536f75c17110e20050,7,9cb665232b720554b47a03e5c01b0b4d47845b2e,941,941,290,290,1.0
1058,eb5c5d275149a452ad45954f4b6c79fe17a365a2,1,b84422312e0fa183d951fb7fab30281d118b8d00,84,84,133,290,0.4586
1058,eb5c5d275149a452ad45954f4b6c79fe17a365a2,2,78ae72992f49ec939ad1651cf414e980ba9b404a,259,231,239,290,0.8241
1058,eb5c5d275149a452ad45954f4b6c79fe17a365a2,3,ddd4047f0258c7694812982438dc6ff47fe730a4,477,455,272,290,0.9379
1058,eb5c5d275149a452ad45954f4b6c79fe17a365a2,7,e5998db3fa1f18d9c0558c4ee23f23ff820027be,941,941,290,290,1.0
1165,20f6bd62aacd08d13a317cf73d4f82db8fc5b639,1,b84422312e0fa183d951fb7fab30281d118b8d00,84,84,133,290,0.4586
1165,20f6bd62aacd08d13a317cf73d4f82db8fc5b639,2,78ae72992f49ec939ad1651cf414e980ba9b404a,259,231,239,290,0.8241
1165,20f6bd62aacd08d13a317cf73d4f82db8fc5b639,3,03424670be6c632d351897723e441c70f8fb9e55,477,455,272,290,0.9379
1165,20f6bd62aacd08d13a317cf73d4f82db8fc5b639,7,14f3cc978dc281d9d3cf4a9d6e6badc63e19e948,941,941,290,290,1.0
1050,530b32fb067eb9875b46defe445f9117541f5a79,1,d056faa426c1a2d5a44cc85d4d8a65e4d84ce470,84,84,135,292,0.4623
1050,530b32fb067eb9875b46defe445f9117541f5a79,2,b7ed90a2c8c42b180ca393412dbf0a23c809b8c9,256,228,240,292,0.8219
1050,530b32fb067eb9875b46defe445f9117541f5a79,3,c525607c2fefdc52043518c4f35b0a7f563cee0e,476,450,274,292,0.9384
1050,530b32fb067eb9875b46defe445f9117541f5a79,7,7b70c60dd83cbe163a4b0663b73824e4e2163432,942,942,292,292,1.0
1097,701ce4f9a5dffa974bee8d19bd2af9f5370f0d67,1,d056faa426c1a2d5a44cc85d4d8a65e4d84ce470,84,84,139,293,0.4744
1097,701ce4f9a5dffa974bee8d19bd2af9f5370f0d67,2,b7ed90a2c8c42b180ca393412dbf0a23c809b8c9,256,228,241,293,0.8225
1097,701ce4f9a5dffa974bee8d19bd2af9f5370f0d67,3,ecbf2e52dc1cb30dc35458acc3d2461116e26054,469,443,274,293,0.9352
1097,701ce4f9a5dffa974bee8d19bd2af9f5370f0d67,7,7b5db6c1f94c3173ae7036ce40ee934bd88d49f1,942,942,293,293,1.0
1168,b60e763df3cb841e52f9283bfcbd91f049fc09a0,1,d056faa426c1a2d5a44cc85d4d8a65e4d84ce470,84,84,139,293,0.4744
1168,b60e763df3cb841e52f9283bfcbd91f049fc09a0,2,b7ed90a2c8c42b180ca393412dbf0a23c809b8c9,256,228,241,293,0.8225
1168,b60e763df3cb841e52f9283bfcbd91f049fc09a0,3,ecbf2e52dc1cb30dc35458acc3d2461116e26054,469,443,274,293,0.9352
1168,b60e763df3cb841e52f9283bfcbd91f049fc09a0,7,7b5db6c1f94c3173ae7036ce40ee934bd88d49f1,942,942,293,293,1.0
1110,5ddbf68e813b0f625200571a9753dd2acf0d86a9,1,d056faa426c1a2d5a44cc85d4d8a65e4d84ce470,84,84,139,293,0.4744
1110,5ddbf68e813b0f625200571a9753dd2acf0d86a9,2,eca5dc56a8c5af62cab9b1615f81d1e549c8f87f,255,227,241,293,0.8225
1110,5ddbf68e813b0f625200571a9753dd2acf0d86a9,3,ecbf2e52dc1cb30dc35458acc3d2461116e26054,469,443,274,293,0.9352
1110,5ddbf68e813b0f625200571a9753dd2acf0d86a9,7,7b5db6c1f94c3173ae7036ce40ee934bd88d49f1,942,942,293,293,1.0
1167,721c44315650e845f2e3c2ede3f5ef1383684fac,1,146a617c5ab69864a296e093ed22721d83f1c97b,77,77,134,293,0.4573
1167,721c44315650e845f2e3c2ede3f5ef1383684fac,2,57f36bdadc0ab83c91c2680160a66a216f627987,255,227,241,293,0.8225
1167,721c44315650e845f2e3c2ede3f5ef1383684fac,3,dcd6fa8018906ce71abad0e1459df553c9efd5c4,468,442,274,293,0.9352
1167,721c44315650e845f2e3c2ede3f5ef1383684fac,7,6e3b45cc196a0b6f4bd50e06b37b20621ab3b4af,942,942,293,293,1.0
1166,e57c5811a7bfa82fc659f45e22c6cf657f080b5d,1,91634cba770b3c2e77f8b313a3697667d7c3156a,76,76,132,293,0.4505
1166,e57c5811a7bfa82fc659f45e22c6cf657f080b5d,2,57f36bdadc0ab83c91c2680160a66a216f627987,256,228,241,293,0.8225
1166,e57c5811a7bfa82fc659f45e22c6cf657f080b5d,3,d1906a8efe255db03ea96b86c98d8cd5c9293681,469,443,274,293,0.9352
1166,e57c5811a7bfa82fc659f45e22c6cf657f080b5d,7,9177696dd58e30f5eee736ae57ad99acab4a8e8f,943,943,293,293,1.0
1132,eab0ef145082b34b952081bcdbd103a487a7b0b4,1,91634cba770b3c2e77f8b313a3697667d7c3156a,76,76,133,293,0.4539
1132,eab0ef145082b34b952081bcdbd103a487a7b0b4,2,57f36bdadc0ab83c91c2680160a66a216f627987,256,228,241,293,0.8225
1132,eab0ef145082b34b952081bcdbd103a487a7b0b4,3,d1906a8efe255db03ea96b86c98d8cd5c9293681,469,443,274,293,0.9352
1132,eab0ef145082b34b952081bcdbd103a487a7b0b4,7,9177696dd58e30f5eee736ae57ad99acab4a8e8f,943,943,293,293,1.0
1153,b378722d714bd46a19dbb85349b8fe9292e5d41c,1,404bdc7e3d761b2ba8e0e9411c8b96a8a19ef3c3,74,74,132,293,0.4505
1153,b378722d714bd46a19dbb85349b8fe9292e5d41c,2,59dba48336d8509488b4e7fdb47c57810cf57c63,248,220,241,293,0.8225
1153,b378722d714bd46a19dbb85349b8fe9292e5d41c,3,731a70b12f1c461ed66b423727ab81ba37ffbd32,463,437,273,293,0.9317
1153,b378722d714bd46a19dbb85349b8fe9292e5d41c,7,7546e1393eaa9c38f0576d7bc825f8860cd845bc,943,943,293,293,1.0
1006,c9460d6e618f93130406c2ead5b65dcab5b48b8f,1,404bdc7e3d761b2ba8e0e9411c8b96a8a19ef3c3,74,74,132,293,0.4505
1006,c9460d6e618f93130406c2ead5b65dcab5b48b8f,2,98d99a996b0690df38f63536d1e8cf9111172d8a,246,218,241,293,0.8225
1006,c9460d6e618f93130406c2ead5b65dcab5b48b8f,3,ef4b9f42d07dd59fe1a2e5bd52abf84cc78ca739,463,437,273,293,0.9317
1006,c9460d6e618f93130406c2ead5b65dcab5b48b8f,7,7546e1393eaa9c38f0576d7bc825f8860cd845bc,943,943,293,293,1.0
1179,9e5bd1cc30c454b3376ee8b3c2ee997dcfbc17df,1,9a9915b50f90675e6ecf4e672a653d75b76cbb67,65,65,130,293,0.4437
1179,9e5bd1cc30c454b3376ee8b3c2ee997dcfbc17df,2,7ef7ed99e6cd9f1e2128d23549aa41860abb6a86,243,215,241,293,0.8225
1179,9e5bd1cc30c454b3376ee8b3c2ee997dcfbc17df,3,20cf9c8b06b64e3666d3368b942ce9129a5ac1cb,463,437,273,293,0.9317
1179,9e5bd1cc30c454b3376ee8b3c2ee997dcfbc17df,7,6906e612aac79a6bef0c892ec21a9a4dd210f536,943,943,293,293,1.0
1173,5e2c399cd4c8ccbbba9f0e58a7e43378d46da305,1,935bfa2fab35c02d89de8b838b271900c3ed95e0,70,70,130,293,0.4437
1173,5e2c399cd4c8ccbbba9f0e58a7e43378d46da305,2,7ef7ed99e6cd9f1e2128d23549aa41860abb6a86,248,220,241,293,0.8225
1173,5e2c399cd4c8ccbbba9f0e58a7e43378d46da305,3,20cf9c8b06b64e3666d3368b942ce9129a5ac1cb,468,442,273,293,0.9317
1173,5e2c399cd4c8ccbbba9f0e58a7e43378d46da305,7,6906e612aac79a6bef0c892ec21a9a4dd210f536,948,948,293,293,1.0
1199,bf2b8153eb5883a2303789d27400aa53b89a1b12,1,95193ceda509986d9f8bdaaaebebd5ca0a80d223,71,71,130,293,0.4437
1199,bf2b8153eb5883a2303789d27400aa53b89a1b12,2,196ccd8b213be39793495e7757e1394c194a64c7,249,221,240,293,0.8191
1199,bf2b8153eb5883a2303789d27400aa53b89a1b12,3,20cf9c8b06b64e3666d3368b942ce9129a5ac1cb,469,443,273,293,0.9317
1199,bf2b8153eb5883a2303789d27400aa53b89a1b12,7,6906e612aac79a6bef0c892ec21a9a4dd210f536,949,949,293,293,1.0
1174,fddd507508fb4e7862a1931d98720384c742c57a,1,0dab0d433f7968fc88e2037fe749d7db4a60bd61,78,78,112,293,0.3823
1174,fddd507508fb4e7862a1931d98720384c742c57a,2,261a3245f25f40261fdf9fd671d55179eba9139e,245,217,229,293,0.7816
1174,fddd507508fb4e7862a1931d98720384c742c57a,3,7bc6b6227447663e59c255a7b5928b56ecf62a98,462,436,270,293,0.9215
1174,fddd507508fb4e7862a1931d98720384c742c57a,7,1a8284166520c64be64e22cb05326921ecfecc93,958,958,293,293,1.0
1206,b62a13224b1e1ebfa51a710651a05be45b2bc50e,1,8388b5776ad45ba6a4bbfcdf545bdbac84aacdb0,77,77,110,293,0.3754
1206,b62a13224b1e1ebfa51a710651a05be45b2bc50e,2,61608056598cf604fc83f7ef468d32a15b220145,174,146,192,293,0.6553
1206,b62a13224b1e1ebfa51a710651a05be45b2bc50e,3,efc33d877856987cbbe85fecc9c015ad44bf4f85,380,354,256,293,0.8737
1206,b62a13224b1e1ebfa51a710651a05be45b2bc50e,7,a37ab2cc5da5d01a4c821599cc74e8ebf17dcd51,958,958,293,293,1.0
1175,2ae2c673a81ca2159dad06ea6d03a1b4c91b3ee0,1,b62a13224b1e1ebfa51a710651a05be45b2bc50e,0,0,0,293,0.0
1175,2ae2c673a81ca2159dad06ea6d03a1b4c91b3ee0,2,8fe74a63f383e949470701e4234aa12a514a2b9c,73,73,107,293,0.3652
1175,2ae2c673a81ca2159dad06ea6d03a1b4c91b3ee0,3,1e33280ef3e426927fafd5dfb90fe12f71300cba,169,141,188,293,0.6416
1175,2ae2c673a81ca2159dad06ea6d03a1b4c91b3ee0,7,f280db8e41ad7fa5f3eab3e6820fc076be2e88bc,955,955,292,293,0.9966
1202,12d2fce994288361703aa3558dc51492d31875b7,1,b62a13224b1e1ebfa51a710651a05be45b2bc50e,0,0,0,293,0.0
1202,12d2fce994288361703aa3558dc51492d31875b7,2,201094ea04bcb57771b6a07b23e338d2802827f2,71,71,107,293,0.3652
1202,12d2fce994288361703aa3558dc51492d31875b7,3,1e33280ef3e426927fafd5dfb90fe12f71300cba,169,141,188,293,0.6416
1202,12d2fce994288361703aa3558dc51492d31875b7,7,f88d6171f79594f811ef63728ed70b9b7eb31661,955,955,292,293,0.9966
1142,c91f7c06f6ce555ffdba33c5638c8bf20f864e12,1,b62a13224b1e1ebfa51a710651a05be45b2bc50e,1,1,4,293,0.0137
1142,c91f7c06f6ce555ffdba33c5638c8bf20f864e12,2,338d7a53f236352f119dc2da4871f71c520f7558,65,65,103,293,0.3515
1142,c91f7c06f6ce555ffdba33c5638c8bf20f864e12,3,6cc66349907c3c8279621d81c318e2255ba245de,170,142,188,293,0.6416
1142,c91f7c06f6ce555ffdba33c5638c8bf20f864e12,7,f88d6171f79594f811ef63728ed70b9b7eb31661,956,956,292,293,0.9966
1111,67c424e9c59e80f5e0f07a6b2114d61fedf74486,1,b62a13224b1e1ebfa51a710651a05be45b2bc50e,3,3,7,293,0.0239
1111,67c424e9c59e80f5e0f07a6b2114d61fedf74486,2,338d7a53f236352f119dc2da4871f71c520f7558,67,67,104,293,0.3549
1111,67c424e9c59e80f5e0f07a6b2114d61fedf74486,3,b0a1c79243a4200e7e0895810190f89a28fa0e0e,172,144,188,293,0.6416
1111,67c424e9c59e80f5e0f07a6b2114d61fedf74486,7,801ce2057c33a5f1c86948f3038d39454d57b7b9,958,958,292,293,0.9966
1028,c9b10245e97d5fcbd3df81500ef1bbee6bdd6524,1,b62a13224b1e1ebfa51a710651a05be45b2bc50e,4,4,8,293,0.0273
1028,c9b10245e97d5fcbd3df81500ef1bbee6bdd6524,2,338d7a53f236352f119dc2da4871f71c520f7558,68,68,104,293,0.3549
1028,c9b10245e97d5fcbd3df81500ef1bbee6bdd6524,3,b0a1c79243a4200e7e0895810190f89a28fa0e0e,173,145,188,293,0.6416
1028,c9b10245e97d5fcbd3df81500ef1bbee6bdd6524,7,801ce2057c33a5f1c86948f3038d39454d57b7b9,959,959,292,293,0.9966
995,a6593fa4241ef52cfdb010efa7c5e812814e00b3,1,b62a13224b1e1ebfa51a710651a05be45b2bc50e,4,4,8,293,0.0273
995,a6593fa4241ef52cfdb010efa7c5e812814e00b3,2,c41c197afbd803ffa8fee70329dbccd32bbef1e5,68,68,101,293,0.3447
995,a6593fa4241ef52cfdb010efa7c5e812814e00b3,3,b0a1c79243a4200e7e0895810190f89a28fa0e0e,173,145,188,293,0.6416
995,a6593fa4241ef52cfdb010efa7c5e812814e00b3,7,ab54cec47e805faec57a42d989b59e98012993b3,959,959,292,293,0.9966
979,056bf4af32bff9fabe52032939728e8b35754ed5,1,b62a13224b1e1ebfa51a710651a05be45b2bc50e,8,8,10,293,0.0341
979,056bf4af32bff9fabe52032939728e8b35754ed5,2,f1a3724a14dd9e9fd3a436135ba0dedd45734263,68,68,98,293,0.3345
979,056bf4af32bff9fabe52032939728e8b35754ed5,3,150a6e1c371d9dc93df6b142a1a9bd1ee37b6d49,175,147,188,293,0.6416
979,056bf4af32bff9fabe52032939728e8b35754ed5,7,d8cecc1fac5240aec91d587d566638f3d5c0c75e,963,963,292,293,0.9966
1233,d89692febc7fcbe083f83b358d81dcddebc8139e,1,b62a13224b1e1ebfa51a710651a05be45b2bc50e,9,9,11,293,0.0375
1233,d89692febc7fcbe083f83b358d81dcddebc8139e,2,f1a3724a14dd9e9fd3a436135ba0dedd45734263,69,69,99,293,0.3379
1233,d89692febc7fcbe083f83b358d81dcddebc8139e,3,8769340d379250758f6baaf2209a494aa1957b8a,176,148,187,293,0.6382
1233,d89692febc7fcbe083f83b358d81dcddebc8139e,7,d8cecc1fac5240aec91d587d566638f3d5c0c75e,964,964,292,293,0.9966
1144,a4692f5aae318e401b68b8d655fdfe233212addc,1,b62a13224b1e1ebfa51a710651a05be45b2bc50e,9,9,11,293,0.0375
1144,a4692f5aae318e401b68b8d655fdfe233212addc,2,f1a3724a14dd9e9fd3a436135ba0dedd45734263,69,69,99,293,0.3379
1144,a4692f5aae318e401b68b8d655fdfe233212addc,3,71e110b71478a209797c36b1e177d58586418ea9,175,147,184,293,0.628
1144,a4692f5aae318e401b68b8d655fdfe233212addc,7,66aa0133c0197b9abd8f93bd08cdaedda7975426,964,964,292,293,0.9966
883,e3697ca345c828be0a3b3d40ddf6902ed07776e6,1,b62a13224b1e1ebfa51a710651a05be45b2bc50e,10,10,14,293,0.0478
883,e3697ca345c828be0a3b3d40ddf6902ed07776e6,2,61fa487f95748cbd3456b9f835cec5efa838b0bf,70,70,99,293,0.3379
883,e3697ca345c828be0a3b3d40ddf6902ed07776e6,3,94a4538113dab47c822fb9953bc5b7568f4fafe1,176,148,184,293,0.628
883,e3697ca345c828be0a3b3d40ddf6902ed07776e6,7,e57072f1b867a6a91be319fd1e3e35ec056cbf76,965,965,292,293,0.9966
1095,34ea57a8a0d0d70b915aedba70e04a2f2f9c8f91,1,b62a13224b1e1ebfa51a710651a05be45b2bc50e,13,13,24,293,0.0819
1095,34ea57a8a0d0d70b915aedba70e04a2f2f9c8f91,2,f8baf2cb0f35decebfb0cd5a8ce90873a63a765b,73,73,106,293,0.3618
1095,34ea57a8a0d0d70b915aedba70e04a2f2f9c8f91,3,0f6a0f33e71d2c9993d38d315af97e9ca6a24ad4,175,147,183,293,0.6246
1095,34ea57a8a0d0d70b915aedba70e04a2f2f9c8f91,7,95e69be2c2d4b7c722d6e798519c288bead02321,968,968,292,293,0.9966
1222,80e3a432ad79544ffc7678c1fe4b38bdaa41177e,1,b62a13224b1e1ebfa51a710651a05be45b2bc50e,16,16,25,293,0.0853
1222,80e3a432ad79544ffc7678c1fe4b38bdaa41177e,2,f8baf2cb0f35decebfb0cd5a8ce90873a63a765b,76,76,106,293,0.3618
1222,80e3a432ad79544ffc7678c1fe4b38bdaa41177e,3,0f6a0f33e71d2c9993d38d315af97e9ca6a24ad4,178,150,183,293,0.6246
1222,80e3a432ad79544ffc7678c1fe4b38bdaa41177e,7,95e69be2c2d4b7c722d6e798519c288bead02321,971,971,292,293,0.9966
1228,157c74432c727e9671290565e1eae4c29c8e7b4e,1,b62a13224b1e1ebfa51a710651a05be45b2bc50e,16,16,25,293,0.0853
1228,157c74432c727e9671290565e1eae4c29c8e7b4e,2,7bd4cb3882468a49cf097869e5dc01275d8f18c5,76,76,105,293,0.3584
1228,157c74432c727e9671290565e1eae4c29c8e7b4e,3,0f6a0f33e71d2c9993d38d315af97e9ca6a24ad4,178,150,183,293,0.6246
1228,157c74432c727e9671290565e1eae4c29c8e7b4e,7,2ae591195fb2e1f7c445ae89ac407085a5d5d93b,971,971,292,293,0.9966
1087,5a5f57745d19d4950277d48076757502ab949559,1,b62a13224b1e1ebfa51a710651a05be45b2bc50e,16,16,25,293,0.0853
1087,5a5f57745d19d4950277d48076757502ab949559,2,7bd4cb3882468a49cf097869e5dc01275d8f18c5,76,76,105,293,0.3584
1087,5a5f57745d19d4950277d48076757502ab949559,3,7f4a319d9d5b99e59cfb996d10fd70d162e13ca1,178,150,183,293,0.6246
1087,5a5f57745d19d4950277d48076757502ab949559,7,2ae591195fb2e1f7c445ae89ac407085a5d5d93b,971,971,292,293,0.9966
1234,5ba0f9ce5cdab162227296e2a8b925a38b6cc577,1,b62a13224b1e1ebfa51a710651a05be45b2bc50e,18,18,29,293,0.099
1234,5ba0f9ce5cdab162227296e2a8b925a38b6cc577,2,8bb2fccdf02a3dfc0050dd50aade43a9d183ab8e,76,76,105,293,0.3584
1234,5ba0f9ce5cdab162227296e2a8b925a38b6cc577,3,95289f3f1b787eb91cebbf090bce21afd0ec9edc,180,152,181,293,0.6177
1234,5ba0f9ce5cdab162227296e2a8b925a38b6cc577,7,2ae591195fb2e1f7c445ae89ac407085a5d5d93b,973,973,292,293,0.9966
1230,a8108d83e8c14b4113098c71a788e2bd82a09cdc,1,b62a13224b1e1ebfa51a710651a05be45b2bc50e,25,25,40,297,0.1347
1230,a8108d83e8c14b4113098c71a788e2bd82a09cdc,2,d52234743bc32c17125d3bb91b82cb09c631d541,76,76,109,297,0.367
1230,a8108d83e8c14b4113098c71a788e2bd82a09cdc,3,95289f3f1b787eb91cebbf090bce21afd0ec9edc,187,159,185,297,0.6229
1230,a8108d83e8c14b4113098c71a788e2bd82a09cdc,7,2ae591195fb2e1f7c445ae89ac407085a5d5d93b,980,980,296,297,0.9966
1235,579386724b2cc767dae5d9388d0bb4207b2ac6c4,1,b62a13224b1e1ebfa51a710651a05be45b2bc50e,31,31,42,298,0.1409
1235,579386724b2cc767dae5d9388d0bb4207b2ac6c4,2,241ed01eff97a83386fd2f7ad58c644e48b11993,82,82,111,298,0.3725
1235,579386724b2cc767dae5d9388d0bb4207b2ac6c4,3,71d96ca582790f80a8dd821581259cf2bb044bef,191,163,185,298,0.6208
1235,579386724b2cc767dae5d9388d0bb4207b2ac6c4,7,2ae591195fb2e1f7c445ae89ac407085a5d5d93b,986,986,297,298,0.9966
1231,407c8e7e191e84b8d4a250f752acf2cfd4d7d979,1,b62a13224b1e1ebfa51a710651a05be45b2bc50e,34,34,42,298,0.1409
1231,407c8e7e191e84b8d4a250f752acf2cfd4d7d979,2,49add659cebea4607cec6d6db7000036ceb1021e,85,85,111,298,0.3725
1231,407c8e7e191e84b8d4a250f752acf2cfd4d7d979,3,3f2ecc64ea8e1f63e2647757ac9a2581ff2b588d,190,162,178,298,0.5973
1231,407c8e7e191e84b8d4a250f752acf2cfd4d7d979,7,2ae591195fb2e1f7c445ae89ac407085a5d5d93b,989,989,297,298,0.9966
1115,8171c50a3b852318268879f91cd45003aec4197f,1,b62a13224b1e1ebfa51a710651a05be45b2bc50e,35,35,43,299,0.1438
1115,8171c50a3b852318268879f91cd45003aec4197f,2,e2324bb174a6d49102c60b28f7e7f236cff4ca61,85,85,112,299,0.3746
1115,8171c50a3b852318268879f91cd45003aec4197f,3,3695c9df4d336ec3396b8622df520942d02bcd86,190,162,179,299,0.5987
1115,8171c50a3b852318268879f91cd45003aec4197f,7,2ae591195fb2e1f7c445ae89ac407085a5d5d93b,990,990,298,299,0.9967
1198,774bb446a527b62a55d0bf16f2cfa70cd2aaff38,1,b62a13224b1e1ebfa51a710651a05be45b2bc50e,36,36,43,299,0.1438
1198,774bb446a527b62a55d0bf16f2cfa70cd2aaff38,2,32f5102dca644d33a72ff5656f23bea60b1960e0,84,84,112,299,0.3746
1198,774bb446a527b62a55d0bf16f2cfa70cd2aaff38,3,3695c9df4d336ec3396b8622df520942d02bcd86,191,163,179,299,0.5987
1198,774bb446a527b62a55d0bf16f2cfa70cd2aaff38,7,2ae591195fb2e1f7c445ae89ac407085a5d5d93b,991,991,298,299,0.9967
1242,ed9ff84b143de7e9e507f3a35c2bfbdb93d37fde,1,b62a13224b1e1ebfa51a710651a05be45b2bc50e,38,38,44,299,0.1472
1242,ed9ff84b143de7e9e507f3a35c2bfbdb93d37fde,2,32f5102dca644d33a72ff5656f23bea60b1960e0,86,86,112,299,0.3746
1242,ed9ff84b143de7e9e507f3a35c2bfbdb93d37fde,3,efa7f8cd203908f1a5f61c5a6a524ce18fe9cc53,193,165,179,299,0.5987
1242,ed9ff84b143de7e9e507f3a35c2bfbdb93d37fde,7,2ae591195fb2e1f7c445ae89ac407085a5d5d93b,993,993,298,299,0.9967
1079,67d376432d2ed638e7768583c980af91c828b2c1,1,b62a13224b1e1ebfa51a710651a05be45b2bc50e,41,41,46,300,0.1533
1079,67d376432d2ed638e7768583c980af91c828b2c1,2,5553649c56a2b0f2ac364365368f65b2729ebfbd,88,88,114,300,0.38
1079,67d376432d2ed638e7768583c980af91c828b2c1,3,efa7f8cd203908f1a5f61c5a6a524ce18fe9cc53,196,168,180,300,0.6
1079,67d376432d2ed638e7768583c980af91c828b2c1,7,2ae591195fb2e1f7c445ae89ac407085a5d5d93b,996,996,299,300,0.9967
1186,5d1e5f4dd28d0e3fe298e6b5d830b2b30671da7f,1,b62a13224b1e1ebfa51a710651a05be45b2bc50e,42,42,46,300,0.1533
1186,5d1e5f4dd28d0e3fe298e6b5d830b2b30671da7f,2,202bc6ec58657607df5fe6b4f2496f0ee820a23b,89,89,114,300,0.38
1186,5d1e5f4dd28d0e3fe298e6b5d830b2b30671da7f,3,efa7f8cd203908f1a5f61c5a6a524ce18fe9cc53,197,169,180,300,0.6
1186,5d1e5f4dd28d0e3fe298e6b5d830b2b30671da7f,7,2ae591195fb2e1f7c445ae89ac407085a5d5d93b,997,997,299,300,0.9967
1184,4da034bb9e0eb6a34e917d792043f55d232abfd5,1,b62a13224b1e1ebfa51a710651a05be45b2bc50e,42,42,46,300,0.1533
1184,4da034bb9e0eb6a34e917d792043f55d232abfd5,2,ab3ea709f0326411689fdad0d05c89ce49b198d7,87,87,114,300,0.38
1184,4da034bb9e0eb6a34e917d792043f55d232abfd5,3,efa7f8cd203908f1a5f61c5a6a524ce18fe9cc53,197,169,180,300,0.6
1184,4da034bb9e0eb6a34e917d792043f55d232abfd5,7,2ae591195fb2e1f7c445ae89ac407085a5d5d93b,997,997,299,300,0.9967
1177,f31c70d3a7830d4dab49e84334eade4685cd5c2b,1,b62a13224b1e1ebfa51a710651a05be45b2bc50e,47,47,54,300,0.18
1177,f31c70d3a7830d4dab49e84334eade4685cd5c2b,2,0ccd80cc22c84d774dd021a82a770392e7640637,92,92,110,300,0.3667
1177,f31c70d3a7830d4dab49e84334eade4685cd5c2b,3,efa7f8cd203908f1a5f61c5a6a524ce18fe9cc53,202,174,180,300,0.6
1177,f31c70d3a7830d4dab49e84334eade4685cd5c2b,7,2ae591195fb2e1f7c445ae89ac407085a5d5d93b,1002,1002,299,300,0.9967
1264,d17aa1708d95496b9d987e77f9bd7d905ebd90bf,1,b62a13224b1e1ebfa51a710651a05be45b2bc50e,47,47,54,300,0.18
1264,d17aa1708d95496b9d987e77f9bd7d905ebd90bf,2,cccc181e32d3855d4c312fb1b067c48a6622b338,91,91,109,300,0.3633
1264,d17aa1708d95496b9d987e77f9bd7d905ebd90bf,3,b621867990deab5d6b9469510b11e3d60f6e1bd0,198,170,179,300,0.5967
1264,d17aa1708d95496b9d987e77f9bd7d905ebd90bf,7,2ae591195fb2e1f7c445ae89ac407085a5d5d93b,1002,1002,299,300,0.9967
1239,404f127aaaa4a673e92edffb2fab4f7c631f2819,1,b62a13224b1e1ebfa51a710651a05be45b2bc50e,47,47,54,300,0.18
1239,404f127aaaa4a673e92edffb2fab4f7c631f2819,2,2a6ae8d706f03a6ed48e266754519ee69e1afc49,80,80,106,300,0.3533
1239,404f127aaaa4a673e92edffb2fab4f7c631f2819,3,9353141fcf4bcd336b9387e7b01e874ff91dbb5e,195,167,178,300,0.5933
1239,404f127aaaa4a673e92edffb2fab4f7c631f2819,7,2ae591195fb2e1f7c445ae89ac407085a5d5d93b,1002,1002,299,300,0.9967
1237,32d16860766e7058f7d98e0954369656f43e535e,1,b62a13224b1e1ebfa51a710651a05be45b2bc50e,52,52,76,302,0.2517
1237,32d16860766e7058f7d98e0954369656f43e535e,2,3dcd985c1f5fde75a542b1bc5cf44144147af8ac,84,84,113,302,0.3742
1237,32d16860766e7058f7d98e0954369656f43e535e,3,68eb8281cbc7c9a372826c5b83e9d69deeafb64b,198,170,184,302,0.6093
1237,32d16860766e7058f7d98e0954369656f43e535e,7,2ae591195fb2e1f7c445ae89ac407085a5d5d93b,1004,1004,301,302,0.9967
1022,295c7400eabaad689de5ccd332159cf57bf658ff,1,b62a13224b1e1ebfa51a710651a05be45b2bc50e,52,52,76,302,0.2517
1022,295c7400eabaad689de5ccd332159cf57bf658ff,2,48b9f13ccf4f8136e9e8c3a91075f7d5d3aaf70d,83,83,113,302,0.3742
1022,295c7400eabaad689de5ccd332159cf57bf658ff,3,68eb8281cbc7c9a372826c5b83e9d69deeafb64b,198,170,184,302,0.6093
1022,295c7400eabaad689de5ccd332159cf57bf658ff,7,2ae591195fb2e1f7c445ae89ac407085a5d5d93b,1004,1004,301,302,0.9967
1164,95ded09035f027077b5d99d5c724f12dccb85800,1,b62a13224b1e1ebfa51a710651a05be45b2bc50e,57,57,76,302,0.2517
1164,95ded09035f027077b5d99d5c724f12dccb85800,2,971e6d2a22e6f3f37651b9eac14d4e4a64097e44,87,87,113,302,0.3742
1164,95ded09035f027077b5d99d5c724f12dccb85800,3,68eb8281cbc7c9a372826c5b83e9d69deeafb64b,203,175,184,302,0.6093
1164,95ded09035f027077b5d99d5c724f12dccb85800,7,2ae591195fb2e1f7c445ae89ac407085a5d5d93b,1009,1009,301,302,0.9967
1240,d0329e5476bb2b2195d9e0bbcb6db7571530cb42,1,b62a13224b1e1ebfa51a710651a05be45b2bc50e,62,62,76,302,0.2517
1240,d0329e5476bb2b2195d9e0bbcb6db7571530cb42,2,971e6d2a22e6f3f37651b9eac14d4e4a64097e44,92,92,113,302,0.3742
1240,d0329e5476bb2b2195d9e0bbcb6db7571530cb42,3,68eb8281cbc7c9a372826c5b83e9d69deeafb64b,208,180,184,302,0.6093
1240,d0329e5476bb2b2195d9e0bbcb6db7571530cb42,7,2ae591195fb2e1f7c445ae89ac407085a5d5d93b,1014,1014,301,302,0.9967
1270,815590fcff6556819cedb4e84e252ca7d1c40884,1,b62a13224b1e1ebfa51a710651a05be45b2bc50e,62,62,76,302,0.2517
1270,815590fcff6556819cedb4e84e252ca7d1c40884,2,971e6d2a22e6f3f37651b9eac14d4e4a64097e44,92,92,113,302,0.3742
1270,815590fcff6556819cedb4e84e252ca7d1c40884,3,68eb8281cbc7c9a372826c5b83e9d69deeafb64b,208,180,184,302,0.6093
1270,815590fcff6556819cedb4e84e252ca7d1c40884,7,2ae591195fb2e1f7c445ae89ac407085a5d5d93b,1014,1014,301,302,0.9967
1020,63149bc94727c1de4c8755363e3cd936de93eabf,1,b62a13224b1e1ebfa51a710651a05be45b2bc50e,62,62,76,302,0.2517
1020,63149bc94727c1de4c8755363e3cd936de93eabf,2,971e6d2a22e6f3f37651b9eac14d4e4a64097e44,92,92,113,302,0.3742
1020,63149bc94727c1de4c8755363e3cd936de93eabf,3,001a048c379d9211334eb1363fe79acddbb596b6,206,178,180,302,0.596
1020,63149bc94727c1de4c8755363e3cd936de93eabf,7,472e5893e92ee97bead82aacb4abd685eaf121d6,1014,1014,301,302,0.9967
1011,d5bb5ffecf7c4d5017ec02496f70efd98a0d2a91,1,b62a13224b1e1ebfa51a710651a05be45b2bc50e,63,63,76,302,0.2517
1011,d5bb5ffecf7c4d5017ec02496f70efd98a0d2a91,2,0889e120d2649627659b8407dd3da741705f8b39,92,92,113,302,0.3742
1011,d5bb5ffecf7c4d5017ec02496f70efd98a0d2a91,3,2673267fac0e5c8f06ebb6005aeaae3dead2c992,207,179,180,302,0.596
1011,d5bb5ffecf7c4d5017ec02496f70efd98a0d2a91,7,b10794ab387f43aa20fee70935923d0f1d1045e3,1015,1015,301,302,0.9967
1034,872a4d3828810c337d9261efd060694292bbb467,1,b62a13224b1e1ebfa51a710651a05be45b2bc50e,63,63,76,302,0.2517
1034,872a4d3828810c337d9261efd060694292bbb467,2,0889e120d2649627659b8407dd3da741705f8b39,92,92,113,302,0.3742
1034,872a4d3828810c337d9261efd060694292bbb467,3,2673267fac0e5c8f06ebb6005aeaae3dead2c992,207,179,180,302,0.596
1034,872a4d3828810c337d9261efd060694292bbb467,7,b10794ab387f43aa20fee70935923d0f1d1045e3,1015,1015,301,302,0.9967
1041,f9e5e2d7776a83e9a05cc4b6f55e781e97809d37,1,b62a13224b1e1ebfa51a710651a05be45b2bc50e,63,63,76,302,0.2517
1041,f9e5e2d7776a83e9a05cc4b6f55e781e97809d37,2,0889e120d2649627659b8407dd3da741705f8b39,92,92,113,302,0.3742
1041,f9e5e2d7776a83e9a05cc4b6f55e781e97809d37,3,2673267fac0e5c8f06ebb6005aeaae3dead2c992,207,179,180,302,0.596
1041,f9e5e2d7776a83e9a05cc4b6f55e781e97809d37,7,b10794ab387f43aa20fee70935923d0f1d1045e3,1015,1015,301,302,0.9967
1039,2cef52ccd977985aeef5077e3318ccf83e0eb8b7,1,b62a13224b1e1ebfa51a710651a05be45b2bc50e,63,63,76,302,0.2517
1039,2cef52ccd977985aeef5077e3318ccf83e0eb8b7,2,2194c8dd5c806df0fa7b06a11de057890531b558,90,90,111,302,0.3675
1039,2cef52ccd977985aeef5077e3318ccf83e0eb8b7,3,8f2c5b06520cdbb3057c2af266263a9017361e68,179,179,180,302,0.596
1039,2cef52ccd977985aeef5077e3318ccf83e0eb8b7,7,b10794ab387f43aa20fee70935923d0f1d1045e3,1015,1015,301,302,0.9967
824,773326ea9bf28b504ade685bdc6dd5b9b766979c,1,b62a13224b1e1ebfa51a710651a05be45b2bc50e,65,65,77,302,0.255
824,773326ea9bf28b504ade685bdc6dd5b9b766979c,2,2194c8dd5c806df0fa7b06a11de057890531b558,92,92,112,302,0.3709
824,773326ea9bf28b504ade685bdc6dd5b9b766979c,3,8f2c5b06520cdbb3057c2af266263a9017361e68,181,181,180,302,0.596
824,773326ea9bf28b504ade685bdc6dd5b9b766979c,7,a4b80f5a6d5bf96d4573a91b4ccedcd391b3a683,1016,1016,301,302,0.9967
1114,445d1584e70d329a02467d2d2dc665440c52bc2f,1,b62a13224b1e1ebfa51a710651a05be45b2bc50e,68,68,78,302,0.2583
1114,445d1584e70d329a02467d2d2dc665440c52bc2f,2,2194c8dd5c806df0fa7b06a11de057890531b558,95,95,113,302,0.3742
1114,445d1584e70d329a02467d2d2dc665440c52bc2f,3,8f2c5b06520cdbb3057c2af266263a9017361e68,184,184,180,302,0.596
1114,445d1584e70d329a02467d2d2dc665440c52bc2f,7,a4b80f5a6d5bf96d4573a91b4ccedcd391b3a683,1019,1019,301,302,0.9967
1137,872ae5058efbbee687620a9d4fea9049390e9ab0,1,b62a13224b1e1ebfa51a710651a05be45b2bc50e,68,68,78,302,0.2583
1137,872ae5058efbbee687620a9d4fea9049390e9ab0,2,088c8eccbfb6a4dc3e7fa3d82511680486976d5e,95,95,113,302,0.3742
1137,872ae5058efbbee687620a9d4fea9049390e9ab0,3,8f2c5b06520cdbb3057c2af266263a9017361e68,184,184,180,302,0.596
1137,872ae5058efbbee687620a9d4fea9049390e9ab0,7,262f49f3092075c634c44ed972d867820f0b6486,1019,1019,301,302,0.9967
1146,5ea7186cf154e8bd39beeb86e92fc59e999c70b0,1,b62a13224b1e1ebfa51a710651a05be45b2bc50e,68,68,78,302,0.2583
1146,5ea7186cf154e8bd39beeb86e92fc59e999c70b0,2,088c8eccbfb6a4dc3e7fa3d82511680486976d5e,95,95,113,302,0.3742
1146,5ea7186cf154e8bd39beeb86e92fc59e999c70b0,3,8f2c5b06520cdbb3057c2af266263a9017361e68,184,184,180,302,0.596
1146,5ea7186cf154e8bd39beeb86e92fc59e999c70b0,7,262f49f3092075c634c44ed972d867820f0b6486,1019,1019,301,302,0.9967
1080,25a3dd29142467e61c22bcfb49433c4b671ffe52,1,b62a13224b1e1ebfa51a710651a05be45b2bc50e,68,68,78,302,0.2583
1080,25a3dd29142467e61c22bcfb49433c4b671ffe52,2,1b43d6ef0f729a6103699659db440e0ae7da3d87,95,95,113,302,0.3742
1080,25a3dd29142467e61c22bcfb49433c4b671ffe52,3,8f2c5b06520cdbb3057c2af266263a9017361e68,184,184,180,302,0.596
1080,25a3dd29142467e61c22bcfb49433c4b671ffe52,7,262f49f3092075c634c44ed972d867820f0b6486,1019,1019,301,302,0.9967
1077,35e75d026c83ecf50afa8460bfae565ca8604938,1,b62a13224b1e1ebfa51a710651a05be45b2bc50e,69,69,78,302,0.2583
1077,35e75d026c83ecf50afa8460bfae565ca8604938,2,1b43d6ef0f729a6103699659db440e0ae7da3d87,96,96,113,302,0.3742
1077,35e75d026c83ecf50afa8460bfae565ca8604938,3,9c52e01f0ab536d54059cef50a9838a58995ea7d,180,180,176,302,0.5828
1077,35e75d026c83ecf50afa8460bfae565ca8604938,7,b15ab083b2d8f6be0ae6324450812fe53779fb44,1020,1020,301,302,0.9967
1139,2ded943ea3634f75e9fb7045098a51ee85251d0e,1,b62a13224b1e1ebfa51a710651a05be45b2bc50e,69,69,80,303,0.264
1139,2ded943ea3634f75e9fb7045098a51ee85251d0e,2,1b43d6ef0f729a6103699659db440e0ae7da3d87,96,96,115,303,0.3795
1139,2ded943ea3634f75e9fb7045098a51ee85251d0e,3,9c52e01f0ab536d54059cef50a9838a58995ea7d,180,180,177,303,0.5842
1139,2ded943ea3634f75e9fb7045098a51ee85251d0e,7,b15ab083b2d8f6be0ae6324450812fe53779fb44,1020,1020,302,303,0.9967
1117,f3e047e197334d2d6f8a19616e654c5762a9ab6f,1,b62a13224b1e1ebfa51a710651a05be45b2bc50e,69,69,80,303,0.264
1117,f3e047e197334d2d6f8a19616e654c5762a9ab6f,2,1b43d6ef0f729a6103699659db440e0ae7da3d87,96,96,115,303,0.3795
1117,f3e047e197334d2d6f8a19616e654c5762a9ab6f,3,9c52e01f0ab536d54059cef50a9838a58995ea7d,180,180,177,303,0.5842
1117,f3e047e197334d2d6f8a19616e654c5762a9ab6f,7,5e70188f93e07b54e4b3d664ec709750d904255d,1020,1020,302,303,0.9967
1169,3993febeea52fbc026428a6b177e0c7849d07a2f,1,b62a13224b1e1ebfa51a710651a05be45b2bc50e,69,69,80,303,0.264
1169,3993febeea52fbc026428a6b177e0c7849d07a2f,2,dae2e3155c864d12e507aadb481ffde35901d74b,96,96,115,303,0.3795
1169,3993febeea52fbc026428a6b177e0c7849d07a2f,3,752e5b549f6f7598297c1f152a416faf3f62926e,180,180,173,303,0.571
1169,3993febeea52fbc026428a6b177e0c7849d07a2f,7,5e70188f93e07b54e4b3d664ec709750d904255d,1020,1020,302,303,0.9967
1171,e106042f3c352e813af824d9f7c649f78037e18f,1,b62a13224b1e1ebfa51a710651a05be45b2bc50e,70,70,80,303,0.264
1171,e106042f3c352e813af824d9f7c649f78037e18f,2,dae2e3155c864d12e507aadb481ffde35901d74b,97,97,115,303,0.3795
1171,e106042f3c352e813af824d9f7c649f78037e18f,3,752e5b549f6f7598297c1f152a416faf3f62926e,181,181,173,303,0.571
1171,e106042f3c352e813af824d9f7c649f78037e18f,7,5e70188f93e07b54e4b3d664ec709750d904255d,1021,1021,302,303,0.9967
1150,2af05530b753031fb36fe3e47b8b0d8bd59d187a,1,b62a13224b1e1ebfa51a710651a05be45b2bc50e,70,70,80,303,0.264
1150,2af05530b753031fb36fe3e47b8b0d8bd59d187a,2,b502eb9c346a43540f6e3785ae5ef2de8ce20b77,95,95,115,303,0.3795
1150,2af05530b753031fb36fe3e47b8b0d8bd59d187a,3,752e5b549f6f7598297c1f152a416faf3f62926e,181,181,173,303,0.571
1150,2af05530b753031fb36fe3e47b8b0d8bd59d187a,7,a933b25e24336d2f72cd9fba1e96b9d02f8881ad,1021,1021,302,303,0.9967
889,ce08fe18b685480ccb8a17c7b351e2840be04f6e,1,b62a13224b1e1ebfa51a710651a05be45b2bc50e,70,70,80,303,0.264
889,ce08fe18b685480ccb8a17c7b351e2840be04f6e,2,b502eb9c346a43540f6e3785ae5ef2de8ce20b77,95,95,115,303,0.3795
889,ce08fe18b685480ccb8a17c7b351e2840be04f6e,3,752e5b549f6f7598297c1f152a416faf3f62926e,181,181,173,303,0.571
889,ce08fe18b685480ccb8a17c7b351e2840be04f6e,7,a933b25e24336d2f72cd9fba1e96b9d02f8881ad,1021,1021,302,303,0.9967
608,248f991da8c7c4b357ebbb0cd841a25f1a30f1e5,1,b62a13224b1e1ebfa51a710651a05be45b2bc50e,70,70,80,303,0.264
608,248f991da8c7c4b357ebbb0cd841a25f1a30f1e5,2,b502eb9c346a43540f6e3785ae5ef2de8ce20b77,95,95,115,303,0.3795
608,248f991da8c7c4b357ebbb0cd841a25f1a30f1e5,3,752e5b549f6f7598297c1f152a416faf3f62926e,181,181,173,303,0.571
608,248f991da8c7c4b357ebbb0cd841a25f1a30f1e5,7,a933b25e24336d2f72cd9fba1e96b9d02f8881ad,1021,1021,302,303,0.9967
766,bb5e0104eff4ff06815b5f3e90541587a8fc305d,1,b62a13224b1e1ebfa51a710651a05be45b2bc50e,70,70,80,303,0.264
766,bb5e0104eff4ff06815b5f3e90541587a8fc305d,2,b502eb9c346a43540f6e3785ae5ef2de8ce20b77,95,95,115,303,0.3795
766,bb5e0104eff4ff06815b5f3e90541587a8fc305d,3,752e5b549f6f7598297c1f152a416faf3f62926e,181,181,173,303,0.571
766,bb5e0104eff4ff06815b5f3e90541587a8fc305d,7,a933b25e24336d2f72cd9fba1e96b9d02f8881ad,1021,1021,302,303,0.9967
871,74baeee9143a049b86fd8584858a8f7578bccd42,1,b62a13224b1e1ebfa51a710651a05be45b2bc50e,70,70,80,303,0.264
871,74baeee9143a049b86fd8584858a8f7578bccd42,2,b502eb9c346a43540f6e3785ae5ef2de8ce20b77,95,95,115,303,0.3795
871,74baeee9143a049b86fd8584858a8f7578bccd42,3,752e5b549f6f7598297c1f152a416faf3f62926e,181,181,173,303,0.571
871,74baeee9143a049b86fd8584858a8f7578bccd42,7,a933b25e24336d2f72cd9fba1e96b9d02f8881ad,1021,1021,302,303,0.9967
1059,c8271c42c8b248eb7c7d0a6500a03a03ecdbad5c,1,b62a13224b1e1ebfa51a710651a05be45b2bc50e,70,70,80,303,0.264
1059,c8271c42c8b248eb7c7d0a6500a03a03ecdbad5c,2,b502eb9c346a43540f6e3785ae5ef2de8ce20b77,95,95,115,303,0.3795
1059,c8271c42c8b248eb7c7d0a6500a03a03ecdbad5c,3,752e5b549f6f7598297c1f152a416faf3f62926e,181,181,173,303,0.571
1059,c8271c42c8b248eb7c7d0a6500a03a03ecdbad5c,7,a933b25e24336d2f72cd9fba1e96b9d02f8881ad,1021,1021,302,303,0.9967
1207,d263de575c793fc3a27fba53ac19331142cdc283,1,b62a13224b1e1ebfa51a710651a05be45b2bc50e,70,70,80,303,0.264
1207,d263de575c793fc3a27fba53ac19331142cdc283,2,b502eb9c346a43540f6e3785ae5ef2de8ce20b77,95,95,115,303,0.3795
1207,d263de575c793fc3a27fba53ac19331142cdc283,3,d12de1f1572319b73c10ee2bbb9abf5dce5dbdc6,176,176,170,303,0.5611
1207,d263de575c793fc3a27fba53ac19331142cdc283,7,a933b25e24336d2f72cd9fba1e96b9d02f8881ad,1021,1021,302,303,0.9967
451,6eb41bcbbca3f5b694d653a9df4df74617f36ac5,1,b62a13224b1e1ebfa51a710651a05be45b2bc50e,80,80,85,303,0.2805
451,6eb41bcbbca3f5b694d653a9df4df74617f36ac5,2,59f5975377c1b3b71842e8d49b15ea8eb033b1c4,105,105,117,303,0.3861
451,6eb41bcbbca3f5b694d653a9df4df74617f36ac5,3,3a3d96184ca463f910f93056049b2d110afe439e,186,186,170,303,0.5611
451,6eb41bcbbca3f5b694d653a9df4df74617f36ac5,7,f62f54edc8958af7a9cc5852f1dc24ab89c4f992,1031,1031,302,303,0.9967
1236,36ad60b0d69d3e45fa9410dba408fbd740e9a9a2,1,b62a13224b1e1ebfa51a710651a05be45b2bc50e,80,80,85,303,0.2805
1236,36ad60b0d69d3e45fa9410dba408fbd740e9a9a2,2,d33dfc9d1effac5cb21b19736342f064b9afc481,98,98,111,303,0.3663
1236,36ad60b0d69d3e45fa9410dba408fbd740e9a9a2,3,a10084c186b21763c02c1fa1d95e577e3740398f,186,186,170,303,0.5611
1236,36ad60b0d69d3e45fa9410dba408fbd740e9a9a2,7,89e8c54ed2a851920a44435bf3868683d33f6a45,1031,1031,302,303,0.9967
450,8821d691452a45d97dea7b27e65969c9709c31e8,1,b62a13224b1e1ebfa51a710651a05be45b2bc50e,87,87,90,303,0.297
450,8821d691452a45d97dea7b27e65969c9709c31e8,2,d33dfc9d1effac5cb21b19736342f064b9afc481,105,105,115,303,0.3795
450,8821d691452a45d97dea7b27e65969c9709c31e8,3,a10084c186b21763c02c1fa1d95e577e3740398f,192,192,170,303,0.5611
450,8821d691452a45d97dea7b27e65969c9709c31e8,7,89e8c54ed2a851920a44435bf3868683d33f6a45,1037,1037,302,303,0.9967
1053,186a7eb499566daca76983f4179a788d10ae8dd8,1,b62a13224b1e1ebfa51a710651a05be45b2bc50e,87,87,90,303,0.297
1053,186a7eb499566daca76983f4179a788d10ae8dd8,2,d33dfc9d1effac5cb21b19736342f064b9afc481,105,105,115,303,0.3795
1053,186a7eb499566daca76983f4179a788d10ae8dd8,3,a10084c186b21763c02c1fa1d95e577e3740398f,192,192,170,303,0.5611
1053,186a7eb499566daca76983f4179a788d10ae8dd8,7,89e8c54ed2a851920a44435bf3868683d33f6a45,1037,1037,302,303,0.9967
1098,be55d13bb9c535b7d4fe2f692a5925765392dfdc,1,b62a13224b1e1ebfa51a710651a05be45b2bc50e,87,87,90,303,0.297
1098,be55d13bb9c535b7d4fe2f692a5925765392dfdc,2,530b32fb067eb9875b46defe445f9117541f5a79,103,103,104,303,0.3432
1098,be55d13bb9c535b7d4fe2f692a5925765392dfdc,3,d056faa426c1a2d5a44cc85d4d8a65e4d84ce470,186,186,165,303,0.5446
1098,be55d13bb9c535b7d4fe2f692a5925765392dfdc,7,22cd67b02930dfc3da3e95743ec3a64e4d36f6d3,1037,1037,302,303,0.9967
1021,ab1b00bcba019908c1d5fb04da7f0462041277c7,1,b62a13224b1e1ebfa51a710651a05be45b2bc50e,87,87,90,303,0.297
1021,ab1b00bcba019908c1d5fb04da7f0462041277c7,2,5ddbf68e813b0f625200571a9753dd2acf0d86a9,103,103,104,303,0.3432
1021,ab1b00bcba019908c1d5fb04da7f0462041277c7,3,d056faa426c1a2d5a44cc85d4d8a65e4d84ce470,186,186,165,303,0.5446
1021,ab1b00bcba019908c1d5fb04da7f0462041277c7,7,22cd67b02930dfc3da3e95743ec3a64e4d36f6d3,1037,1037,302,303,0.9967
1119,7f399811713ba24c00d8df76b9fc1ad2ca41347f,1,b62a13224b1e1ebfa51a710651a05be45b2bc50e,89,89,93,304,0.3059
1119,7f399811713ba24c00d8df76b9fc1ad2ca41347f,2,5ddbf68e813b0f625200571a9753dd2acf0d86a9,105,105,106,304,0.3487
1119,7f399811713ba24c00d8df76b9fc1ad2ca41347f,3,146a617c5ab69864a296e093ed22721d83f1c97b,181,181,163,304,0.5362
1119,7f399811713ba24c00d8df76b9fc1ad2ca41347f,7,22cd67b02930dfc3da3e95743ec3a64e4d36f6d3,1039,1039,303,304,0.9967
1129,77338d6f20bf298fdd01b6304c66ac6589e85eb2,1,b62a13224b1e1ebfa51a710651a05be45b2bc50e,93,93,93,304,0.3059
1129,77338d6f20bf298fdd01b6304c66ac6589e85eb2,2,e57c5811a7bfa82fc659f45e22c6cf657f080b5d,109,109,105,304,0.3454
1129,77338d6f20bf298fdd01b6304c66ac6589e85eb2,3,91634cba770b3c2e77f8b313a3697667d7c3156a,183,183,161,304,0.5296
1129,77338d6f20bf298fdd01b6304c66ac6589e85eb2,7,22cd67b02930dfc3da3e95743ec3a64e4d36f6d3,1043,1043,303,304,0.9967
1197,2f81af331297f939ea13c569fdebe9769cb347c5,1,b62a13224b1e1ebfa51a710651a05be45b2bc50e,97,97,94,305,0.3082
1197,2f81af331297f939ea13c569fdebe9769cb347c5,2,eab0ef145082b34b952081bcdbd103a487a7b0b4,113,113,106,305,0.3475
1197,2f81af331297f939ea13c569fdebe9769cb347c5,3,404bdc7e3d761b2ba8e0e9411c8b96a8a19ef3c3,185,185,161,305,0.5279
1197,2f81af331297f939ea13c569fdebe9769cb347c5,7,22cd67b02930dfc3da3e95743ec3a64e4d36f6d3,1047,1047,304,305,0.9967
1218,e50f94300aab28acad62dfac237a1a79c0cea44f,1,b62a13224b1e1ebfa51a710651a05be45b2bc50e,97,97,98,305,0.3213
1218,e50f94300aab28acad62dfac237a1a79c0cea44f,2,c9460d6e618f93130406c2ead5b65dcab5b48b8f,113,113,109,305,0.3574
1218,e50f94300aab28acad62dfac237a1a79c0cea44f,3,404bdc7e3d761b2ba8e0e9411c8b96a8a19ef3c3,185,185,161,305,0.5279
1218,e50f94300aab28acad62dfac237a1a79c0cea44f,7,22cd67b02930dfc3da3e95743ec3a64e4d36f6d3,1047,1047,304,305,0.9967
1208,2cb08f4b0a04594284a7f61b3502b7727f4794b4,1,b62a13224b1e1ebfa51a710651a05be45b2bc50e,101,101,99,305,0.3246
1208,2cb08f4b0a04594284a7f61b3502b7727f4794b4,2,c9460d6e618f93130406c2ead5b65dcab5b48b8f,117,117,109,305,0.3574
1208,2cb08f4b0a04594284a7f61b3502b7727f4794b4,3,2d9efbffb541cb37182cefeeed267ac167070577,180,180,160,305,0.5246
1208,2cb08f4b0a04594284a7f61b3502b7727f4794b4,7,22cd67b02930dfc3da3e95743ec3a64e4d36f6d3,1051,1051,304,305,0.9967
1200,2c90b421a716aa7e0766d629ec9f08224dcc7382,1,b62a13224b1e1ebfa51a710651a05be45b2bc50e,101,101,99,305,0.3246
1200,2c90b421a716aa7e0766d629ec9f08224dcc7382,2,5e2c399cd4c8ccbbba9f0e58a7e43378d46da305,111,111,106,305,0.3475
1200,2c90b421a716aa7e0766d629ec9f08224dcc7382,3,935bfa2fab35c02d89de8b838b271900c3ed95e0,180,180,159,305,0.5213
1200,2c90b421a716aa7e0766d629ec9f08224dcc7382,7,22cd67b02930dfc3da3e95743ec3a64e4d36f6d3,1051,1051,304,305,0.9967
1219,fb8170a8d7043edd6836554d88ee6d2434469777,1,b62a13224b1e1ebfa51a710651a05be45b2bc50e,101,101,99,305,0.3246
1219,fb8170a8d7043edd6836554d88ee6d2434469777,2,bf2b8153eb5883a2303789d27400aa53b89a1b12,111,111,103,305,0.3377
1219,fb8170a8d7043edd6836554d88ee6d2434469777,3,95193ceda509986d9f8bdaaaebebd5ca0a80d223,180,180,159,305,0.5213
1219,fb8170a8d7043edd6836554d88ee6d2434469777,7,22cd67b02930dfc3da3e95743ec3a64e4d36f6d3,1051,1051,304,305,0.9967
1023,471bb76bd66d51e089d22d11816f5c0af556fa03,1,b62a13224b1e1ebfa51a710651a05be45b2bc50e,101,101,99,305,0.3246
1023,471bb76bd66d51e089d22d11816f5c0af556fa03,2,fddd507508fb4e7862a1931d98720384c742c57a,101,101,99,305,0.3246
1023,471bb76bd66d51e089d22d11816f5c0af556fa03,3,0dab0d433f7968fc88e2037fe749d7db4a60bd61,177,177,146,305,0.4787
1023,471bb76bd66d51e089d22d11816f5c0af556fa03,7,22cd67b02930dfc3da3e95743ec3a64e4d36f6d3,1051,1051,304,305,0.9967
1017,09679d3f3799008c37aea7ae954ff193411829ae,1,b62a13224b1e1ebfa51a710651a05be45b2bc50e,101,101,99,305,0.3246
1017,09679d3f3799008c37aea7ae954ff193411829ae,2,fddd507508fb4e7862a1931d98720384c742c57a,101,101,99,305,0.3246
1017,09679d3f3799008c37aea7ae954ff193411829ae,3,0dab0d433f7968fc88e2037fe749d7db4a60bd61,177,177,146,305,0.4787
1017,09679d3f3799008c37aea7ae954ff193411829ae,7,22cd67b02930dfc3da3e95743ec3a64e4d36f6d3,1051,1051,304,305,0.9967
1220,051caaea378a13f63539e8a89092260e91d3a986,1,b62a13224b1e1ebfa51a710651a05be45b2bc50e,101,101,99,305,0.3246
1220,051caaea378a13f63539e8a89092260e91d3a986,2,fddd507508fb4e7862a1931d98720384c742c57a,101,101,99,305,0.3246
1220,051caaea378a13f63539e8a89092260e91d3a986,3,0dab0d433f7968fc88e2037fe749d7db4a60bd61,177,177,146,305,0.4787
1220,051caaea378a13f63539e8a89092260e91d3a986,7,22cd67b02930dfc3da3e95743ec3a64e4d36f6d3,1051,1051,304,305,0.9967
1215,d006c3f237eee9dbb095db8ae8a1566c0dddff79,1,b62a13224b1e1ebfa51a710651a05be45b2bc50e,109,109,103,305,0.3377
1215,d006c3f237eee9dbb095db8ae8a1566c0dddff79,2,fddd507508fb4e7862a1931d98720384c742c57a,109,109,103,305,0.3377
1215,d006c3f237eee9dbb095db8ae8a1566c0dddff79,3,0dab0d433f7968fc88e2037fe749d7db4a60bd61,185,185,148,305,0.4852
1215,d006c3f237eee9dbb095db8ae8a1566c0dddff79,7,22cd67b02930dfc3da3e95743ec3a64e4d36f6d3,1059,1059,304,305,0.9967
961,4760da668627d2b843655bb378d749109fee8257,1,b62a13224b1e1ebfa51a710651a05be45b2bc50e,112,112,106,308,0.3442
961,4760da668627d2b843655bb378d749109fee8257,2,fddd507508fb4e7862a1931d98720384c742c57a,112,112,106,308,0.3442
961,4760da668627d2b843655bb378d749109fee8257,3,0dab0d433f7968fc88e2037fe749d7db4a60bd61,188,188,151,308,0.4903
961,4760da668627d2b843655bb378d749109fee8257,7,22cd67b02930dfc3da3e95743ec3a64e4d36f6d3,1062,1062,307,308,0.9968
1340,c05e8644e16fa4a1acd89a9870d111d3616a7781,1,b62a13224b1e1ebfa51a710651a05be45b2bc50e,112,112,106,308,0.3442
1340,c05e8644e16fa4a1acd89a9870d111d3616a7781,2,fddd507508fb4e7862a1931d98720384c742c57a,112,112,106,308,0.3442
1340,c05e8644e16fa4a1acd89a9870d111d3616a7781,3,0dab0d433f7968fc88e2037fe749d7db4a60bd61,188,188,151,308,0.4903
1340,c05e8644e16fa4a1acd89a9870d111d3616a7781,7,22cd67b02930dfc3da3e95743ec3a64e4d36f6d3,1062,1062,307,308,0.9968
1221,e11fff838bcfe5031abd547814f5f728121bc739,1,b62a13224b1e1ebfa51a710651a05be45b2bc50e,114,114,111,308,0.3604
1221,e11fff838bcfe5031abd547814f5f728121bc739,2,fddd507508fb4e7862a1931d98720384c742c57a,114,114,111,308,0.3604
1221,e11fff838bcfe5031abd547814f5f728121bc739,3,0dab0d433f7968fc88e2037fe749d7db4a60bd61,190,190,155,308,0.5032
1221,e11fff838bcfe5031abd547814f5f728121bc739,7,22cd67b02930dfc3da3e95743ec3a64e4d36f6d3,1064,1064,307,308,0.9968
968,e1004763aabd4e05e34e62dd091011d44c3dcf55,1,b62a13224b1e1ebfa51a710651a05be45b2bc50e,114,114,111,308,0.3604
968,e1004763aabd4e05e34e62dd091011d44c3dcf55,2,fddd507508fb4e7862a1931d98720384c742c57a,114,114,111,308,0.3604
968,e1004763aabd4e05e34e62dd091011d44c3dcf55,3,0dab0d433f7968fc88e2037fe749d7db4a60bd61,190,190,155,308,0.5032
968,e1004763aabd4e05e34e62dd091011d44c3dcf55,7,22cd67b02930dfc3da3e95743ec3a64e4d36f6d3,1064,1064,307,308,0.9968
1254,1831033fc51822b6412c0e411355aa4d70d379fa,1,b62a13224b1e1ebfa51a710651a05be45b2bc50e,114,114,111,308,0.3604
1254,1831033fc51822b6412c0e411355aa4d70d379fa,2,fddd507508fb4e7862a1931d98720384c742c57a,114,114,111,308,0.3604
1254,1831033fc51822b6412c0e411355aa4d70d379fa,3,0dab0d433f7968fc88e2037fe749d7db4a60bd61,190,190,155,308,0.5032
1254,1831033fc51822b6412c0e411355aa4d70d379fa,7,22cd67b02930dfc3da3e95743ec3a64e4d36f6d3,1064,1064,307,308,0.9968
1274,740adf1464e58cabfa0b6c2d0c999342f5a7de0f,1,b62a13224b1e1ebfa51a710651a05be45b2bc50e,114,114,111,308,0.3604
1274,740adf1464e58cabfa0b6c2d0c999342f5a7de0f,2,fddd507508fb4e7862a1931d98720384c742c57a,114,114,111,308,0.3604
1274,740adf1464e58cabfa0b6c2d0c999342f5a7de0f,3,0dab0d433f7968fc88e2037fe749d7db4a60bd61,190,190,155,308,0.5032
1274,740adf1464e58cabfa0b6c2d0c999342f5a7de0f,7,22cd67b02930dfc3da3e95743ec3a64e4d36f6d3,1064,1064,307,308,0.9968
1141,6ac46789d25efcec0a0725b50e4d25497767ab7c,1,b62a13224b1e1ebfa51a710651a05be45b2bc50e,115,115,111,308,0.3604
1141,6ac46789d25efcec0a0725b50e4d25497767ab7c,2,fddd507508fb4e7862a1931d98720384c742c57a,115,115,111,308,0.3604
1141,6ac46789d25efcec0a0725b50e4d25497767ab7c,3,0dab0d433f7968fc88e2037fe749d7db4a60bd61,191,191,155,308,0.5032
1141,6ac46789d25efcec0a0725b50e4d25497767ab7c,7,22cd67b02930dfc3da3e95743ec3a64e4d36f6d3,1065,1065,307,308,0.9968
1272,780ca3c9fec9df70f067c8e1b1debd4b1de298fa,1,b62a13224b1e1ebfa51a710651a05be45b2bc50e,118,118,112,308,0.3636
1272,780ca3c9fec9df70f067c8e1b1debd4b1de298fa,2,fddd507508fb4e7862a1931d98720384c742c57a,118,118,112,308,0.3636
1272,780ca3c9fec9df70f067c8e1b1debd4b1de298fa,3,0dab0d433f7968fc88e2037fe749d7db4a60bd61,194,194,155,308,0.5032
1272,780ca3c9fec9df70f067c8e1b1debd4b1de298fa,7,22cd67b02930dfc3da3e95743ec3a64e4d36f6d3,1068,1068,307,308,0.9968
1075,7fa188949e685367cb413086a1ce6a2418b66885,1,b62a13224b1e1ebfa51a710651a05be45b2bc50e,118,118,113,308,0.3669
1075,7fa188949e685367cb413086a1ce6a2418b66885,2,fddd507508fb4e7862a1931d98720384c742c57a,118,118,113,308,0.3669
1075,7fa188949e685367cb413086a1ce6a2418b66885,3,0dab0d433f7968fc88e2037fe749d7db4a60bd61,194,194,156,308,0.5065
1075,7fa188949e685367cb413086a1ce6a2418b66885,7,22cd67b02930dfc3da3e95743ec3a64e4d36f6d3,1068,1068,307,308,0.9968
969,7d05de7c06878e2fc5bfe0a7a6b95a7c5bf2bf50,1,b62a13224b1e1ebfa51a710651a05be45b2bc50e,118,118,113,308,0.3669
969,7d05de7c06878e2fc5bfe0a7a6b95a7c5bf2bf50,2,fddd507508fb4e7862a1931d98720384c742c57a,118,118,113,308,0.3669
969,7d05de7c06878e2fc5bfe0a7a6b95a7c5bf2bf50,3,0dab0d433f7968fc88e2037fe749d7db4a60bd61,194,194,156,308,0.5065
969,7d05de7c06878e2fc5bfe0a7a6b95a7c5bf2bf50,7,22cd67b02930dfc3da3e95743ec3a64e4d36f6d3,1068,1068,307,308,0.9968
1333,40bc3656303732ccb71ac9fdd35c284d7143a4d2,1,b62a13224b1e1ebfa51a710651a05be45b2bc50e,118,118,113,308,0.3669
1333,40bc3656303732ccb71ac9fdd35c284d7143a4d2,2,fddd507508fb4e7862a1931d98720384c742c57a,118,118,113,308,0.3669
1333,40bc3656303732ccb71ac9fdd35c284d7143a4d2,3,0dab0d433f7968fc88e2037fe749d7db4a60bd61,194,194,156,308,0.5065
1333,40bc3656303732ccb71ac9fdd35c284d7143a4d2,7,22cd67b02930dfc3da3e95743ec3a64e4d36f6d3,1068,1068,307,308,0.9968
1273,d1227414955dccc119803eabbb98835fe28dea72,1,b62a13224b1e1ebfa51a710651a05be45b2bc50e,118,118,113,308,0.3669
1273,d1227414955dccc119803eabbb98835fe28dea72,2,fddd507508fb4e7862a1931d98720384c742c57a,118,118,113,308,0.3669
1273,d1227414955dccc119803eabbb98835fe28dea72,3,0dab0d433f7968fc88e2037fe749d7db4a60bd61,194,194,156,308,0.5065
1273,d1227414955dccc119803eabbb98835fe28dea72,7,22cd67b02930dfc3da3e95743ec3a64e4d36f6d3,1068,1068,307,308,0.9968
1161,3ce7534068e5e536e3fae6a078e1b392083d34e6,1,b62a13224b1e1ebfa51a710651a05be45b2bc50e,118,118,116,308,0.3766
1161,3ce7534068e5e536e3fae6a078e1b392083d34e6,2,fddd507508fb4e7862a1931d98720384c742c57a,118,118,116,308,0.3766
1161,3ce7534068e5e536e3fae6a078e1b392083d34e6,3,0dab0d433f7968fc88e2037fe749d7db4a60bd61,194,194,158,308,0.513
1161,3ce7534068e5e536e3fae6a078e1b392083d34e6,7,22cd67b02930dfc3da3e95743ec3a64e4d36f6d3,1068,1068,307,308,0.9968
1300,df10d05821eb7dd6bb047338f82ddd7731bfc2ad,1,b62a13224b1e1ebfa51a710651a05be45b2bc50e,119,119,116,308,0.3766
1300,df10d05821eb7dd6bb047338f82ddd7731bfc2ad,2,fddd507508fb4e7862a1931d98720384c742c57a,119,119,116,308,0.3766
1300,df10d05821eb7dd6bb047338f82ddd7731bfc2ad,3,0dab0d433f7968fc88e2037fe749d7db4a60bd61,195,195,158,308,0.513
1300,df10d05821eb7dd6bb047338f82ddd7731bfc2ad,7,22cd67b02930dfc3da3e95743ec3a64e4d36f6d3,1069,1069,307,308,0.9968
1255,87aa72af70fc9bbff30a56b29990050cd4864949,1,b62a13224b1e1ebfa51a710651a05be45b2bc50e,122,122,119,308,0.3864
1255,87aa72af70fc9bbff30a56b29990050cd4864949,2,fddd507508fb4e7862a1931d98720384c742c57a,122,122,119,308,0.3864
1255,87aa72af70fc9bbff30a56b29990050cd4864949,3,0dab0d433f7968fc88e2037fe749d7db4a60bd61,198,198,161,308,0.5227
1255,87aa72af70fc9bbff30a56b29990050cd4864949,7,22cd67b02930dfc3da3e95743ec3a64e4d36f6d3,1072,1072,307,308,0.9968
1370,4b3b9707e83225c6425708c0f7feeed21010a9bb,1,b62a13224b1e1ebfa51a710651a05be45b2bc50e,122,122,121,308,0.3929
1370,4b3b9707e83225c6425708c0f7feeed21010a9bb,2,fddd507508fb4e7862a1931d98720384c742c57a,122,122,121,308,0.3929
1370,4b3b9707e83225c6425708c0f7feeed21010a9bb,3,0dab0d433f7968fc88e2037fe749d7db4a60bd61,198,198,161,308,0.5227
1370,4b3b9707e83225c6425708c0f7feeed21010a9bb,7,22cd67b02930dfc3da3e95743ec3a64e4d36f6d3,1072,1072,307,308,0.9968
1368,bf8150cf9f7272b5d28d3bc2b1f66b0168efcee1,1,b62a13224b1e1ebfa51a710651a05be45b2bc50e,122,122,122,308,0.3961
1368,bf8150cf9f7272b5d28d3bc2b1f66b0168efcee1,2,fddd507508fb4e7862a1931d98720384c742c57a,122,122,122,308,0.3961
1368,bf8150cf9f7272b5d28d3bc2b1f66b0168efcee1,3,0dab0d433f7968fc88e2037fe749d7db4a60bd61,198,198,162,308,0.526
1368,bf8150cf9f7272b5d28d3bc2b1f66b0168efcee1,7,3429f6791fafd13fe0b313a1f1449106ff0ad0b0,1072,1072,307,308,0.9968
1378,42e70adc399a181d17ac2017e2232f71ca194f56,1,b62a13224b1e1ebfa51a710651a05be45b2bc50e,122,122,122,308,0.3961
1378,42e70adc399a181d17ac2017e2232f71ca194f56,2,fddd507508fb4e7862a1931d98720384c742c57a,122,122,122,308,0.3961
1378,42e70adc399a181d17ac2017e2232f71ca194f56,3,0dab0d433f7968fc88e2037fe749d7db4a60bd61,198,198,162,308,0.526
1378,42e70adc399a181d17ac2017e2232f71ca194f56,7,3429f6791fafd13fe0b313a1f1449106ff0ad0b0,1072,1072,307,308,0.9968
1318,492865178ed21e51034f74c78884641603d07249,1,b62a13224b1e1ebfa51a710651a05be45b2bc50e,122,122,122,308,0.3961
1318,492865178ed21e51034f74c78884641603d07249,2,fddd507508fb4e7862a1931d98720384c742c57a,122,122,122,308,0.3961
1318,492865178ed21e51034f74c78884641603d07249,3,0dab0d433f7968fc88e2037fe749d7db4a60bd61,198,198,162,308,0.526
1318,492865178ed21e51034f74c78884641603d07249,7,3429f6791fafd13fe0b313a1f1449106ff0ad0b0,1072,1072,307,308,0.9968
1369,f7dcb092e7e483f645bdb628cb0984aeeb6388d6,1,b62a13224b1e1ebfa51a710651a05be45b2bc50e,123,123,132,309,0.4272
1369,f7dcb092e7e483f645bdb628cb0984aeeb6388d6,2,fddd507508fb4e7862a1931d98720384c742c57a,123,123,132,309,0.4272
1369,f7dcb092e7e483f645bdb628cb0984aeeb6388d6,3,0dab0d433f7968fc88e2037fe749d7db4a60bd61,199,199,165,309,0.534
1369,f7dcb092e7e483f645bdb628cb0984aeeb6388d6,7,3429f6791fafd13fe0b313a1f1449106ff0ad0b0,1073,1073,308,309,0.9968
1371,c7b562d49978ecf4d626bd73f6b92f98a773db17,1,b62a13224b1e1ebfa51a710651a05be45b2bc50e,123,123,132,309,0.4272
1371,c7b562d49978ecf4d626bd73f6b92f98a773db17,2,fddd507508fb4e7862a1931d98720384c742c57a,123,123,132,309,0.4272
1371,c7b562d49978ecf4d626bd73f6b92f98a773db17,3,0dab0d433f7968fc88e2037fe749d7db4a60bd61,199,199,165,309,0.534
1371,c7b562d49978ecf4d626bd73f6b92f98a773db17,7,517b6ed89b15d5b5a79d352fb5e682172d1c05f1,1073,1073,307,309,0.9935
1317,e81fc18fe3207c162c644eb7f843406267a21895,1,b62a13224b1e1ebfa51a710651a05be45b2bc50e,123,123,137,310,0.4419
1317,e81fc18fe3207c162c644eb7f843406267a21895,2,fddd507508fb4e7862a1931d98720384c742c57a,123,123,137,310,0.4419
1317,e81fc18fe3207c162c644eb7f843406267a21895,3,0dab0d433f7968fc88e2037fe749d7db4a60bd61,199,199,168,310,0.5419
1317,e81fc18fe3207c162c644eb7f843406267a21895,7,a29ae143d6e70239d0d814683ac492aee42cd87d,1073,1073,308,310,0.9935
1289,6f98769f5fa949400b45430df0249bf47ca83cde,1,b62a13224b1e1ebfa51a710651a05be45b2bc50e,127,127,138,310,0.4452
1289,6f98769f5fa949400b45430df0249bf47ca83cde,2,fddd507508fb4e7862a1931d98720384c742c57a,127,127,138,310,0.4452
1289,6f98769f5fa949400b45430df0249bf47ca83cde,3,0dab0d433f7968fc88e2037fe749d7db4a60bd61,203,203,169,310,0.5452
1289,6f98769f5fa949400b45430df0249bf47ca83cde,7,fd56156cf20657ec7c57db2eb06d55c79dd68014,1077,1077,308,310,0.9935
1316,79d17986398a6834e7bbb68ab82c2315d08a73b2,1,b62a13224b1e1ebfa51a710651a05be45b2bc50e,130,130,141,310,0.4548
1316,79d17986398a6834e7bbb68ab82c2315d08a73b2,2,b62a13224b1e1ebfa51a710651a05be45b2bc50e,130,130,141,310,0.4548
1316,79d17986398a6834e7bbb68ab82c2315d08a73b2,3,8388b5776ad45ba6a4bbfcdf545bdbac84aacdb0,205,205,169,310,0.5452
1316,79d17986398a6834e7bbb68ab82c2315d08a73b2,7,e27584bc15cb1d63e050e7a939a5410574adf054,1080,1080,308,310,0.9935
1338,9d19e500522cadd5647edf84a96f8682a9ac9192,1,b62a13224b1e1ebfa51a710651a05be45b2bc50e,141,141,142,311,0.4566
1338,9d19e500522cadd5647edf84a96f8682a9ac9192,2,b62a13224b1e1ebfa51a710651a05be45b2bc50e,141,141,142,311,0.4566
1338,9d19e500522cadd5647edf84a96f8682a9ac9192,3,8fe74a63f383e949470701e4234aa12a514a2b9c,212,212,170,311,0.5466
1338,9d19e500522cadd5647edf84a96f8682a9ac9192,7,e27584bc15cb1d63e050e7a939a5410574adf054,1091,1091,309,311,0.9936
1372,112aecdfbba4c2ccfc367c5db827aafd9ab82584,1,12d2fce994288361703aa3558dc51492d31875b7,140,140,142,311,0.4566
1372,112aecdfbba4c2ccfc367c5db827aafd9ab82584,2,b62a13224b1e1ebfa51a710651a05be45b2bc50e,141,141,142,311,0.4566
1372,112aecdfbba4c2ccfc367c5db827aafd9ab82584,3,201094ea04bcb57771b6a07b23e338d2802827f2,210,210,170,311,0.5466
1372,112aecdfbba4c2ccfc367c5db827aafd9ab82584,7,7af026a6c95fe6e31e56fe65dd053c160843e845,1091,1091,309,311,0.9936
1290,e8f05079c3d354b68a03455621235df3658c7d30,1,c9b10245e97d5fcbd3df81500ef1bbee6bdd6524,145,145,145,312,0.4647
1290,e8f05079c3d354b68a03455621235df3658c7d30,2,b62a13224b1e1ebfa51a710651a05be45b2bc50e,149,149,145,312,0.4647
1290,e8f05079c3d354b68a03455621235df3658c7d30,3,338d7a53f236352f119dc2da4871f71c520f7558,211,211,172,312,0.5513
1290,e8f05079c3d354b68a03455621235df3658c7d30,7,3a0b3768022c6420619128b885f819dc2a5c7dd1,1099,1099,310,312,0.9936
1389,0f1a6026cf82029153afdb31088e6065843fcb8e,1,c9b10245e97d5fcbd3df81500ef1bbee6bdd6524,146,146,146,312,0.4679
1389,0f1a6026cf82029153afdb31088e6065843fcb8e,2,b62a13224b1e1ebfa51a710651a05be45b2bc50e,150,150,146,312,0.4679
1389,0f1a6026cf82029153afdb31088e6065843fcb8e,3,338d7a53f236352f119dc2da4871f71c520f7558,212,212,172,312,0.5513
1389,0f1a6026cf82029153afdb31088e6065843fcb8e,7,3a0b3768022c6420619128b885f819dc2a5c7dd1,1100,1100,310,312,0.9936
648,981f05e9bfee4922649eae8c629cbcfa6ce2fc64,1,a6593fa4241ef52cfdb010efa7c5e812814e00b3,143,143,146,312,0.4679
648,981f05e9bfee4922649eae8c629cbcfa6ce2fc64,2,b62a13224b1e1ebfa51a710651a05be45b2bc50e,151,151,146,312,0.4679
648,981f05e9bfee4922649eae8c629cbcfa6ce2fc64,3,f1a3724a14dd9e9fd3a436135ba0dedd45734263,209,209,169,312,0.5417
648,981f05e9bfee4922649eae8c629cbcfa6ce2fc64,7,63cd2672eda773f8039e5015424d43c3e8ac6344,1101,1101,310,312,0.9936
1329,cc50e670b7e3999c31d08f302a5b58302dc86fbc,1,a6593fa4241ef52cfdb010efa7c5e812814e00b3,144,144,146,312,0.4679
1329,cc50e670b7e3999c31d08f302a5b58302dc86fbc,2,b62a13224b1e1ebfa51a710651a05be45b2bc50e,152,152,146,312,0.4679
1329,cc50e670b7e3999c31d08f302a5b58302dc86fbc,3,f1a3724a14dd9e9fd3a436135ba0dedd45734263,210,210,169,312,0.5417
1329,cc50e670b7e3999c31d08f302a5b58302dc86fbc,7,63cd2672eda773f8039e5015424d43c3e8ac6344,1102,1102,310,312,0.9936
1404,dfdf44569585ad11c307fe1cd8e644be76361566,1,a6593fa4241ef52cfdb010efa7c5e812814e00b3,145,145,146,312,0.4679
1404,dfdf44569585ad11c307fe1cd8e644be76361566,2,b62a13224b1e1ebfa51a710651a05be45b2bc50e,153,153,146,312,0.4679
1404,dfdf44569585ad11c307fe1cd8e644be76361566,3,f1a3724a14dd9e9fd3a436135ba0dedd45734263,211,211,169,312,0.5417
1404,dfdf44569585ad11c307fe1cd8e644be76361566,7,63cd2672eda773f8039e5015424d43c3e8ac6344,1103,1103,310,312,0.9936
1425,8081a8d1dbc4170ad401fd2ae7f7cc0b300f9d06,1,056bf4af32bff9fabe52032939728e8b35754ed5,144,144,146,312,0.4679
1425,8081a8d1dbc4170ad401fd2ae7f7cc0b300f9d06,2,b62a13224b1e1ebfa51a710651a05be45b2bc50e,153,153,146,312,0.4679
1425,8081a8d1dbc4170ad401fd2ae7f7cc0b300f9d06,3,f1a3724a14dd9e9fd3a436135ba0dedd45734263,211,211,169,312,0.5417
1425,8081a8d1dbc4170ad401fd2ae7f7cc0b300f9d06,7,4d8f6b6c32da7bd347de77e360943677cc45391b,1103,1103,310,312,0.9936
1407,ced3aa2389343e047bd0355ab8983365b46f03e3,1,056bf4af32bff9fabe52032939728e8b35754ed5,144,144,146,312,0.4679
1407,ced3aa2389343e047bd0355ab8983365b46f03e3,2,b62a13224b1e1ebfa51a710651a05be45b2bc50e,153,153,146,312,0.4679
1407,ced3aa2389343e047bd0355ab8983365b46f03e3,3,f1a3724a14dd9e9fd3a436135ba0dedd45734263,211,211,169,312,0.5417
1407,ced3aa2389343e047bd0355ab8983365b46f03e3,7,4d8f6b6c32da7bd347de77e360943677cc45391b,1103,1103,310,312,0.9936
1394,8ea16a73f0e2b6de8e5819fbbef7b74eb6b5d08b,1,056bf4af32bff9fabe52032939728e8b35754ed5,144,144,146,312,0.4679
1394,8ea16a73f0e2b6de8e5819fbbef7b74eb6b5d08b,2,b62a13224b1e1ebfa51a710651a05be45b2bc50e,153,153,146,312,0.4679
1394,8ea16a73f0e2b6de8e5819fbbef7b74eb6b5d08b,3,f1a3724a14dd9e9fd3a436135ba0dedd45734263,211,211,169,312,0.5417
1394,8ea16a73f0e2b6de8e5819fbbef7b74eb6b5d08b,7,4d8f6b6c32da7bd347de77e360943677cc45391b,1103,1103,310,312,0.9936
1401,1b99747a0aab14930596501fe3640d75ac4175a5,1,a4692f5aae318e401b68b8d655fdfe233212addc,143,143,146,312,0.4679
1401,1b99747a0aab14930596501fe3640d75ac4175a5,2,b62a13224b1e1ebfa51a710651a05be45b2bc50e,153,153,146,312,0.4679
1401,1b99747a0aab14930596501fe3640d75ac4175a5,3,f1a3724a14dd9e9fd3a436135ba0dedd45734263,211,211,169,312,0.5417
1401,1b99747a0aab14930596501fe3640d75ac4175a5,7,2053244185ce8593ab80ba4f0ef820cc99b2d103,1103,1103,310,312,0.9936
1418,433469e96b4b335b3dbae7bd44c15237b22c8acf,1,a4692f5aae318e401b68b8d655fdfe233212addc,143,143,146,312,0.4679
1418,433469e96b4b335b3dbae7bd44c15237b22c8acf,2,b62a13224b1e1ebfa51a710651a05be45b2bc50e,153,153,146,312,0.4679
1418,433469e96b4b335b3dbae7bd44c15237b22c8acf,3,61fa487f95748cbd3456b9f835cec5efa838b0bf,211,211,169,312,0.5417
1418,433469e96b4b335b3dbae7bd44c15237b22c8acf,7,2053244185ce8593ab80ba4f0ef820cc99b2d103,1103,1103,310,312,0.9936
1265,5870f5c068d02ced969cb59c1c2a2199570ba543,1,e3697ca345c828be0a3b3d40ddf6902ed07776e6,144,144,145,312,0.4647
1265,5870f5c068d02ced969cb59c1c2a2199570ba543,2,b62a13224b1e1ebfa51a710651a05be45b2bc50e,157,157,147,312,0.4712
1265,5870f5c068d02ced969cb59c1c2a2199570ba543,3,61fa487f95748cbd3456b9f835cec5efa838b0bf,215,215,170,312,0.5449
1265,5870f5c068d02ced969cb59c1c2a2199570ba543,7,2053244185ce8593ab80ba4f0ef820cc99b2d103,1107,1107,310,312,0.9936
1320,eae988ff15ad709f16efb0f6d7a100b4a4c5320e,1,5a5f57745d19d4950277d48076757502ab949559,139,139,144,312,0.4615
1320,eae988ff15ad709f16efb0f6d7a100b4a4c5320e,2,b62a13224b1e1ebfa51a710651a05be45b2bc50e,157,157,147,312,0.4712
1320,eae988ff15ad709f16efb0f6d7a100b4a4c5320e,3,7bd4cb3882468a49cf097869e5dc01275d8f18c5,215,215,170,312,0.5449
1320,eae988ff15ad709f16efb0f6d7a100b4a4c5320e,7,781513b355cd51b9228de2d3eef471c87c4a3db4,1107,1107,310,312,0.9936
1337,7f6ea5f7a3a6024a61ce7f88e57d8b7d0eaab183,1,5a5f57745d19d4950277d48076757502ab949559,139,139,144,312,0.4615
1337,7f6ea5f7a3a6024a61ce7f88e57d8b7d0eaab183,2,b62a13224b1e1ebfa51a710651a05be45b2bc50e,157,157,147,312,0.4712
1337,7f6ea5f7a3a6024a61ce7f88e57d8b7d0eaab183,3,7bd4cb3882468a49cf097869e5dc01275d8f18c5,215,215,170,312,0.5449
1337,7f6ea5f7a3a6024a61ce7f88e57d8b7d0eaab183,7,781513b355cd51b9228de2d3eef471c87c4a3db4,1107,1107,310,312,0.9936
1414,9d74de58ddd0457b82400dda5d853147d1db93d9,1,5ba0f9ce5cdab162227296e2a8b925a38b6cc577,132,132,143,312,0.4583
1414,9d74de58ddd0457b82400dda5d853147d1db93d9,2,b62a13224b1e1ebfa51a710651a05be45b2bc50e,157,157,147,312,0.4712
1414,9d74de58ddd0457b82400dda5d853147d1db93d9,3,d52234743bc32c17125d3bb91b82cb09c631d541,206,206,169,312,0.5417
1414,9d74de58ddd0457b82400dda5d853147d1db93d9,7,24647304ec1f6b849f13629332b6cd15a9c00a61,1107,1107,310,312,0.9936
724,52cec2bfa50c15ad4f5e5655f4363a67cdd021dc,1,5ba0f9ce5cdab162227296e2a8b925a38b6cc577,130,130,143,312,0.4583
724,52cec2bfa50c15ad4f5e5655f4363a67cdd021dc,2,b62a13224b1e1ebfa51a710651a05be45b2bc50e,155,155,147,312,0.4712
724,52cec2bfa50c15ad4f5e5655f4363a67cdd021dc,3,d52234743bc32c17125d3bb91b82cb09c631d541,204,204,169,312,0.5417
724,52cec2bfa50c15ad4f5e5655f4363a67cdd021dc,7,24647304ec1f6b849f13629332b6cd15a9c00a61,1100,1100,310,312,0.9936
627,46640f0083dab3c511e63d3783a398034ee02e57,1,a8108d83e8c14b4113098c71a788e2bd82a09cdc,124,124,142,312,0.4551
627,46640f0083dab3c511e63d3783a398034ee02e57,2,b62a13224b1e1ebfa51a710651a05be45b2bc50e,155,155,147,312,0.4712
627,46640f0083dab3c511e63d3783a398034ee02e57,3,241ed01eff97a83386fd2f7ad58c644e48b11993,204,204,169,312,0.5417
627,46640f0083dab3c511e63d3783a398034ee02e57,7,79c2786ad0f1a6dc71bff98367c711dc33775381,1100,1100,309,312,0.9904
1453,8a6d9ed1aff196e6f14f28d2b7f52a6d8ca2f7a8,1,579386724b2cc767dae5d9388d0bb4207b2ac6c4,121,121,142,312,0.4551
1453,8a6d9ed1aff196e6f14f28d2b7f52a6d8ca2f7a8,2,b62a13224b1e1ebfa51a710651a05be45b2bc50e,155,155,147,312,0.4712
1453,8a6d9ed1aff196e6f14f28d2b7f52a6d8ca2f7a8,3,49add659cebea4607cec6d6db7000036ceb1021e,204,204,169,312,0.5417
1453,8a6d9ed1aff196e6f14f28d2b7f52a6d8ca2f7a8,7,79c2786ad0f1a6dc71bff98367c711dc33775381,1100,1100,309,312,0.9904
1412,7fea2d6bedaec2032cee9173022cc133622d8497,1,8171c50a3b852318268879f91cd45003aec4197f,119,119,139,312,0.4455
1412,7fea2d6bedaec2032cee9173022cc133622d8497,2,b62a13224b1e1ebfa51a710651a05be45b2bc50e,155,155,147,312,0.4712
1412,7fea2d6bedaec2032cee9173022cc133622d8497,3,32f5102dca644d33a72ff5656f23bea60b1960e0,201,201,169,312,0.5417
1412,7fea2d6bedaec2032cee9173022cc133622d8497,7,79c2786ad0f1a6dc71bff98367c711dc33775381,1100,1100,309,312,0.9904
1413,ead1223c92fac0687853db39fa31afec4e9d0721,1,774bb446a527b62a55d0bf16f2cfa70cd2aaff38,120,120,139,312,0.4455
1413,ead1223c92fac0687853db39fa31afec4e9d0721,2,b62a13224b1e1ebfa51a710651a05be45b2bc50e,156,156,147,312,0.4712
1413,ead1223c92fac0687853db39fa31afec4e9d0721,3,32f5102dca644d33a72ff5656f23bea60b1960e0,202,202,169,312,0.5417
1413,ead1223c92fac0687853db39fa31afec4e9d0721,7,1f468405959c709e5f5dd3a922ac6cff143fab34,1091,1091,309,312,0.9904
1454,91f1bc3f2f9d7da0f6b508f41a3241d31ae34caa,1,774bb446a527b62a55d0bf16f2cfa70cd2aaff38,122,122,139,312,0.4455
1454,91f1bc3f2f9d7da0f6b508f41a3241d31ae34caa,2,b62a13224b1e1ebfa51a710651a05be45b2bc50e,156,156,147,312,0.4712
1454,91f1bc3f2f9d7da0f6b508f41a3241d31ae34caa,3,32f5102dca644d33a72ff5656f23bea60b1960e0,202,202,169,312,0.5417
1454,91f1bc3f2f9d7da0f6b508f41a3241d31ae34caa,7,1f468405959c709e5f5dd3a922ac6cff143fab34,1079,1079,309,312,0.9904
1456,b455a239fa6c9dfad073ffc0553fa14d42ab62df,1,67d376432d2ed638e7768583c980af91c828b2c1,127,127,141,313,0.4505
1456,b455a239fa6c9dfad073ffc0553fa14d42ab62df,2,b62a13224b1e1ebfa51a710651a05be45b2bc50e,165,165,149,313,0.476
1456,b455a239fa6c9dfad073ffc0553fa14d42ab62df,3,5553649c56a2b0f2ac364365368f65b2729ebfbd,210,210,171,313,0.5463
1456,b455a239fa6c9dfad073ffc0553fa14d42ab62df,7,061796ae781e683ca9062cda9a12365eef47d1e8,1088,1088,310,313,0.9904
1416,05000a7a3136ee37472a5c6ad433f53a6ea713b6,1,5d1e5f4dd28d0e3fe298e6b5d830b2b30671da7f,127,127,141,313,0.4505
1416,05000a7a3136ee37472a5c6ad433f53a6ea713b6,2,b62a13224b1e1ebfa51a710651a05be45b2bc50e,165,165,149,313,0.476
1416,05000a7a3136ee37472a5c6ad433f53a6ea713b6,3,ab3ea709f0326411689fdad0d05c89ce49b198d7,208,208,171,313,0.5463
1416,05000a7a3136ee37472a5c6ad433f53a6ea713b6,7,061796ae781e683ca9062cda9a12365eef47d1e8,1088,1088,310,313,0.9904
1246,086a03b50c679bd6c8f65da0565c7de8c8cc23d3,1,4da034bb9e0eb6a34e917d792043f55d232abfd5,122,122,137,313,0.4377
1246,086a03b50c679bd6c8f65da0565c7de8c8cc23d3,2,b62a13224b1e1ebfa51a710651a05be45b2bc50e,165,165,149,313,0.476
1246,086a03b50c679bd6c8f65da0565c7de8c8cc23d3,3,ab3ea709f0326411689fdad0d05c89ce49b198d7,208,208,171,313,0.5463
1246,086a03b50c679bd6c8f65da0565c7de8c8cc23d3,7,061796ae781e683ca9062cda9a12365eef47d1e8,1088,1088,310,313,0.9904
1455,acc7d12e985848397a7f3ba5accc6cf06b5c83f5,1,4da034bb9e0eb6a34e917d792043f55d232abfd5,122,122,137,313,0.4377
1455,acc7d12e985848397a7f3ba5accc6cf06b5c83f5,2,b62a13224b1e1ebfa51a710651a05be45b2bc50e,165,165,149,313,0.476
1455,acc7d12e985848397a7f3ba5accc6cf06b5c83f5,3,9c219b4fe3cf38d30878d90ba467ae3e13f28299,208,208,164,313,0.524
1455,acc7d12e985848397a7f3ba5accc6cf06b5c83f5,7,061796ae781e683ca9062cda9a12365eef47d1e8,1088,1088,310,313,0.9904
1415,a9397a719885e10fcf44a489c87a2f03fa6cfa1a,1,f31c70d3a7830d4dab49e84334eade4685cd5c2b,132,132,138,313,0.4409
1415,a9397a719885e10fcf44a489c87a2f03fa6cfa1a,2,b62a13224b1e1ebfa51a710651a05be45b2bc50e,175,175,150,313,0.4792
1415,a9397a719885e10fcf44a489c87a2f03fa6cfa1a,3,0ccd80cc22c84d774dd021a82a770392e7640637,218,218,164,313,0.524
1415,a9397a719885e10fcf44a489c87a2f03fa6cfa1a,7,935a56e3f93ce9d38a3424a75627f7c6b796073a,1098,1098,310,313,0.9904
1391,22d0493ffcc196f1e90440389bead2e344922f4d,1,d17aa1708d95496b9d987e77f9bd7d905ebd90bf,133,133,139,313,0.4441
1391,22d0493ffcc196f1e90440389bead2e344922f4d,2,b62a13224b1e1ebfa51a710651a05be45b2bc50e,176,176,150,313,0.4792
1391,22d0493ffcc196f1e90440389bead2e344922f4d,3,cccc181e32d3855d4c312fb1b067c48a6622b338,218,218,163,313,0.5208
1391,22d0493ffcc196f1e90440389bead2e344922f4d,7,4618313ec07fcf554a108c15f22ee845cfdd31f8,1098,1098,310,313,0.9904
1466,baf6427a9afa57b1671accfb9aae23ad26c75d62,1,d17aa1708d95496b9d987e77f9bd7d905ebd90bf,135,135,139,313,0.4441
1466,baf6427a9afa57b1671accfb9aae23ad26c75d62,2,b62a13224b1e1ebfa51a710651a05be45b2bc50e,178,178,150,313,0.4792
1466,baf6427a9afa57b1671accfb9aae23ad26c75d62,3,5976904dc43f18dbd73ad93be0bb04ad12f39255,214,214,163,313,0.5208
1466,baf6427a9afa57b1671accfb9aae23ad26c75d62,7,4618313ec07fcf554a108c15f22ee845cfdd31f8,1100,1100,310,313,0.9904
1277,4d25762072247bc8c1150af5ac0f91839f1e32bc,1,d17aa1708d95496b9d987e77f9bd7d905ebd90bf,135,135,139,313,0.4441
1277,4d25762072247bc8c1150af5ac0f91839f1e32bc,2,b62a13224b1e1ebfa51a710651a05be45b2bc50e,178,178,150,313,0.4792
1277,4d25762072247bc8c1150af5ac0f91839f1e32bc,3,14c0b0e334ee45601e1f7a15d23abfab3c1920df,213,213,163,313,0.5208
1277,4d25762072247bc8c1150af5ac0f91839f1e32bc,7,4618313ec07fcf554a108c15f22ee845cfdd31f8,1100,1100,310,313,0.9904
1392,bfe4edf7e783e37d5564511231ab85b42b667245,1,d17aa1708d95496b9d987e77f9bd7d905ebd90bf,139,139,139,313,0.4441
1392,bfe4edf7e783e37d5564511231ab85b42b667245,2,b62a13224b1e1ebfa51a710651a05be45b2bc50e,182,182,150,313,0.4792
1392,bfe4edf7e783e37d5564511231ab85b42b667245,3,2a6ae8d706f03a6ed48e266754519ee69e1afc49,213,213,162,313,0.5176
1392,bfe4edf7e783e37d5564511231ab85b42b667245,7,4618313ec07fcf554a108c15f22ee845cfdd31f8,1104,1104,310,313,0.9904
1286,7dfc7d7196062b83339dcdb627a79856b2803dec,1,404f127aaaa4a673e92edffb2fab4f7c631f2819,134,134,127,313,0.4058
1286,7dfc7d7196062b83339dcdb627a79856b2803dec,2,b62a13224b1e1ebfa51a710651a05be45b2bc50e,184,184,150,313,0.4792
1286,7dfc7d7196062b83339dcdb627a79856b2803dec,3,3dcd985c1f5fde75a542b1bc5cf44144147af8ac,215,215,161,313,0.5144
1286,7dfc7d7196062b83339dcdb627a79856b2803dec,7,4618313ec07fcf554a108c15f22ee845cfdd31f8,1106,1106,310,313,0.9904
1335,f04e49a4aeb5393856977594c333afdbdf285674,1,32d16860766e7058f7d98e0954369656f43e535e,136,136,127,313,0.4058
1335,f04e49a4aeb5393856977594c333afdbdf285674,2,b62a13224b1e1ebfa51a710651a05be45b2bc50e,186,186,150,313,0.4792
1335,f04e49a4aeb5393856977594c333afdbdf285674,3,48b9f13ccf4f8136e9e8c3a91075f7d5d3aaf70d,216,216,161,313,0.5144
1335,f04e49a4aeb5393856977594c333afdbdf285674,7,4618313ec07fcf554a108c15f22ee845cfdd31f8,1108,1108,310,313,0.9904
1151,50a14d8fbba7a5e60a83d6278e37f5e1b82a4b90,1,295c7400eabaad689de5ccd332159cf57bf658ff,131,131,127,313,0.4058
1151,50a14d8fbba7a5e60a83d6278e37f5e1b82a4b90,2,b62a13224b1e1ebfa51a710651a05be45b2bc50e,186,186,150,313,0.4792
1151,50a14d8fbba7a5e60a83d6278e37f5e1b82a4b90,3,74f15c98ba99ec336667e3c00faa7dc0d07011f0,216,216,161,313,0.5144
1151,50a14d8fbba7a5e60a83d6278e37f5e1b82a4b90,7,4618313ec07fcf554a108c15f22ee845cfdd31f8,1108,1108,310,313,0.9904
1426,a1ed27a6e4da109d850b667afc57d6a832da885c,1,d0329e5476bb2b2195d9e0bbcb6db7571530cb42,127,127,127,313,0.4058
1426,a1ed27a6e4da109d850b667afc57d6a832da885c,2,b62a13224b1e1ebfa51a710651a05be45b2bc50e,187,187,150,313,0.4792
1426,a1ed27a6e4da109d850b667afc57d6a832da885c,3,971e6d2a22e6f3f37651b9eac14d4e4a64097e44,216,216,161,313,0.5144
1426,a1ed27a6e4da109d850b667afc57d6a832da885c,7,4618313ec07fcf554a108c15f22ee845cfdd31f8,1109,1109,310,313,0.9904
1288,fdca35db6056b1a31191eee87f551de66250a11f,1,d0329e5476bb2b2195d9e0bbcb6db7571530cb42,128,128,127,313,0.4058
1288,fdca35db6056b1a31191eee87f551de66250a11f,2,b62a13224b1e1ebfa51a710651a05be45b2bc50e,188,188,150,313,0.4792
1288,fdca35db6056b1a31191eee87f551de66250a11f,3,971e6d2a22e6f3f37651b9eac14d4e4a64097e44,217,217,161,313,0.5144
1288,fdca35db6056b1a31191eee87f551de66250a11f,7,4618313ec07fcf554a108c15f22ee845cfdd31f8,1110,1110,310,313,0.9904
1323,59461a1d0b1bf5d1248403df700b5ea6fc7dc464,1,872a4d3828810c337d9261efd060694292bbb467,127,127,127,313,0.4058
1323,59461a1d0b1bf5d1248403df700b5ea6fc7dc464,2,b62a13224b1e1ebfa51a710651a05be45b2bc50e,188,188,150,313,0.4792
1323,59461a1d0b1bf5d1248403df700b5ea6fc7dc464,3,0889e120d2649627659b8407dd3da741705f8b39,216,216,161,313,0.5144
1323,59461a1d0b1bf5d1248403df700b5ea6fc7dc464,7,4618313ec07fcf554a108c15f22ee845cfdd31f8,1110,1110,310,313,0.9904
630,8945049a3072db74cc5ae37b33c63ec58aca2318,1,872a4d3828810c337d9261efd060694292bbb467,128,128,129,310,0.4161
630,8945049a3072db74cc5ae37b33c63ec58aca2318,2,b62a13224b1e1ebfa51a710651a05be45b2bc50e,189,189,150,310,0.4839
630,8945049a3072db74cc5ae37b33c63ec58aca2318,3,0889e120d2649627659b8407dd3da741705f8b39,211,211,156,310,0.5032
630,8945049a3072db74cc5ae37b33c63ec58aca2318,7,4618313ec07fcf554a108c15f22ee845cfdd31f8,1105,1105,307,310,0.9903
1284,8327e76a2736c0843d323f6ddacd5b84bf00a1f9,1,f9e5e2d7776a83e9a05cc4b6f55e781e97809d37,128,128,129,310,0.4161
1284,8327e76a2736c0843d323f6ddacd5b84bf00a1f9,2,b62a13224b1e1ebfa51a710651a05be45b2bc50e,189,189,150,310,0.4839
1284,8327e76a2736c0843d323f6ddacd5b84bf00a1f9,3,2194c8dd5c806df0fa7b06a11de057890531b558,209,209,156,310,0.5032
1284,8327e76a2736c0843d323f6ddacd5b84bf00a1f9,7,4618313ec07fcf554a108c15f22ee845cfdd31f8,1105,1105,307,310,0.9903
1334,e994a99f750b3f07aee1e3e4eb26d4dec3bc0afc,1,35e75d026c83ecf50afa8460bfae565ca8604938,122,122,136,319,0.4263
1334,e994a99f750b3f07aee1e3e4eb26d4dec3bc0afc,2,b62a13224b1e1ebfa51a710651a05be45b2bc50e,189,189,159,319,0.4984
1334,e994a99f750b3f07aee1e3e4eb26d4dec3bc0afc,3,1b43d6ef0f729a6103699659db440e0ae7da3d87,209,209,165,319,0.5172
1334,e994a99f750b3f07aee1e3e4eb26d4dec3bc0afc,7,3a0483c0b3bbae873e75f087826ee2a6c11aa958,1105,1105,316,319,0.9906
1458,fd30c1851eaff966d8fc9199381e87c5c1d2ba11,1,35e75d026c83ecf50afa8460bfae565ca8604938,122,122,140,319,0.4389
1458,fd30c1851eaff966d8fc9199381e87c5c1d2ba11,2,b62a13224b1e1ebfa51a710651a05be45b2bc50e,189,189,162,319,0.5078
1458,fd30c1851eaff966d8fc9199381e87c5c1d2ba11,3,1b43d6ef0f729a6103699659db440e0ae7da3d87,209,209,168,319,0.5266
1458,fd30c1851eaff966d8fc9199381e87c5c1d2ba11,7,3a0483c0b3bbae873e75f087826ee2a6c11aa958,1105,1105,316,319,0.9906
1310,e850ad3a51e46ba4816175bc1181aec5d3b04091,1,e106042f3c352e813af824d9f7c649f78037e18f,121,121,140,319,0.4389
1310,e850ad3a51e46ba4816175bc1181aec5d3b04091,2,b62a13224b1e1ebfa51a710651a05be45b2bc50e,189,189,162,319,0.5078
1310,e850ad3a51e46ba4816175bc1181aec5d3b04091,3,b502eb9c346a43540f6e3785ae5ef2de8ce20b77,207,207,168,319,0.5266
1310,e850ad3a51e46ba4816175bc1181aec5d3b04091,7,6193376b6897e04b6126d6fed1d0b9eea1fd3203,1105,1105,316,319,0.9906
1319,523ae7ff5e6eaa85879c01de9311dcc244556f35,1,c8271c42c8b248eb7c7d0a6500a03a03ecdbad5c,129,129,141,319,0.442
1319,523ae7ff5e6eaa85879c01de9311dcc244556f35,2,b62a13224b1e1ebfa51a710651a05be45b2bc50e,197,197,163,319,0.511
1319,523ae7ff5e6eaa85879c01de9311dcc244556f35,3,b502eb9c346a43540f6e3785ae5ef2de8ce20b77,215,215,169,319,0.5298
1319,523ae7ff5e6eaa85879c01de9311dcc244556f35,7,01360e566192da457cf2ea776a4ffd720155e555,1113,1113,316,319,0.9906
1420,23c4fefd9d31a1db7ddccc8d23cec94dacaae697,1,6eb41bcbbca3f5b694d653a9df4df74617f36ac5,119,119,141,319,0.442
1420,23c4fefd9d31a1db7ddccc8d23cec94dacaae697,2,b62a13224b1e1ebfa51a710651a05be45b2bc50e,197,197,163,319,0.511
1420,23c4fefd9d31a1db7ddccc8d23cec94dacaae697,3,59f5975377c1b3b71842e8d49b15ea8eb033b1c4,215,215,169,319,0.5298
1420,23c4fefd9d31a1db7ddccc8d23cec94dacaae697,7,d9119bcf5bc5f78b4a45a41a4cd91b35ae27791b,1113,1113,316,319,0.9906
1516,27b7af0c76c24f8bfaa69d8c3fa380982008a404,1,186a7eb499566daca76983f4179a788d10ae8dd8,112,112,137,319,0.4295
1516,27b7af0c76c24f8bfaa69d8c3fa380982008a404,2,b62a13224b1e1ebfa51a710651a05be45b2bc50e,197,197,163,319,0.511
1516,27b7af0c76c24f8bfaa69d8c3fa380982008a404,3,0aec4d9d1b37195ede1dbba58750bb9fc81f5bdb,214,214,171,319,0.5361
1516,27b7af0c76c24f8bfaa69d8c3fa380982008a404,7,8ef15da5075e45e2e8f435ba971a2db389873b01,1113,1113,316,319,0.9906
1422,54fa66da0c7db3778df5d61c770bd2513aa4f72c,1,186a7eb499566daca76983f4179a788d10ae8dd8,112,112,137,319,0.4295
1422,54fa66da0c7db3778df5d61c770bd2513aa4f72c,2,b62a13224b1e1ebfa51a710651a05be45b2bc50e,197,197,163,319,0.511
1422,54fa66da0c7db3778df5d61c770bd2513aa4f72c,3,0aec4d9d1b37195ede1dbba58750bb9fc81f5bdb,214,214,171,319,0.5361
1422,54fa66da0c7db3778df5d61c770bd2513aa4f72c,7,8ef15da5075e45e2e8f435ba971a2db389873b01,1113,1113,316,319,0.9906
1421,3189b7e1ae31c7bbe8479bf608156f205ecba669,1,186a7eb499566daca76983f4179a788d10ae8dd8,112,112,137,319,0.4295
1421,3189b7e1ae31c7bbe8479bf608156f205ecba669,2,b62a13224b1e1ebfa51a710651a05be45b2bc50e,197,197,163,319,0.511
1421,3189b7e1ae31c7bbe8479bf608156f205ecba669,3,344472804e31360a590d3c536f75c17110e20050,214,214,171,319,0.5361
1421,3189b7e1ae31c7bbe8479bf608156f205ecba669,7,c64fc3eca4751067a34efc08afd692dff9503468,1113,1113,316,319,0.9906
1428,33cc04102ae9ad370e5cb30a93f2b0aa6bf81cb8,1,186a7eb499566daca76983f4179a788d10ae8dd8,112,112,137,319,0.4295
1428,33cc04102ae9ad370e5cb30a93f2b0aa6bf81cb8,2,b62a13224b1e1ebfa51a710651a05be45b2bc50e,197,197,163,319,0.511
1428,33cc04102ae9ad370e5cb30a93f2b0aa6bf81cb8,3,344472804e31360a590d3c536f75c17110e20050,214,214,171,319,0.5361
1428,33cc04102ae9ad370e5cb30a93f2b0aa6bf81cb8,7,0d9016ac8da1147f7ffbb60039bf79afd0df67d0,1113,1113,316,319,0.9906
1457,2dc9638ce565a406e17368e45a4b7f682da69aaa,1,186a7eb499566daca76983f4179a788d10ae8dd8,112,112,137,319,0.4295
1457,2dc9638ce565a406e17368e45a4b7f682da69aaa,2,b62a13224b1e1ebfa51a710651a05be45b2bc50e,197,197,163,319,0.511
1457,2dc9638ce565a406e17368e45a4b7f682da69aaa,3,344472804e31360a590d3c536f75c17110e20050,214,214,171,319,0.5361
1457,2dc9638ce565a406e17368e45a4b7f682da69aaa,7,81f7718278d8768906ec808ca59c8016c20785e2,1113,1113,316,319,0.9906
1405,036871ca82b4f4bb3b0872e0aa918466ce2b6578,1,186a7eb499566daca76983f4179a788d10ae8dd8,112,112,137,319,0.4295
1405,036871ca82b4f4bb3b0872e0aa918466ce2b6578,2,b62a13224b1e1ebfa51a710651a05be45b2bc50e,197,197,163,319,0.511
1405,036871ca82b4f4bb3b0872e0aa918466ce2b6578,3,20f6bd62aacd08d13a317cf73d4f82db8fc5b639,213,213,171,319,0.5361
1405,036871ca82b4f4bb3b0872e0aa918466ce2b6578,7,dc50d970d72bb282f7e1a65cd67123c16c5f1b9b,1113,1113,316,319,0.9906
1430,dc433813568dfa0023a7bc69f1fab3c728a59c82,1,186a7eb499566daca76983f4179a788d10ae8dd8,129,129,143,322,0.4441
1430,dc433813568dfa0023a7bc69f1fab3c728a59c82,2,b62a13224b1e1ebfa51a710651a05be45b2bc50e,214,214,167,322,0.5186
1430,dc433813568dfa0023a7bc69f1fab3c728a59c82,3,20f6bd62aacd08d13a317cf73d4f82db8fc5b639,230,230,175,322,0.5435
1430,dc433813568dfa0023a7bc69f1fab3c728a59c82,7,dc50d970d72bb282f7e1a65cd67123c16c5f1b9b,1130,1130,319,322,0.9907
1423,2205c58403a90592a66173c82c143a8881f1e66d,1,be55d13bb9c535b7d4fe2f692a5925765392dfdc,129,129,143,322,0.4441
1423,2205c58403a90592a66173c82c143a8881f1e66d,2,b62a13224b1e1ebfa51a710651a05be45b2bc50e,214,214,167,322,0.5186
1423,2205c58403a90592a66173c82c143a8881f1e66d,3,530b32fb067eb9875b46defe445f9117541f5a79,230,230,173,322,0.5373
1423,2205c58403a90592a66173c82c143a8881f1e66d,7,7124a560951fe4e165176114179cb17ab3b16ac0,1130,1130,319,322,0.9907
1459,3759e2521d5cfb8486d569fc6011609a3a8ac934,1,ab1b00bcba019908c1d5fb04da7f0462041277c7,127,127,141,322,0.4379
1459,3759e2521d5cfb8486d569fc6011609a3a8ac934,2,b62a13224b1e1ebfa51a710651a05be45b2bc50e,214,214,167,322,0.5186
1459,3759e2521d5cfb8486d569fc6011609a3a8ac934,3,5ddbf68e813b0f625200571a9753dd2acf0d86a9,230,230,173,322,0.5373
1459,3759e2521d5cfb8486d569fc6011609a3a8ac934,7,7124a560951fe4e165176114179cb17ab3b16ac0,1130,1130,319,322,0.9907
1503,051fda86d73ee5665aca66030aaf8a0758f3d07e,1,77338d6f20bf298fdd01b6304c66ac6589e85eb2,119,119,140,322,0.4348
1503,051fda86d73ee5665aca66030aaf8a0758f3d07e,2,b62a13224b1e1ebfa51a710651a05be45b2bc50e,214,214,167,322,0.5186
1503,051fda86d73ee5665aca66030aaf8a0758f3d07e,3,eab0ef145082b34b952081bcdbd103a487a7b0b4,230,230,172,322,0.5342
1503,051fda86d73ee5665aca66030aaf8a0758f3d07e,7,e0908649d22f9d37501c14edf94a9d9dbbadab6c,1130,1130,319,322,0.9907
1396,8b612b3a038b0f79a18c5bfb07f702f298c5a0df,1,e50f94300aab28acad62dfac237a1a79c0cea44f,115,115,139,322,0.4317
1396,8b612b3a038b0f79a18c5bfb07f702f298c5a0df,2,b62a13224b1e1ebfa51a710651a05be45b2bc50e,214,214,167,322,0.5186
1396,8b612b3a038b0f79a18c5bfb07f702f298c5a0df,3,c9460d6e618f93130406c2ead5b65dcab5b48b8f,230,230,172,322,0.5342
1396,8b612b3a038b0f79a18c5bfb07f702f298c5a0df,7,9a49951e5ee1281f82546f857a1d474b049fb26e,1130,1130,319,322,0.9907
1433,0b6e00113486f44b4072d3fe9134ceb4465c9c32,1,2cb08f4b0a04594284a7f61b3502b7727f4794b4,120,120,143,322,0.4441
1433,0b6e00113486f44b4072d3fe9134ceb4465c9c32,2,b62a13224b1e1ebfa51a710651a05be45b2bc50e,219,219,171,322,0.5311
1433,0b6e00113486f44b4072d3fe9134ceb4465c9c32,3,c9460d6e618f93130406c2ead5b65dcab5b48b8f,235,235,175,322,0.5435
1433,0b6e00113486f44b4072d3fe9134ceb4465c9c32,7,9a49951e5ee1281f82546f857a1d474b049fb26e,1135,1135,319,322,0.9907
1429,9edb8fd8404a2486a031792869bc160e9a760afb,1,2c90b421a716aa7e0766d629ec9f08224dcc7382,120,120,143,322,0.4441
1429,9edb8fd8404a2486a031792869bc160e9a760afb,2,b62a13224b1e1ebfa51a710651a05be45b2bc50e,219,219,171,322,0.5311
1429,9edb8fd8404a2486a031792869bc160e9a760afb,3,5e2c399cd4c8ccbbba9f0e58a7e43378d46da305,229,229,175,322,0.5435
1429,9edb8fd8404a2486a031792869bc160e9a760afb,7,e374a325bcc0f7a49a913e003f721f6534600952,1135,1135,319,322,0.9907
1395,41010048689ad9dee41f3ddf0950e85dad6c645e,1,fb8170a8d7043edd6836554d88ee6d2434469777,120,120,143,322,0.4441
1395,41010048689ad9dee41f3ddf0950e85dad6c645e,2,b62a13224b1e1ebfa51a710651a05be45b2bc50e,219,219,171,322,0.5311
1395,41010048689ad9dee41f3ddf0950e85dad6c645e,3,bf2b8153eb5883a2303789d27400aa53b89a1b12,229,229,173,322,0.5373
1395,41010048689ad9dee41f3ddf0950e85dad6c645e,7,d593c938e0493c7f1575d9cc747a74255d5e176c,1135,1135,319,322,0.9907
1460,9384cb2599062a51742dd5dd8cbf719601924872,1,fb8170a8d7043edd6836554d88ee6d2434469777,128,128,154,327,0.4709
1460,9384cb2599062a51742dd5dd8cbf719601924872,2,b62a13224b1e1ebfa51a710651a05be45b2bc50e,227,227,180,327,0.5505
1460,9384cb2599062a51742dd5dd8cbf719601924872,3,bf2b8153eb5883a2303789d27400aa53b89a1b12,237,237,182,327,0.5566
1460,9384cb2599062a51742dd5dd8cbf719601924872,7,d593c938e0493c7f1575d9cc747a74255d5e176c,1143,1143,324,327,0.9908
793,2449e081f229b0e661160e095298a840d6c7dc96,1,fb8170a8d7043edd6836554d88ee6d2434469777,128,128,154,327,0.4709
793,2449e081f229b0e661160e095298a840d6c7dc96,2,b62a13224b1e1ebfa51a710651a05be45b2bc50e,227,227,180,327,0.5505
793,2449e081f229b0e661160e095298a840d6c7dc96,3,0e8c4020daa113cddac40504c1a2980d3ea56649,227,227,180,327,0.5505
793,2449e081f229b0e661160e095298a840d6c7dc96,7,16ac1353068e2a199c9891bd7921179935eae27d,1143,1143,324,327,0.9908
1450,ac1e5eb3fe715912b53168234aae4e91692e2a58,1,fb8170a8d7043edd6836554d88ee6d2434469777,130,130,154,327,0.4709
1450,ac1e5eb3fe715912b53168234aae4e91692e2a58,2,b62a13224b1e1ebfa51a710651a05be45b2bc50e,229,229,180,327,0.5505
1450,ac1e5eb3fe715912b53168234aae4e91692e2a58,3,0e8c4020daa113cddac40504c1a2980d3ea56649,229,229,180,327,0.5505
1450,ac1e5eb3fe715912b53168234aae4e91692e2a58,7,18007dc4a1fb92886c74ab0ccfce09a62f246404,1145,1145,324,327,0.9908
1470,7da002932ffb410208b3a966e15b506daa99bc09,1,fb8170a8d7043edd6836554d88ee6d2434469777,130,130,155,327,0.474
1470,7da002932ffb410208b3a966e15b506daa99bc09,2,b62a13224b1e1ebfa51a710651a05be45b2bc50e,229,229,181,327,0.5535
1470,7da002932ffb410208b3a966e15b506daa99bc09,3,fddd507508fb4e7862a1931d98720384c742c57a,229,229,181,327,0.5535
1470,7da002932ffb410208b3a966e15b506daa99bc09,7,73558732a1988eb60b5fef88a234541bb3d57387,1145,1145,324,327,0.9908
1566,9cc92cfcced42ebb75b2699b86b04855141f8d69,1,fb8170a8d7043edd6836554d88ee6d2434469777,130,130,155,327,0.474
1566,9cc92cfcced42ebb75b2699b86b04855141f8d69,2,b62a13224b1e1ebfa51a710651a05be45b2bc50e,229,229,181,327,0.5535
1566,9cc92cfcced42ebb75b2699b86b04855141f8d69,3,fddd507508fb4e7862a1931d98720384c742c57a,229,229,181,327,0.5535
1566,9cc92cfcced42ebb75b2699b86b04855141f8d69,7,73558732a1988eb60b5fef88a234541bb3d57387,1145,1145,324,327,0.9908
1561,0a89645beee92c42cded66a6224cdaf4975769b7,1,471bb76bd66d51e089d22d11816f5c0af556fa03,130,130,155,327,0.474
1561,0a89645beee92c42cded66a6224cdaf4975769b7,2,b62a13224b1e1ebfa51a710651a05be45b2bc50e,229,229,181,327,0.5535
1561,0a89645beee92c42cded66a6224cdaf4975769b7,3,fddd507508fb4e7862a1931d98720384c742c57a,229,229,181,327,0.5535
1561,0a89645beee92c42cded66a6224cdaf4975769b7,7,8a50714534899886ca60ab797e351dbcdc443e92,1145,1145,323,327,0.9878
1567,ae9b41069dac2b61797200873cb1dc67027ed99b,1,471bb76bd66d51e089d22d11816f5c0af556fa03,132,132,155,327,0.474
1567,ae9b41069dac2b61797200873cb1dc67027ed99b,2,b62a13224b1e1ebfa51a710651a05be45b2bc50e,231,231,181,327,0.5535
1567,ae9b41069dac2b61797200873cb1dc67027ed99b,3,fddd507508fb4e7862a1931d98720384c742c57a,231,231,181,327,0.5535
1567,ae9b41069dac2b61797200873cb1dc67027ed99b,7,884b3d56f1d60feffe3113af592523b7406e568a,1147,1147,323,327,0.9878
1399,151a49556925aa7ac19c07b3c5aed97389bd422c,1,e1004763aabd4e05e34e62dd091011d44c3dcf55,120,120,145,328,0.4421
1399,151a49556925aa7ac19c07b3c5aed97389bd422c,2,b62a13224b1e1ebfa51a710651a05be45b2bc50e,232,232,182,328,0.5549
1399,151a49556925aa7ac19c07b3c5aed97389bd422c,3,fddd507508fb4e7862a1931d98720384c742c57a,232,232,182,328,0.5549
1399,151a49556925aa7ac19c07b3c5aed97389bd422c,7,7b84fb78ece7955cd8244e98d5a0d6bc10a3a48a,1148,1148,324,328,0.9878
1436,3bbd120ee7e73d48b74773f93c1fd33e8bd8af60,1,1831033fc51822b6412c0e411355aa4d70d379fa,127,127,147,328,0.4482
1436,3bbd120ee7e73d48b74773f93c1fd33e8bd8af60,2,b62a13224b1e1ebfa51a710651a05be45b2bc50e,239,239,183,328,0.5579
1436,3bbd120ee7e73d48b74773f93c1fd33e8bd8af60,3,fddd507508fb4e7862a1931d98720384c742c57a,239,239,183,328,0.5579
1436,3bbd120ee7e73d48b74773f93c1fd33e8bd8af60,7,83ee9dbb6f7f510dede39504dc61e20a33aa8ff3,1148,1148,324,328,0.9878
1434,4712e2bbf926e04b7686dbac84550d2477ee6754,1,1831033fc51822b6412c0e411355aa4d70d379fa,127,127,147,328,0.4482
1434,4712e2bbf926e04b7686dbac84550d2477ee6754,2,b62a13224b1e1ebfa51a710651a05be45b2bc50e,239,239,183,328,0.5579
1434,4712e2bbf926e04b7686dbac84550d2477ee6754,3,fddd507508fb4e7862a1931d98720384c742c57a,239,239,183,328,0.5579
1434,4712e2bbf926e04b7686dbac84550d2477ee6754,7,6423e7ac9d0bd6cc34c4eb1653e3717955f23684,1148,1148,324,328,0.9878
1379,0045125d37c88e87f55b803efcc06a18ecb49b23,1,740adf1464e58cabfa0b6c2d0c999342f5a7de0f,126,126,147,328,0.4482
1379,0045125d37c88e87f55b803efcc06a18ecb49b23,2,b62a13224b1e1ebfa51a710651a05be45b2bc50e,239,239,183,328,0.5579
1379,0045125d37c88e87f55b803efcc06a18ecb49b23,3,fddd507508fb4e7862a1931d98720384c742c57a,239,239,183,328,0.5579
1379,0045125d37c88e87f55b803efcc06a18ecb49b23,7,5fee4171e75b48d1419b0d34f97e1f35879bfcc8,1148,1148,324,328,0.9878
1410,cd454a8ce5459e011c534a354885cf2e90c25979,1,42e70adc399a181d17ac2017e2232f71ca194f56,120,120,133,328,0.4055
1410,cd454a8ce5459e011c534a354885cf2e90c25979,2,b62a13224b1e1ebfa51a710651a05be45b2bc50e,239,239,183,328,0.5579
1410,cd454a8ce5459e011c534a354885cf2e90c25979,3,fddd507508fb4e7862a1931d98720384c742c57a,239,239,183,328,0.5579
1410,cd454a8ce5459e011c534a354885cf2e90c25979,7,cad4881ec858978c5f5bb2f8bb18324636e1b77e,808,786,323,328,0.9848
1417,4d5693a9de36162bc36148b5cb16c3174c3b6b5b,1,f7dcb092e7e483f645bdb628cb0984aeeb6388d6,119,119,132,328,0.4024
1417,4d5693a9de36162bc36148b5cb16c3174c3b6b5b,2,b62a13224b1e1ebfa51a710651a05be45b2bc50e,239,239,183,328,0.5579
1417,4d5693a9de36162bc36148b5cb16c3174c3b6b5b,3,fddd507508fb4e7862a1931d98720384c742c57a,239,239,183,328,0.5579
1417,4d5693a9de36162bc36148b5cb16c3174c3b6b5b,7,cad4881ec858978c5f5bb2f8bb18324636e1b77e,808,786,323,328,0.9848
1398,303aeaf857fefed6359f694fa8fb55a0dca46839,1,f7dcb092e7e483f645bdb628cb0984aeeb6388d6,119,119,132,328,0.4024
1398,303aeaf857fefed6359f694fa8fb55a0dca46839,2,b62a13224b1e1ebfa51a710651a05be45b2bc50e,239,239,183,328,0.5579
1398,303aeaf857fefed6359f694fa8fb55a0dca46839,3,fddd507508fb4e7862a1931d98720384c742c57a,239,239,183,328,0.5579
1398,303aeaf857fefed6359f694fa8fb55a0dca46839,7,93bc8801b2a5be0b60a20bb7675416c62da77986,806,784,323,328,0.9848
1560,0c5f042ef4fce6c26be7ce3f48a5819b3673e2a4,1,6f98769f5fa949400b45430df0249bf47ca83cde,113,113,129,329,0.3921
1560,0c5f042ef4fce6c26be7ce3f48a5819b3673e2a4,2,b62a13224b1e1ebfa51a710651a05be45b2bc50e,240,240,185,329,0.5623
1560,0c5f042ef4fce6c26be7ce3f48a5819b3673e2a4,3,fddd507508fb4e7862a1931d98720384c742c57a,240,240,185,329,0.5623
1560,0c5f042ef4fce6c26be7ce3f48a5819b3673e2a4,7,e91193d837c04ac5bbf7059e8f513f08591101a0,804,782,324,329,0.9848
1397,2e9c6445e0f1a65c8291e824e93985f5e502f790,1,6f98769f5fa949400b45430df0249bf47ca83cde,115,115,129,329,0.3921
1397,2e9c6445e0f1a65c8291e824e93985f5e502f790,2,b62a13224b1e1ebfa51a710651a05be45b2bc50e,242,242,185,329,0.5623
1397,2e9c6445e0f1a65c8291e824e93985f5e502f790,3,b62a13224b1e1ebfa51a710651a05be45b2bc50e,242,242,185,329,0.5623
1397,2e9c6445e0f1a65c8291e824e93985f5e502f790,7,fe73ada8b7f09ba4445b0a80a4a0e8e48bc4db47,803,781,324,329,0.9848
1364,6c1b6760b0ecfab09286ecbe91bf1947f944222a,1,9d19e500522cadd5647edf84a96f8682a9ac9192,116,116,129,330,0.3909
1364,6c1b6760b0ecfab09286ecbe91bf1947f944222a,2,2ae2c673a81ca2159dad06ea6d03a1b4c91b3ee0,250,250,186,330,0.5636
1364,6c1b6760b0ecfab09286ecbe91bf1947f944222a,3,b62a13224b1e1ebfa51a710651a05be45b2bc50e,250,250,186,330,0.5636
1364,6c1b6760b0ecfab09286ecbe91bf1947f944222a,7,2693f34d4422f1149db3b308e976241c1c6938f5,805,783,325,330,0.9848
1435,68494cc54c702205db2bdaad21f3550f23471f9a,1,e8f05079c3d354b68a03455621235df3658c7d30,107,107,123,330,0.3727
1435,68494cc54c702205db2bdaad21f3550f23471f9a,2,c9b10245e97d5fcbd3df81500ef1bbee6bdd6524,246,246,186,330,0.5636
1435,68494cc54c702205db2bdaad21f3550f23471f9a,3,b62a13224b1e1ebfa51a710651a05be45b2bc50e,250,250,186,330,0.5636
1435,68494cc54c702205db2bdaad21f3550f23471f9a,7,e8dac33a42db8e7e4097ee283f9da35109261df2,800,778,324,330,0.9818
1533,c0986d7dff7f7421dca7bb0b5a84595e794bc932,1,0f1a6026cf82029153afdb31088e6065843fcb8e,107,107,123,330,0.3727
1533,c0986d7dff7f7421dca7bb0b5a84595e794bc932,2,a6593fa4241ef52cfdb010efa7c5e812814e00b3,245,245,186,330,0.5636
1533,c0986d7dff7f7421dca7bb0b5a84595e794bc932,3,b62a13224b1e1ebfa51a710651a05be45b2bc50e,251,251,186,330,0.5636
1533,c0986d7dff7f7421dca7bb0b5a84595e794bc932,7,59ce66b50b544e475f54a13d8871ea93b2a61457,801,779,324,330,0.9818
1581,b900af612ed317d83eeac04b402ef05944b55a3e,1,981f05e9bfee4922649eae8c629cbcfa6ce2fc64,110,110,125,331,0.3776
1581,b900af612ed317d83eeac04b402ef05944b55a3e,2,a6593fa4241ef52cfdb010efa7c5e812814e00b3,249,249,187,331,0.565
1581,b900af612ed317d83eeac04b402ef05944b55a3e,3,b62a13224b1e1ebfa51a710651a05be45b2bc50e,255,255,187,331,0.565
1581,b900af612ed317d83eeac04b402ef05944b55a3e,7,d74f6bb68f6bdf8fa499e8c82c8e7c3cc30cf752,804,782,325,331,0.9819
1589,9a7c0627bf1ae6cc36fb65f03eb8e43fd9345d8c,1,981f05e9bfee4922649eae8c629cbcfa6ce2fc64,110,110,125,331,0.3776
1589,9a7c0627bf1ae6cc36fb65f03eb8e43fd9345d8c,2,a6593fa4241ef52cfdb010efa7c5e812814e00b3,249,249,187,331,0.565
1589,9a7c0627bf1ae6cc36fb65f03eb8e43fd9345d8c,3,b62a13224b1e1ebfa51a710651a05be45b2bc50e,255,255,187,331,0.565
1589,9a7c0627bf1ae6cc36fb65f03eb8e43fd9345d8c,7,654e594a563ae0ffef41d9c6568810787e1410cd,804,782,325,331,0.9819
1582,679d2fcf8529b731fefe83b2acfff79ef4a10615,1,dfdf44569585ad11c307fe1cd8e644be76361566,109,109,125,331,0.3776
1582,679d2fcf8529b731fefe83b2acfff79ef4a10615,2,056bf4af32bff9fabe52032939728e8b35754ed5,248,248,187,331,0.565
1582,679d2fcf8529b731fefe83b2acfff79ef4a10615,3,b62a13224b1e1ebfa51a710651a05be45b2bc50e,255,255,187,331,0.565
1582,679d2fcf8529b731fefe83b2acfff79ef4a10615,7,479ef8c356bbe61688d6b6b9433e372f71766631,797,775,325,331,0.9819
1586,39c2dc7bdd8287fee7ef0c70e1393b5f1e3bc6c1,1,1b99747a0aab14930596501fe3640d75ac4175a5,109,109,124,331,0.3746
1586,39c2dc7bdd8287fee7ef0c70e1393b5f1e3bc6c1,2,a4692f5aae318e401b68b8d655fdfe233212addc,247,247,187,331,0.565
1586,39c2dc7bdd8287fee7ef0c70e1393b5f1e3bc6c1,3,b62a13224b1e1ebfa51a710651a05be45b2bc50e,255,255,187,331,0.565
1586,39c2dc7bdd8287fee7ef0c70e1393b5f1e3bc6c1,7,0ed7cfb6da181b48a2a045ffb37d4a9d0e1f7ef7,792,770,324,331,0.9789
1232,7031121e3bc371707d2c362f4e3efe38073d4688,1,5870f5c068d02ced969cb59c1c2a2199570ba543,105,105,123,331,0.3716
1232,7031121e3bc371707d2c362f4e3efe38073d4688,2,e3697ca345c828be0a3b3d40ddf6902ed07776e6,244,244,186,331,0.5619
1232,7031121e3bc371707d2c362f4e3efe38073d4688,3,b62a13224b1e1ebfa51a710651a05be45b2bc50e,255,255,187,331,0.565
1232,7031121e3bc371707d2c362f4e3efe38073d4688,7,60c1b28e54b88d150d693db85133a57dff92be60,791,769,324,331,0.9789
1588,acbd33b7105a9fabf65366e4d35d372a72a3b278,1,5870f5c068d02ced969cb59c1c2a2199570ba543,106,106,124,332,0.3735
1588,acbd33b7105a9fabf65366e4d35d372a72a3b278,2,80e3a432ad79544ffc7678c1fe4b38bdaa41177e,242,242,187,332,0.5633
1588,acbd33b7105a9fabf65366e4d35d372a72a3b278,3,b62a13224b1e1ebfa51a710651a05be45b2bc50e,256,256,188,332,0.5663
1588,acbd33b7105a9fabf65366e4d35d372a72a3b278,7,62d24ed7d529bc32f6ece84c008c7c599fe86e7a,791,769,325,332,0.9789
1587,bc282009bc5f6e736e8bc685d961a5d9b24a76ab,1,5870f5c068d02ced969cb59c1c2a2199570ba543,106,106,124,332,0.3735
1587,bc282009bc5f6e736e8bc685d961a5d9b24a76ab,2,157c74432c727e9671290565e1eae4c29c8e7b4e,242,242,187,332,0.5633
1587,bc282009bc5f6e736e8bc685d961a5d9b24a76ab,3,b62a13224b1e1ebfa51a710651a05be45b2bc50e,256,256,188,332,0.5663
1587,bc282009bc5f6e736e8bc685d961a5d9b24a76ab,7,d86664005d252fdb87dad2e17ceac04cbd39fd6f,791,769,325,332,0.9789
1518,bfe5f9935649d81943ec639e23d34c9480da851a,1,7f6ea5f7a3a6024a61ce7f88e57d8b7d0eaab183,107,107,124,332,0.3735
1518,bfe5f9935649d81943ec639e23d34c9480da851a,2,5a5f57745d19d4950277d48076757502ab949559,241,241,187,332,0.5633
1518,bfe5f9935649d81943ec639e23d34c9480da851a,3,b62a13224b1e1ebfa51a710651a05be45b2bc50e,257,257,188,332,0.5663
1518,bfe5f9935649d81943ec639e23d34c9480da851a,7,50269fd778ca50f7ab7abc0c352cd1b6157b74f6,792,770,325,332,0.9789
1461,b626e1317f09f9cb22c5c63fe9a9f7ffcb25dd28,1,7f6ea5f7a3a6024a61ce7f88e57d8b7d0eaab183,108,108,124,332,0.3735
1461,b626e1317f09f9cb22c5c63fe9a9f7ffcb25dd28,2,5a5f57745d19d4950277d48076757502ab949559,242,242,187,332,0.5633
1461,b626e1317f09f9cb22c5c63fe9a9f7ffcb25dd28,3,b62a13224b1e1ebfa51a710651a05be45b2bc50e,258,258,188,332,0.5663
1461,b626e1317f09f9cb22c5c63fe9a9f7ffcb25dd28,7,50269fd778ca50f7ab7abc0c352cd1b6157b74f6,793,771,325,332,0.9789
1345,071f8311dd1a87cd130d339620ce3a6f66042da7,1,52cec2bfa50c15ad4f5e5655f4363a67cdd021dc,106,106,124,332,0.3735
1345,071f8311dd1a87cd130d339620ce3a6f66042da7,2,a8108d83e8c14b4113098c71a788e2bd82a09cdc,229,229,186,332,0.5602
1345,071f8311dd1a87cd130d339620ce3a6f66042da7,3,b62a13224b1e1ebfa51a710651a05be45b2bc50e,258,258,188,332,0.5663
1345,071f8311dd1a87cd130d339620ce3a6f66042da7,7,c50e8e9460cc0286fead44b49d4a1c5c51124f15,787,765,324,332,0.9759
1247,a6de115b148bf2ed1ad6928c3a22af031a56e31b,1,52cec2bfa50c15ad4f5e5655f4363a67cdd021dc,106,106,124,332,0.3735
1247,a6de115b148bf2ed1ad6928c3a22af031a56e31b,2,a8108d83e8c14b4113098c71a788e2bd82a09cdc,229,229,186,332,0.5602
1247,a6de115b148bf2ed1ad6928c3a22af031a56e31b,3,b62a13224b1e1ebfa51a710651a05be45b2bc50e,258,258,188,332,0.5663
1247,a6de115b148bf2ed1ad6928c3a22af031a56e31b,7,d75028656f5033d3e8f681bb207f770d43232aed,786,764,324,332,0.9759
1269,a4452e971c7bb9d2d1cdb1c154a8a4e3078aa7e4,1,8a6d9ed1aff196e6f14f28d2b7f52a6d8ca2f7a8,107,107,127,332,0.3825
1269,a4452e971c7bb9d2d1cdb1c154a8a4e3078aa7e4,2,579386724b2cc767dae5d9388d0bb4207b2ac6c4,227,227,188,332,0.5663
1269,a4452e971c7bb9d2d1cdb1c154a8a4e3078aa7e4,3,b62a13224b1e1ebfa51a710651a05be45b2bc50e,259,259,189,332,0.5693
1269,a4452e971c7bb9d2d1cdb1c154a8a4e3078aa7e4,7,608a3b9ce68eed11802266bc154901155ddc3385,784,762,324,332,0.9759
1500,ab8e0ce26d82a8eda04d476dc89609406a9cde3d,1,8a6d9ed1aff196e6f14f28d2b7f52a6d8ca2f7a8,107,107,129,332,0.3886
1500,ab8e0ce26d82a8eda04d476dc89609406a9cde3d,2,407c8e7e191e84b8d4a250f752acf2cfd4d7d979,226,226,188,332,0.5663
1500,ab8e0ce26d82a8eda04d476dc89609406a9cde3d,3,b62a13224b1e1ebfa51a710651a05be45b2bc50e,259,259,189,332,0.5693
1500,ab8e0ce26d82a8eda04d476dc89609406a9cde3d,7,506206d3c14e472416d46ff0f69f59dcd2bb7e9e,784,762,324,332,0.9759
1531,a1ffea30ed6d809d1dda29bfb5fe8bb0a7116613,1,8a6d9ed1aff196e6f14f28d2b7f52a6d8ca2f7a8,107,107,129,332,0.3886
1531,a1ffea30ed6d809d1dda29bfb5fe8bb0a7116613,2,407c8e7e191e84b8d4a250f752acf2cfd4d7d979,226,226,188,332,0.5663
1531,a1ffea30ed6d809d1dda29bfb5fe8bb0a7116613,3,b62a13224b1e1ebfa51a710651a05be45b2bc50e,259,259,189,332,0.5693
1531,a1ffea30ed6d809d1dda29bfb5fe8bb0a7116613,7,506206d3c14e472416d46ff0f69f59dcd2bb7e9e,784,762,324,332,0.9759
1402,0ca5036989b4d3dfb4fda845315dbcba48f503ef,1,8a6d9ed1aff196e6f14f28d2b7f52a6d8ca2f7a8,107,107,129,332,0.3886
1402,0ca5036989b4d3dfb4fda845315dbcba48f503ef,2,8171c50a3b852318268879f91cd45003aec4197f,225,225,188,332,0.5663
1402,0ca5036989b4d3dfb4fda845315dbcba48f503ef,3,b62a13224b1e1ebfa51a710651a05be45b2bc50e,259,259,189,332,0.5693
1402,0ca5036989b4d3dfb4fda845315dbcba48f503ef,7,506206d3c14e472416d46ff0f69f59dcd2bb7e9e,784,762,324,332,0.9759
1424,82559e7d4cf85ba4c5a75df484a1c946c6172415,1,ead1223c92fac0687853db39fa31afec4e9d0721,104,104,128,332,0.3855
1424,82559e7d4cf85ba4c5a75df484a1c946c6172415,2,774bb446a527b62a55d0bf16f2cfa70cd2aaff38,225,225,188,332,0.5663
1424,82559e7d4cf85ba4c5a75df484a1c946c6172415,3,b62a13224b1e1ebfa51a710651a05be45b2bc50e,259,259,189,332,0.5693
1424,82559e7d4cf85ba4c5a75df484a1c946c6172415,7,3da02443c98f1aa321bab7f02a598b1cd6b6a10f,779,757,324,332,0.9759
1519,e465d467ae1064250796350ce92c0927fac8f5bd,1,b455a239fa6c9dfad073ffc0553fa14d42ab62df,95,95,129,332,0.3886
1519,e465d467ae1064250796350ce92c0927fac8f5bd,2,67d376432d2ed638e7768583c980af91c828b2c1,221,221,188,332,0.5663
1519,e465d467ae1064250796350ce92c0927fac8f5bd,3,b62a13224b1e1ebfa51a710651a05be45b2bc50e,259,259,189,332,0.5693
1519,e465d467ae1064250796350ce92c0927fac8f5bd,7,763369c9276dd1719d6851c17be2c929ccb58ae7,775,753,323,332,0.9729
1579,d60b70d1b21e4e1e2020104cb33a1acc9c263ac9,1,086a03b50c679bd6c8f65da0565c7de8c8cc23d3,97,97,133,332,0.4006
1579,d60b70d1b21e4e1e2020104cb33a1acc9c263ac9,2,4da034bb9e0eb6a34e917d792043f55d232abfd5,218,218,191,332,0.5753
1579,d60b70d1b21e4e1e2020104cb33a1acc9c263ac9,3,b62a13224b1e1ebfa51a710651a05be45b2bc50e,261,261,193,332,0.5813
1579,d60b70d1b21e4e1e2020104cb33a1acc9c263ac9,7,6e93a15617c908c9c4c04dfcc6b83db923cebd0c,775,753,322,332,0.9699
1545,52b7d1a53ae62e293e728facd4b5c7a45896c841,1,acc7d12e985848397a7f3ba5accc6cf06b5c83f5,87,87,133,332,0.4006
1545,52b7d1a53ae62e293e728facd4b5c7a45896c841,2,4da034bb9e0eb6a34e917d792043f55d232abfd5,218,218,191,332,0.5753
1545,52b7d1a53ae62e293e728facd4b5c7a45896c841,3,b62a13224b1e1ebfa51a710651a05be45b2bc50e,261,261,193,332,0.5813
1545,52b7d1a53ae62e293e728facd4b5c7a45896c841,7,3be99ccdc8d12b722736734b6bf64dc070c73b87,773,751,322,332,0.9699
1427,f549a9580b80ea33ba5ffe0fb4c9476f4db3da25,1,a9397a719885e10fcf44a489c87a2f03fa6cfa1a,86,86,132,332,0.3976
1427,f549a9580b80ea33ba5ffe0fb4c9476f4db3da25,2,f31c70d3a7830d4dab49e84334eade4685cd5c2b,218,218,191,332,0.5753
1427,f549a9580b80ea33ba5ffe0fb4c9476f4db3da25,3,b62a13224b1e1ebfa51a710651a05be45b2bc50e,261,261,193,332,0.5813
1427,f549a9580b80ea33ba5ffe0fb4c9476f4db3da25,7,d98f5b83db7734f6d89c37208860c76ead26741b,771,749,322,332,0.9699
251,f54a534bd6afd6a4949d0cf5805a6fcb4d60e182,1,22d0493ffcc196f1e90440389bead2e344922f4d,85,85,132,332,0.3976
251,f54a534bd6afd6a4949d0cf5805a6fcb4d60e182,2,d17aa1708d95496b9d987e77f9bd7d905ebd90bf,219,219,191,332,0.5753
251,f54a534bd6afd6a4949d0cf5805a6fcb4d60e182,3,b62a13224b1e1ebfa51a710651a05be45b2bc50e,262,262,193,332,0.5813
251,f54a534bd6afd6a4949d0cf5805a6fcb4d60e182,7,ddb7711c471bdba7afbb9abfc45d884f6f0c7055,769,747,320,332,0.9639
1479,eeb575c60513910128a1afd868548def0ad4253c,1,baf6427a9afa57b1671accfb9aae23ad26c75d62,85,85,137,333,0.4114
1479,eeb575c60513910128a1afd868548def0ad4253c,2,d17aa1708d95496b9d987e77f9bd7d905ebd90bf,219,219,194,333,0.5826
1479,eeb575c60513910128a1afd868548def0ad4253c,3,b62a13224b1e1ebfa51a710651a05be45b2bc50e,262,262,196,333,0.5886
1479,eeb575c60513910128a1afd868548def0ad4253c,7,710070025593a0cf21ed8d8b311a81e40fc3c1a2,769,747,321,333,0.964
1193,d69b066caddd4c0d61427448828ae4b62862348e,1,4d25762072247bc8c1150af5ac0f91839f1e32bc,84,84,142,334,0.4251
1193,d69b066caddd4c0d61427448828ae4b62862348e,2,d17aa1708d95496b9d987e77f9bd7d905ebd90bf,222,222,199,334,0.5958
1193,d69b066caddd4c0d61427448828ae4b62862348e,3,b62a13224b1e1ebfa51a710651a05be45b2bc50e,265,265,201,334,0.6018
1193,d69b066caddd4c0d61427448828ae4b62862348e,7,5f6de74e64ee135802056bfaa87f9bcef3cf20fc,768,746,320,334,0.9581
774,a50117a52171753796506414ae0d165c9c33f067,1,bfe4edf7e783e37d5564511231ab85b42b667245,82,82,142,334,0.4251
774,a50117a52171753796506414ae0d165c9c33f067,2,404f127aaaa4a673e92edffb2fab4f7c631f2819,215,215,189,334,0.5659
774,a50117a52171753796506414ae0d165c9c33f067,3,b62a13224b1e1ebfa51a710651a05be45b2bc50e,265,265,201,334,0.6018
774,a50117a52171753796506414ae0d165c9c33f067,7,beb15eecf879d3ab47d6452916830d708f6509fa,768,746,320,334,0.9581
1188,717b69900030c6a55921e73b42c5a0167fadca15,1,50a14d8fbba7a5e60a83d6278e37f5e1b82a4b90,80,80,143,334,0.4281
1188,717b69900030c6a55921e73b42c5a0167fadca15,2,d0329e5476bb2b2195d9e0bbcb6db7571530cb42,206,206,190,334,0.5689
1188,717b69900030c6a55921e73b42c5a0167fadca15,3,b62a13224b1e1ebfa51a710651a05be45b2bc50e,266,266,202,334,0.6048
1188,717b69900030c6a55921e73b42c5a0167fadca15,7,4c64d45fb4eaa90ddec46ba0ebf56bb0e0194fa3,768,746,319,334,0.9551
1478,1e47d6f51298a0e490b933a79febf3c91ad20578,1,8327e76a2736c0843d323f6ddacd5b84bf00a1f9,78,78,131,334,0.3922
1478,1e47d6f51298a0e490b933a79febf3c91ad20578,2,2cef52ccd977985aeef5077e3318ccf83e0eb8b7,203,203,190,334,0.5689
1478,1e47d6f51298a0e490b933a79febf3c91ad20578,3,b62a13224b1e1ebfa51a710651a05be45b2bc50e,266,266,203,334,0.6078
1478,1e47d6f51298a0e490b933a79febf3c91ad20578,7,02f52089968b4ac55bc40e2e6a6e6528fc59bf5c,767,745,319,334,0.9551
775,2c480346b93596aa579f63854dd4555deff46418,1,8327e76a2736c0843d323f6ddacd5b84bf00a1f9,79,79,131,334,0.3922
775,2c480346b93596aa579f63854dd4555deff46418,2,445d1584e70d329a02467d2d2dc665440c52bc2f,201,201,190,334,0.5689
775,2c480346b93596aa579f63854dd4555deff46418,3,b62a13224b1e1ebfa51a710651a05be45b2bc50e,267,267,203,334,0.6078
775,2c480346b93596aa579f63854dd4555deff46418,7,02f52089968b4ac55bc40e2e6a6e6528fc59bf5c,768,746,319,334,0.9551
1328,e26167df62712b881e0d10407f10a142e68c8e37,1,8327e76a2736c0843d323f6ddacd5b84bf00a1f9,81,81,132,334,0.3952
1328,e26167df62712b881e0d10407f10a142e68c8e37,2,445d1584e70d329a02467d2d2dc665440c52bc2f,203,203,191,334,0.5719
1328,e26167df62712b881e0d10407f10a142e68c8e37,3,b62a13224b1e1ebfa51a710651a05be45b2bc50e,269,269,204,334,0.6108
1328,e26167df62712b881e0d10407f10a142e68c8e37,7,02f52089968b4ac55bc40e2e6a6e6528fc59bf5c,770,748,319,334,0.9551
1580,adec1449f2db4908d5d08b1af472f39cc1dbd40a,1,8327e76a2736c0843d323f6ddacd5b84bf00a1f9,82,82,132,334,0.3952
1580,adec1449f2db4908d5d08b1af472f39cc1dbd40a,2,5ea7186cf154e8bd39beeb86e92fc59e999c70b0,204,204,191,334,0.5719
1580,adec1449f2db4908d5d08b1af472f39cc1dbd40a,3,b62a13224b1e1ebfa51a710651a05be45b2bc50e,270,270,204,334,0.6108
1580,adec1449f2db4908d5d08b1af472f39cc1dbd40a,7,02f52089968b4ac55bc40e2e6a6e6528fc59bf5c,771,749,319,334,0.9551
1484,798e92a0b5c32809449343c9898705e0b79759a8,1,fd30c1851eaff966d8fc9199381e87c5c1d2ba11,87,87,128,334,0.3832
1484,798e92a0b5c32809449343c9898705e0b79759a8,2,f3e047e197334d2d6f8a19616e654c5762a9ab6f,208,208,190,334,0.5689
1484,798e92a0b5c32809449343c9898705e0b79759a8,3,b62a13224b1e1ebfa51a710651a05be45b2bc50e,275,275,204,334,0.6108
1484,798e92a0b5c32809449343c9898705e0b79759a8,7,fb59f75fc8c1b5b25a9fb21296ec512ef8fbc47d,775,753,319,334,0.9551
1400,8279f86b9d0335734b01d2055566b041868a652d,1,fd30c1851eaff966d8fc9199381e87c5c1d2ba11,88,88,129,334,0.3862
1400,8279f86b9d0335734b01d2055566b041868a652d,2,f3e047e197334d2d6f8a19616e654c5762a9ab6f,209,209,191,334,0.5719
1400,8279f86b9d0335734b01d2055566b041868a652d,3,b62a13224b1e1ebfa51a710651a05be45b2bc50e,276,276,205,334,0.6138
1400,8279f86b9d0335734b01d2055566b041868a652d,7,fb59f75fc8c1b5b25a9fb21296ec512ef8fbc47d,776,754,319,334,0.9551
1482,6f64d11320b2069bcd93a34ad28ac15bb5179bc4,1,fd30c1851eaff966d8fc9199381e87c5c1d2ba11,88,88,129,334,0.3862
1482,6f64d11320b2069bcd93a34ad28ac15bb5179bc4,2,e106042f3c352e813af824d9f7c649f78037e18f,208,208,191,334,0.5719
1482,6f64d11320b2069bcd93a34ad28ac15bb5179bc4,3,b62a13224b1e1ebfa51a710651a05be45b2bc50e,276,276,205,334,0.6138
1482,6f64d11320b2069bcd93a34ad28ac15bb5179bc4,7,923bcd7e22166d817042def226e32eab2ff8b6f0,774,752,318,334,0.9521
1546,b870fc29844921de2d9e3c7f6a8a803459b0435e,1,fd30c1851eaff966d8fc9199381e87c5c1d2ba11,89,89,129,334,0.3862
1546,b870fc29844921de2d9e3c7f6a8a803459b0435e,2,e106042f3c352e813af824d9f7c649f78037e18f,209,209,191,334,0.5719
1546,b870fc29844921de2d9e3c7f6a8a803459b0435e,3,b62a13224b1e1ebfa51a710651a05be45b2bc50e,277,277,205,334,0.6138
1546,b870fc29844921de2d9e3c7f6a8a803459b0435e,7,923bcd7e22166d817042def226e32eab2ff8b6f0,775,753,318,334,0.9521
1462,d1288f237e2d77b3da0fb93cead5cbb53ff13887,1,e850ad3a51e46ba4816175bc1181aec5d3b04091,81,81,126,334,0.3772
1462,d1288f237e2d77b3da0fb93cead5cbb53ff13887,2,c8271c42c8b248eb7c7d0a6500a03a03ecdbad5c,209,209,191,334,0.5719
1462,d1288f237e2d77b3da0fb93cead5cbb53ff13887,3,b62a13224b1e1ebfa51a710651a05be45b2bc50e,277,277,205,334,0.6138
1462,d1288f237e2d77b3da0fb93cead5cbb53ff13887,7,c0311adc58809d0fa223d463037c8ce9c87247b1,764,742,318,334,0.9521
655,577acc9ace34ec17910c7d90756e515e5d03365a,1,23c4fefd9d31a1db7ddccc8d23cec94dacaae697,82,82,125,334,0.3743
655,577acc9ace34ec17910c7d90756e515e5d03365a,2,186a7eb499566daca76983f4179a788d10ae8dd8,193,193,189,334,0.5659
655,577acc9ace34ec17910c7d90756e515e5d03365a,3,b62a13224b1e1ebfa51a710651a05be45b2bc50e,278,278,205,334,0.6138
655,577acc9ace34ec17910c7d90756e515e5d03365a,7,34c210653d20ae6dd0484ecf5a8f877b7d6a3cb3,765,743,318,334,0.9521
1463,ee1399416b9e3a65e3b5a7b67fce1302e93965fd,1,23c4fefd9d31a1db7ddccc8d23cec94dacaae697,83,83,125,334,0.3743
1463,ee1399416b9e3a65e3b5a7b67fce1302e93965fd,2,186a7eb499566daca76983f4179a788d10ae8dd8,194,194,189,334,0.5659
1463,ee1399416b9e3a65e3b5a7b67fce1302e93965fd,3,b62a13224b1e1ebfa51a710651a05be45b2bc50e,279,279,205,334,0.6138
1463,ee1399416b9e3a65e3b5a7b67fce1302e93965fd,7,34c210653d20ae6dd0484ecf5a8f877b7d6a3cb3,766,744,318,334,0.9521
1361,3c4f15deab22e3afddce0b45e8eb3711c12db3db,1,92967ea707295e795678f964209a7eb893548b5c,83,83,125,334,0.3743
1361,3c4f15deab22e3afddce0b45e8eb3711c12db3db,2,186a7eb499566daca76983f4179a788d10ae8dd8,194,194,189,334,0.5659
1361,3c4f15deab22e3afddce0b45e8eb3711c12db3db,3,b62a13224b1e1ebfa51a710651a05be45b2bc50e,279,279,205,334,0.6138
1361,3c4f15deab22e3afddce0b45e8eb3711c12db3db,7,3a7ba697ce42e981c4c93c735c341556ab2c8ba6,763,741,318,334,0.9521
1539,e1690619e099c8c5c69570cbfe9254c0408080ed,1,3189b7e1ae31c7bbe8479bf608156f205ecba669,86,86,125,334,0.3743
1539,e1690619e099c8c5c69570cbfe9254c0408080ed,2,186a7eb499566daca76983f4179a788d10ae8dd8,197,197,189,334,0.5659
1539,e1690619e099c8c5c69570cbfe9254c0408080ed,3,b62a13224b1e1ebfa51a710651a05be45b2bc50e,282,282,205,334,0.6138
1539,e1690619e099c8c5c69570cbfe9254c0408080ed,7,be0995ed9ffd78b7d58b270db896c56c8aed916e,761,739,318,334,0.9521
1467,f472f62797f27e4da937621f63320fcb12a814f0,1,2dc9638ce565a406e17368e45a4b7f682da69aaa,89,89,125,334,0.3743
1467,f472f62797f27e4da937621f63320fcb12a814f0,2,186a7eb499566daca76983f4179a788d10ae8dd8,200,200,189,334,0.5659
1467,f472f62797f27e4da937621f63320fcb12a814f0,3,b62a13224b1e1ebfa51a710651a05be45b2bc50e,285,285,205,334,0.6138
1467,f472f62797f27e4da937621f63320fcb12a814f0,7,03424670be6c632d351897723e441c70f8fb9e55,764,742,318,334,0.9521
1339,f02e0f9ae02fa95a54003b732929f6b8c7c23762,1,2dc9638ce565a406e17368e45a4b7f682da69aaa,89,89,125,334,0.3743
1339,f02e0f9ae02fa95a54003b732929f6b8c7c23762,2,186a7eb499566daca76983f4179a788d10ae8dd8,200,200,189,334,0.5659
1339,f02e0f9ae02fa95a54003b732929f6b8c7c23762,3,b62a13224b1e1ebfa51a710651a05be45b2bc50e,285,285,205,334,0.6138
1339,f02e0f9ae02fa95a54003b732929f6b8c7c23762,7,03424670be6c632d351897723e441c70f8fb9e55,764,742,318,334,0.9521
1504,b01d3d0b01f95b0a41a1209d8c8e808f3c4695c7,1,dc433813568dfa0023a7bc69f1fab3c728a59c82,72,72,120,334,0.3593
1504,b01d3d0b01f95b0a41a1209d8c8e808f3c4695c7,2,186a7eb499566daca76983f4179a788d10ae8dd8,200,200,189,334,0.5659
1504,b01d3d0b01f95b0a41a1209d8c8e808f3c4695c7,3,b62a13224b1e1ebfa51a710651a05be45b2bc50e,285,285,205,334,0.6138
1504,b01d3d0b01f95b0a41a1209d8c8e808f3c4695c7,7,72f4f6eadfa92239c4d16d223cb7926bb3045419,763,741,318,334,0.9521
1406,8ab60f61aab27e0416664e4a6b3c701dbfdec01f,1,3759e2521d5cfb8486d569fc6011609a3a8ac934,72,72,120,334,0.3593
1406,8ab60f61aab27e0416664e4a6b3c701dbfdec01f,2,ab1b00bcba019908c1d5fb04da7f0462041277c7,198,198,187,334,0.5599
1406,8ab60f61aab27e0416664e4a6b3c701dbfdec01f,3,b62a13224b1e1ebfa51a710651a05be45b2bc50e,285,285,205,334,0.6138
1406,8ab60f61aab27e0416664e4a6b3c701dbfdec01f,7,ecbf2e52dc1cb30dc35458acc3d2461116e26054,756,730,317,334,0.9491
1549,076bbb727da3fcbd1c883d8e986c8599eee1408d,1,3759e2521d5cfb8486d569fc6011609a3a8ac934,74,74,123,335,0.3672
1549,076bbb727da3fcbd1c883d8e986c8599eee1408d,2,7f399811713ba24c00d8df76b9fc1ad2ca41347f,196,196,188,335,0.5612
1549,076bbb727da3fcbd1c883d8e986c8599eee1408d,3,b62a13224b1e1ebfa51a710651a05be45b2bc50e,287,287,206,335,0.6149
1549,076bbb727da3fcbd1c883d8e986c8599eee1408d,7,635e68f54b01660b029711442914641305cf8fc9,757,731,318,335,0.9493
1520,e5d9718bcd33c284a99931ae3076db5482e3029f,1,8b612b3a038b0f79a18c5bfb07f702f298c5a0df,69,69,121,335,0.3612
1520,e5d9718bcd33c284a99931ae3076db5482e3029f,2,e50f94300aab28acad62dfac237a1a79c0cea44f,188,188,187,335,0.5582
1520,e5d9718bcd33c284a99931ae3076db5482e3029f,3,b62a13224b1e1ebfa51a710651a05be45b2bc50e,287,287,207,335,0.6179
1520,e5d9718bcd33c284a99931ae3076db5482e3029f,7,ef4b9f42d07dd59fe1a2e5bd52abf84cc78ca739,751,725,317,335,0.9463
1189,23e500d8cb3c1e00ae0118818ca1058a053c7549,1,0b6e00113486f44b4072d3fe9134ceb4465c9c32,71,71,122,336,0.3631
1189,23e500d8cb3c1e00ae0118818ca1058a053c7549,2,2cb08f4b0a04594284a7f61b3502b7727f4794b4,190,190,188,336,0.5595
1189,23e500d8cb3c1e00ae0118818ca1058a053c7549,3,b62a13224b1e1ebfa51a710651a05be45b2bc50e,289,289,208,336,0.619
1189,23e500d8cb3c1e00ae0118818ca1058a053c7549,7,20cf9c8b06b64e3666d3368b942ce9129a5ac1cb,753,727,318,336,0.9464
1639,51bfc9f97834fe87768dc25ee6d66d7a1bbd59c4,1,0b6e00113486f44b4072d3fe9134ceb4465c9c32,72,72,122,336,0.3631
1639,51bfc9f97834fe87768dc25ee6d66d7a1bbd59c4,2,2cb08f4b0a04594284a7f61b3502b7727f4794b4,191,191,188,336,0.5595
1639,51bfc9f97834fe87768dc25ee6d66d7a1bbd59c4,3,b62a13224b1e1ebfa51a710651a05be45b2bc50e,290,290,208,336,0.619
1639,51bfc9f97834fe87768dc25ee6d66d7a1bbd59c4,7,20cf9c8b06b64e3666d3368b942ce9129a5ac1cb,754,728,318,336,0.9464
1505,4855bc84aef60d050b24dc5b84bc82168fdea0ce,1,9edb8fd8404a2486a031792869bc160e9a760afb,72,72,121,336,0.3601
1505,4855bc84aef60d050b24dc5b84bc82168fdea0ce,2,fb8170a8d7043edd6836554d88ee6d2434469777,191,191,188,336,0.5595
1505,4855bc84aef60d050b24dc5b84bc82168fdea0ce,3,b62a13224b1e1ebfa51a710651a05be45b2bc50e,290,290,208,336,0.619
1505,4855bc84aef60d050b24dc5b84bc82168fdea0ce,7,717f3d23d02c380add4a1dfb99dbebdaf7e4933f,751,725,318,336,0.9464
1408,cd4d7def76dfea6020a09b699a8ea4e2068ad901,1,41010048689ad9dee41f3ddf0950e85dad6c645e,68,68,107,337,0.3175
1408,cd4d7def76dfea6020a09b699a8ea4e2068ad901,2,fb8170a8d7043edd6836554d88ee6d2434469777,195,195,189,337,0.5608
1408,cd4d7def76dfea6020a09b699a8ea4e2068ad901,3,b62a13224b1e1ebfa51a710651a05be45b2bc50e,294,294,209,337,0.6202
1408,cd4d7def76dfea6020a09b699a8ea4e2068ad901,7,0d3f4d0ec061258cd107ff48cf6d75585a833296,751,725,316,337,0.9377
1583,e20efd41000c94b5d0c22c9a83286a3d9e58e0cf,1,9384cb2599062a51742dd5dd8cbf719601924872,68,68,107,337,0.3175
1583,e20efd41000c94b5d0c22c9a83286a3d9e58e0cf,2,fb8170a8d7043edd6836554d88ee6d2434469777,195,195,189,337,0.5608
1583,e20efd41000c94b5d0c22c9a83286a3d9e58e0cf,3,b62a13224b1e1ebfa51a710651a05be45b2bc50e,294,294,209,337,0.6202
1583,e20efd41000c94b5d0c22c9a83286a3d9e58e0cf,7,4f791e70a469f8e5a0450e4b3a9319f10981b979,749,723,316,337,0.9377
1507,459131332542953cb8eda7d04d4c59d80cc7ac5d,1,2449e081f229b0e661160e095298a840d6c7dc96,66,66,107,337,0.3175
1507,459131332542953cb8eda7d04d4c59d80cc7ac5d,2,fb8170a8d7043edd6836554d88ee6d2434469777,194,194,189,337,0.5608
1507,459131332542953cb8eda7d04d4c59d80cc7ac5d,3,b62a13224b1e1ebfa51a710651a05be45b2bc50e,293,293,209,337,0.6202
1507,459131332542953cb8eda7d04d4c59d80cc7ac5d,7,a29f997c79ad4299053be66f53fabb047d6b6e68,741,715,316,337,0.9377
1658,bfeada1d1e46831221677af14aa4d512342f755f,1,ac1e5eb3fe715912b53168234aae4e91692e2a58,71,71,111,337,0.3294
1658,bfeada1d1e46831221677af14aa4d512342f755f,2,fb8170a8d7043edd6836554d88ee6d2434469777,199,199,191,337,0.5668
1658,bfeada1d1e46831221677af14aa4d512342f755f,3,b62a13224b1e1ebfa51a710651a05be45b2bc50e,298,298,211,337,0.6261
1658,bfeada1d1e46831221677af14aa4d512342f755f,7,868498b0f61dfa6f1c7c350ffb51dd9515a159a0,745,719,316,337,0.9377
1506,f7619e64273f220dc0462e3b8312eb013a9ea8f6,1,ac1e5eb3fe715912b53168234aae4e91692e2a58,71,71,111,337,0.3294
1506,f7619e64273f220dc0462e3b8312eb013a9ea8f6,2,fb8170a8d7043edd6836554d88ee6d2434469777,199,199,191,337,0.5668
1506,f7619e64273f220dc0462e3b8312eb013a9ea8f6,3,b62a13224b1e1ebfa51a710651a05be45b2bc50e,298,298,211,337,0.6261
1506,f7619e64273f220dc0462e3b8312eb013a9ea8f6,7,7bc6b6227447663e59c255a7b5928b56ecf62a98,743,717,316,337,0.9377
1508,5f4e4cd4c41ac12572371e03b9a49aab9fa51c83,1,9cc92cfcced42ebb75b2699b86b04855141f8d69,72,72,113,337,0.3353
1508,5f4e4cd4c41ac12572371e03b9a49aab9fa51c83,2,471bb76bd66d51e089d22d11816f5c0af556fa03,200,200,192,337,0.5697
1508,5f4e4cd4c41ac12572371e03b9a49aab9fa51c83,3,b62a13224b1e1ebfa51a710651a05be45b2bc50e,299,299,212,337,0.6291
1508,5f4e4cd4c41ac12572371e03b9a49aab9fa51c83,7,2ea5d10ce9c955b20c35b5a271c3d7bfbd19ded4,739,713,316,337,0.9377
1509,1035491baa5935f05c46691d77a8424fae8bb049,1,9cc92cfcced42ebb75b2699b86b04855141f8d69,72,72,114,337,0.3383
1509,1035491baa5935f05c46691d77a8424fae8bb049,2,471bb76bd66d51e089d22d11816f5c0af556fa03,200,200,193,337,0.5727
1509,1035491baa5935f05c46691d77a8424fae8bb049,3,b62a13224b1e1ebfa51a710651a05be45b2bc50e,299,299,212,337,0.6291
1509,1035491baa5935f05c46691d77a8424fae8bb049,7,1b3d14e947e2791d24952e803f561c570e2e3e21,738,712,315,337,0.9347
1571,dc93fcfa3a4ddc4451d2d77832d4c1386d8a2020,1,ae9b41069dac2b61797200873cb1dc67027ed99b,74,74,112,337,0.3323
1571,dc93fcfa3a4ddc4451d2d77832d4c1386d8a2020,2,09679d3f3799008c37aea7ae954ff193411829ae,205,205,193,337,0.5727
1571,dc93fcfa3a4ddc4451d2d77832d4c1386d8a2020,3,b62a13224b1e1ebfa51a710651a05be45b2bc50e,304,304,212,337,0.6291
1571,dc93fcfa3a4ddc4451d2d77832d4c1386d8a2020,7,94b68a787d474b1eec584d62b9a00f79ec05c3a8,734,708,315,337,0.9347
1572,95181d50f621ce122bbe9e46bf6bc187c87dfeab,1,ae9b41069dac2b61797200873cb1dc67027ed99b,74,74,113,338,0.3343
1572,95181d50f621ce122bbe9e46bf6bc187c87dfeab,2,051caaea378a13f63539e8a89092260e91d3a986,197,197,191,338,0.5651
1572,95181d50f621ce122bbe9e46bf6bc187c87dfeab,3,b62a13224b1e1ebfa51a710651a05be45b2bc50e,304,304,213,338,0.6302
1572,95181d50f621ce122bbe9e46bf6bc187c87dfeab,7,a928bdfcc0c8bb62c60911ad31c3c8008e23ec51,729,703,316,338,0.9349
1548,a35286332287ac0c1f48f9cc57e1580cdb14daef,1,ae9b41069dac2b61797200873cb1dc67027ed99b,74,74,113,338,0.3343
1548,a35286332287ac0c1f48f9cc57e1580cdb14daef,2,4760da668627d2b843655bb378d749109fee8257,194,194,189,338,0.5592
1548,a35286332287ac0c1f48f9cc57e1580cdb14daef,3,b62a13224b1e1ebfa51a710651a05be45b2bc50e,304,304,213,338,0.6302
1548,a35286332287ac0c1f48f9cc57e1580cdb14daef,7,12b4c891ba368f95362096273652ebf6b79f66c4,726,700,316,338,0.9349
1631,6d4b1fa7769a040d2cb749c66931344d55224d7a,1,151a49556925aa7ac19c07b3c5aed97389bd422c,66,66,112,339,0.3304
1631,6d4b1fa7769a040d2cb749c66931344d55224d7a,2,1831033fc51822b6412c0e411355aa4d70d379fa,192,192,187,339,0.5516
1631,6d4b1fa7769a040d2cb749c66931344d55224d7a,3,b62a13224b1e1ebfa51a710651a05be45b2bc50e,304,304,215,339,0.6342
1631,6d4b1fa7769a040d2cb749c66931344d55224d7a,7,7c8d22848840a5e582423c998fbe854d9e984159,719,693,317,339,0.9351
1591,6c0d72d3edcafef023a2a9b260e92efe40b12c73,1,3bbd120ee7e73d48b74773f93c1fd33e8bd8af60,66,66,113,339,0.3333
1591,6c0d72d3edcafef023a2a9b260e92efe40b12c73,2,1831033fc51822b6412c0e411355aa4d70d379fa,192,192,188,339,0.5546
1591,6c0d72d3edcafef023a2a9b260e92efe40b12c73,3,b62a13224b1e1ebfa51a710651a05be45b2bc50e,304,304,216,339,0.6372
1591,6c0d72d3edcafef023a2a9b260e92efe40b12c73,7,bd06413a60c6ae794d3f07cddb3bdb022fea3e3b,717,691,317,339,0.9351
1649,4f3a3d192e5e36f8b9e5afd60225fc5bf996feaa,1,4712e2bbf926e04b7686dbac84550d2477ee6754,68,68,115,340,0.3382
1649,4f3a3d192e5e36f8b9e5afd60225fc5bf996feaa,2,740adf1464e58cabfa0b6c2d0c999342f5a7de0f,193,193,189,340,0.5559
1649,4f3a3d192e5e36f8b9e5afd60225fc5bf996feaa,3,b62a13224b1e1ebfa51a710651a05be45b2bc50e,306,306,217,340,0.6382
1649,4f3a3d192e5e36f8b9e5afd60225fc5bf996feaa,7,6c591d5f7eccd6249bd41c73717665a7c773b767,718,692,314,340,0.9235
1485,b5b234044d3a461678961cb6e66873e79eaffda2,1,0045125d37c88e87f55b803efcc06a18ecb49b23,68,68,116,340,0.3412
1485,b5b234044d3a461678961cb6e66873e79eaffda2,2,6ac46789d25efcec0a0725b50e4d25497767ab7c,190,190,188,340,0.5529
1485,b5b234044d3a461678961cb6e66873e79eaffda2,3,b62a13224b1e1ebfa51a710651a05be45b2bc50e,306,306,217,340,0.6382
1485,b5b234044d3a461678961cb6e66873e79eaffda2,7,43572b8af4d667c7b8b4a6165e431e4aaa16d31f,716,690,314,340,0.9235
1354,3686c60974e9f576f57f50d5200d652e25e46f03,1,0045125d37c88e87f55b803efcc06a18ecb49b23,68,68,116,340,0.3412
1354,3686c60974e9f576f57f50d5200d652e25e46f03,2,7fa188949e685367cb413086a1ce6a2418b66885,190,190,187,340,0.55
1354,3686c60974e9f576f57f50d5200d652e25e46f03,3,b62a13224b1e1ebfa51a710651a05be45b2bc50e,306,306,217,340,0.6382
1354,3686c60974e9f576f57f50d5200d652e25e46f03,7,208cd235088214d850dc089a18bccd803031e266,713,687,314,340,0.9235
1373,d080d0174d289505b2ab2be894caaa0809a0acff,1,0045125d37c88e87f55b803efcc06a18ecb49b23,69,69,119,340,0.35
1373,d080d0174d289505b2ab2be894caaa0809a0acff,2,40bc3656303732ccb71ac9fdd35c284d7143a4d2,191,191,189,340,0.5559
1373,d080d0174d289505b2ab2be894caaa0809a0acff,3,b62a13224b1e1ebfa51a710651a05be45b2bc50e,307,307,219,340,0.6441
1373,d080d0174d289505b2ab2be894caaa0809a0acff,7,d187675f8d3d0362021a1aa9ebdb01fdd58170a9,709,683,314,340,0.9235
1570,12286976b89c433516b41bd3d9248160957b4e1f,1,0045125d37c88e87f55b803efcc06a18ecb49b23,69,69,119,340,0.35
1570,12286976b89c433516b41bd3d9248160957b4e1f,2,d1227414955dccc119803eabbb98835fe28dea72,191,191,184,340,0.5412
1570,12286976b89c433516b41bd3d9248160957b4e1f,3,b62a13224b1e1ebfa51a710651a05be45b2bc50e,307,307,219,340,0.6441
1570,12286976b89c433516b41bd3d9248160957b4e1f,7,df7d042a91d33952fe176c2674a3893fc8039ca0,702,676,314,340,0.9235
1487,07cf1e53652de7d187289766d548c92552f0d849,1,0045125d37c88e87f55b803efcc06a18ecb49b23,69,69,119,340,0.35
1487,07cf1e53652de7d187289766d548c92552f0d849,2,d1227414955dccc119803eabbb98835fe28dea72,191,191,184,340,0.5412
1487,07cf1e53652de7d187289766d548c92552f0d849,3,b62a13224b1e1ebfa51a710651a05be45b2bc50e,307,307,219,340,0.6441
1487,07cf1e53652de7d187289766d548c92552f0d849,7,df7d042a91d33952fe176c2674a3893fc8039ca0,702,676,314,340,0.9235
1607,5c6065cb6d044de3afb3171a259799e7bba3145a,1,0045125d37c88e87f55b803efcc06a18ecb49b23,69,69,119,340,0.35
1607,5c6065cb6d044de3afb3171a259799e7bba3145a,2,3ce7534068e5e536e3fae6a078e1b392083d34e6,190,190,184,340,0.5412
1607,5c6065cb6d044de3afb3171a259799e7bba3145a,3,b62a13224b1e1ebfa51a710651a05be45b2bc50e,307,307,219,340,0.6441
1607,5c6065cb6d044de3afb3171a259799e7bba3145a,7,df7d042a91d33952fe176c2674a3893fc8039ca0,702,676,314,340,0.9235
1608,00493c308584c062cdc58c52ae346d690140eaa3,1,0045125d37c88e87f55b803efcc06a18ecb49b23,69,69,119,340,0.35
1608,00493c308584c062cdc58c52ae346d690140eaa3,2,3ce7534068e5e536e3fae6a078e1b392083d34e6,190,190,184,340,0.5412
1608,00493c308584c062cdc58c52ae346d690140eaa3,3,b62a13224b1e1ebfa51a710651a05be45b2bc50e,307,307,219,340,0.6441
1608,00493c308584c062cdc58c52ae346d690140eaa3,7,df7d042a91d33952fe176c2674a3893fc8039ca0,702,676,314,340,0.9235
1687,279d87b70aee5ebc6aff893f2fe2b12ced35fe90,1,0045125d37c88e87f55b803efcc06a18ecb49b23,69,69,119,340,0.35
1687,279d87b70aee5ebc6aff893f2fe2b12ced35fe90,2,df10d05821eb7dd6bb047338f82ddd7731bfc2ad,188,188,184,340,0.5412
1687,279d87b70aee5ebc6aff893f2fe2b12ced35fe90,3,b62a13224b1e1ebfa51a710651a05be45b2bc50e,307,307,219,340,0.6441
1687,279d87b70aee5ebc6aff893f2fe2b12ced35fe90,7,e65c3ebb6efe28eba05adc35c765862001b80a14,700,674,314,340,0.9235
1381,e66bc70529db2161dda24d3fc5e967ac16a20253,1,0045125d37c88e87f55b803efcc06a18ecb49b23,69,69,119,340,0.35
1381,e66bc70529db2161dda24d3fc5e967ac16a20253,2,87aa72af70fc9bbff30a56b29990050cd4864949,188,188,184,340,0.5412
1381,e66bc70529db2161dda24d3fc5e967ac16a20253,3,b62a13224b1e1ebfa51a710651a05be45b2bc50e,307,307,219,340,0.6441
1381,e66bc70529db2161dda24d3fc5e967ac16a20253,7,1993efe735f724565ccc5a8bed46890561341226,698,672,314,340,0.9235
1486,c5e838751d018bf61fdb014d92a078522d05f82c,1,0045125d37c88e87f55b803efcc06a18ecb49b23,70,70,121,340,0.3559
1486,c5e838751d018bf61fdb014d92a078522d05f82c,2,87aa72af70fc9bbff30a56b29990050cd4864949,189,189,185,340,0.5441
1486,c5e838751d018bf61fdb014d92a078522d05f82c,3,b62a13224b1e1ebfa51a710651a05be45b2bc50e,308,308,220,340,0.6471
1486,c5e838751d018bf61fdb014d92a078522d05f82c,7,1993efe735f724565ccc5a8bed46890561341226,699,673,314,340,0.9235
1547,64ef873dfc94caeb8aa931b80f55aac894ed20fc,1,0045125d37c88e87f55b803efcc06a18ecb49b23,70,70,121,340,0.3559
1547,64ef873dfc94caeb8aa931b80f55aac894ed20fc,2,87aa72af70fc9bbff30a56b29990050cd4864949,189,189,185,340,0.5441
1547,64ef873dfc94caeb8aa931b80f55aac894ed20fc,3,b62a13224b1e1ebfa51a710651a05be45b2bc50e,308,308,220,340,0.6471
1547,64ef873dfc94caeb8aa931b80f55aac894ed20fc,7,0ffbdca0a5c7f8d462c037bc246d3489d2c575c8,699,673,313,340,0.9206
1468,3848a4f5dbfb0936f50fc084ccc687a6ca63be71,1,0045125d37c88e87f55b803efcc06a18ecb49b23,70,70,121,340,0.3559
1468,3848a4f5dbfb0936f50fc084ccc687a6ca63be71,2,bf8150cf9f7272b5d28d3bc2b1f66b0168efcee1,189,189,184,340,0.5412
1468,3848a4f5dbfb0936f50fc084ccc687a6ca63be71,3,b62a13224b1e1ebfa51a710651a05be45b2bc50e,308,308,220,340,0.6471
1468,3848a4f5dbfb0936f50fc084ccc687a6ca63be71,7,ad5a90210c813554aaf195114b4f865a3858f077,694,668,313,340,0.9206
1510,66211e28734ec32417eab48ad194c2f80ea8da0c,1,0045125d37c88e87f55b803efcc06a18ecb49b23,70,70,121,340,0.3559
1510,66211e28734ec32417eab48ad194c2f80ea8da0c,2,bf8150cf9f7272b5d28d3bc2b1f66b0168efcee1,189,189,184,340,0.5412
1510,66211e28734ec32417eab48ad194c2f80ea8da0c,3,b62a13224b1e1ebfa51a710651a05be45b2bc50e,308,308,220,340,0.6471
1510,66211e28734ec32417eab48ad194c2f80ea8da0c,7,ad5a90210c813554aaf195114b4f865a3858f077,694,668,313,340,0.9206
1584,0d85b869d9cbdc2d5c3f8a232a42534265ad3826,1,4d5693a9de36162bc36148b5cb16c3174c3b6b5b,70,70,121,340,0.3559
1584,0d85b869d9cbdc2d5c3f8a232a42534265ad3826,2,f7dcb092e7e483f645bdb628cb0984aeeb6388d6,188,188,183,340,0.5382
1584,0d85b869d9cbdc2d5c3f8a232a42534265ad3826,3,b62a13224b1e1ebfa51a710651a05be45b2bc50e,308,308,220,340,0.6471
1584,0d85b869d9cbdc2d5c3f8a232a42534265ad3826,7,82e3e2495c467253bab455a9ee470fad4a59e1f2,693,667,313,340,0.9206
1627,4723af34fbf6deab8e533ffc56aa5f90766ae894,1,4d5693a9de36162bc36148b5cb16c3174c3b6b5b,70,70,121,340,0.3559
1627,4723af34fbf6deab8e533ffc56aa5f90766ae894,2,f7dcb092e7e483f645bdb628cb0984aeeb6388d6,188,188,183,340,0.5382
1627,4723af34fbf6deab8e533ffc56aa5f90766ae894,3,b62a13224b1e1ebfa51a710651a05be45b2bc50e,308,308,220,340,0.6471
1627,4723af34fbf6deab8e533ffc56aa5f90766ae894,7,5ca8708a7a3b1c0d401aaf7d75c550fae180c82b,683,657,313,340,0.9206
1615,d8e5e25cc3fc3ddc317b4ce054cbd0e051f932ea,1,303aeaf857fefed6359f694fa8fb55a0dca46839,70,70,116,340,0.3412
1615,d8e5e25cc3fc3ddc317b4ce054cbd0e051f932ea,2,c7b562d49978ecf4d626bd73f6b92f98a773db17,189,189,179,340,0.5265
1615,d8e5e25cc3fc3ddc317b4ce054cbd0e051f932ea,3,b62a13224b1e1ebfa51a710651a05be45b2bc50e,309,309,220,340,0.6471
1615,d8e5e25cc3fc3ddc317b4ce054cbd0e051f932ea,7,5ca8708a7a3b1c0d401aaf7d75c550fae180c82b,684,658,313,340,0.9206
1662,dc85034362ad7cd4c32dcc628552e625913996fa,1,303aeaf857fefed6359f694fa8fb55a0dca46839,70,70,117,341,0.3431
1662,dc85034362ad7cd4c32dcc628552e625913996fa,2,e81fc18fe3207c162c644eb7f843406267a21895,185,185,180,341,0.5279
1662,dc85034362ad7cd4c32dcc628552e625913996fa,3,b62a13224b1e1ebfa51a710651a05be45b2bc50e,309,309,221,341,0.6481
1662,dc85034362ad7cd4c32dcc628552e625913996fa,7,5ca8708a7a3b1c0d401aaf7d75c550fae180c82b,684,658,314,341,0.9208
1706,c68c3b1cf28127bca3d2943ef2d9221a2c41d1f6,1,303aeaf857fefed6359f694fa8fb55a0dca46839,70,70,117,341,0.3431
1706,c68c3b1cf28127bca3d2943ef2d9221a2c41d1f6,2,e81fc18fe3207c162c644eb7f843406267a21895,185,185,180,341,0.5279
1706,c68c3b1cf28127bca3d2943ef2d9221a2c41d1f6,3,b62a13224b1e1ebfa51a710651a05be45b2bc50e,309,309,221,341,0.6481
1706,c68c3b1cf28127bca3d2943ef2d9221a2c41d1f6,7,a31f2321eb52024557379075ccd50bc1793a9356,684,658,314,341,0.9208
1688,adda99a602531acae52738f39601f418a423fb84,1,0c5f042ef4fce6c26be7ce3f48a5819b3673e2a4,68,68,117,341,0.3431
1688,adda99a602531acae52738f39601f418a423fb84,2,6f98769f5fa949400b45430df0249bf47ca83cde,182,182,180,341,0.5279
1688,adda99a602531acae52738f39601f418a423fb84,3,b62a13224b1e1ebfa51a710651a05be45b2bc50e,309,309,221,341,0.6481
1688,adda99a602531acae52738f39601f418a423fb84,7,3fb88e8887384f244e9f53ab4485be279b3ab79d,679,653,314,341,0.9208
1596,8646ac612dffa28e2040e587b1e03ea3560a4f0a,1,2e9c6445e0f1a65c8291e824e93985f5e502f790,60,60,114,341,0.3343
1596,8646ac612dffa28e2040e587b1e03ea3560a4f0a,2,79d17986398a6834e7bbb68ab82c2315d08a73b2,175,175,179,341,0.5249
1596,8646ac612dffa28e2040e587b1e03ea3560a4f0a,3,b62a13224b1e1ebfa51a710651a05be45b2bc50e,309,309,221,341,0.6481
1596,8646ac612dffa28e2040e587b1e03ea3560a4f0a,7,e29dcc0167aaef8f0ddb2e5a4db8d7b6846b93ed,670,644,314,341,0.9208
1636,f46a7963cf708d621bf529eb855ecfb552f78b33,1,2e9c6445e0f1a65c8291e824e93985f5e502f790,61,61,116,341,0.3402
1636,f46a7963cf708d621bf529eb855ecfb552f78b33,2,9d19e500522cadd5647edf84a96f8682a9ac9192,176,176,179,341,0.5249
1636,f46a7963cf708d621bf529eb855ecfb552f78b33,3,2ae2c673a81ca2159dad06ea6d03a1b4c91b3ee0,310,310,221,341,0.6481
1636,f46a7963cf708d621bf529eb855ecfb552f78b33,7,e29dcc0167aaef8f0ddb2e5a4db8d7b6846b93ed,671,645,314,341,0.9208
1709,6e53bc4dc8643fc81c0ab2091b368c6c7f176d2e,1,6c1b6760b0ecfab09286ecbe91bf1947f944222a,62,62,116,341,0.3402
1709,6e53bc4dc8643fc81c0ab2091b368c6c7f176d2e,2,112aecdfbba4c2ccfc367c5db827aafd9ab82584,169,169,176,341,0.5161
1709,6e53bc4dc8643fc81c0ab2091b368c6c7f176d2e,3,12d2fce994288361703aa3558dc51492d31875b7,310,310,221,341,0.6481
1709,6e53bc4dc8643fc81c0ab2091b368c6c7f176d2e,7,dc432708875f7f998615fcc644a9c12ada84197b,668,642,313,341,0.9179
1437,d751a0c93304aece21c4de99fe41cc0bb3aac76b,1,6c1b6760b0ecfab09286ecbe91bf1947f944222a,65,65,119,342,0.348
1437,d751a0c93304aece21c4de99fe41cc0bb3aac76b,2,112aecdfbba4c2ccfc367c5db827aafd9ab82584,172,172,178,342,0.5205
1437,d751a0c93304aece21c4de99fe41cc0bb3aac76b,3,c91f7c06f6ce555ffdba33c5638c8bf20f864e12,311,311,223,342,0.652
1437,d751a0c93304aece21c4de99fe41cc0bb3aac76b,7,aa1bcc9b911a10bb15f7bc5b5796f59a0a376931,663,637,313,342,0.9152
1712,e70840a90ad29812c855146c54be13f18649b173,1,c0986d7dff7f7421dca7bb0b5a84595e794bc932,88,88,135,340,0.3971
1712,e70840a90ad29812c855146c54be13f18649b173,2,0f1a6026cf82029153afdb31088e6065843fcb8e,196,196,183,340,0.5382
1712,e70840a90ad29812c855146c54be13f18649b173,3,a6593fa4241ef52cfdb010efa7c5e812814e00b3,322,322,228,340,0.6706
1712,e70840a90ad29812c855146c54be13f18649b173,7,2b353fa44ce371a3913d5b17dad0059aa1c39c53,582,579,311,340,0.9147
1683,60972db31b70c2b1e607185f6cb4555957d28b64,1,b900af612ed317d83eeac04b402ef05944b55a3e,89,89,136,340,0.4
1683,60972db31b70c2b1e607185f6cb4555957d28b64,2,981f05e9bfee4922649eae8c629cbcfa6ce2fc64,190,190,183,340,0.5382
1683,60972db31b70c2b1e607185f6cb4555957d28b64,3,a6593fa4241ef52cfdb010efa7c5e812814e00b3,317,317,228,340,0.6706
1683,60972db31b70c2b1e607185f6cb4555957d28b64,7,2b353fa44ce371a3913d5b17dad0059aa1c39c53,573,570,311,340,0.9147
1707,1f9c9ad235feb13fbc1197e340bb8c2c83bebdd6,1,9a7c0627bf1ae6cc36fb65f03eb8e43fd9345d8c,90,90,136,340,0.4
1707,1f9c9ad235feb13fbc1197e340bb8c2c83bebdd6,2,dfdf44569585ad11c307fe1cd8e644be76361566,190,190,183,340,0.5382
1707,1f9c9ad235feb13fbc1197e340bb8c2c83bebdd6,3,056bf4af32bff9fabe52032939728e8b35754ed5,317,317,228,340,0.6706
1707,1f9c9ad235feb13fbc1197e340bb8c2c83bebdd6,7,2b353fa44ce371a3913d5b17dad0059aa1c39c53,574,571,311,340,0.9147
1512,841edabf0e1e6adc25a8309dc741f986e08d6874,1,9a7c0627bf1ae6cc36fb65f03eb8e43fd9345d8c,90,90,136,340,0.4
1512,841edabf0e1e6adc25a8309dc741f986e08d6874,2,dfdf44569585ad11c307fe1cd8e644be76361566,190,190,183,340,0.5382
1512,841edabf0e1e6adc25a8309dc741f986e08d6874,3,056bf4af32bff9fabe52032939728e8b35754ed5,317,317,228,340,0.6706
1512,841edabf0e1e6adc25a8309dc741f986e08d6874,7,2b353fa44ce371a3913d5b17dad0059aa1c39c53,574,571,311,340,0.9147
1713,04d8bb4e527a81a749fb0dcf0efe02215d7bdb4c,1,679d2fcf8529b731fefe83b2acfff79ef4a10615,90,90,136,340,0.4
1713,04d8bb4e527a81a749fb0dcf0efe02215d7bdb4c,2,8ea16a73f0e2b6de8e5819fbbef7b74eb6b5d08b,190,190,183,340,0.5382
1713,04d8bb4e527a81a749fb0dcf0efe02215d7bdb4c,3,d89692febc7fcbe083f83b358d81dcddebc8139e,317,317,228,340,0.6706
1713,04d8bb4e527a81a749fb0dcf0efe02215d7bdb4c,7,bb46de83532e000732126f6791decc8e6b27e567,574,571,311,340,0.9147
1711,824619bff7cc9f6bc467a079471de9838fecb66b,1,7031121e3bc371707d2c362f4e3efe38073d4688,89,89,134,340,0.3941
1711,824619bff7cc9f6bc467a079471de9838fecb66b,2,5870f5c068d02ced969cb59c1c2a2199570ba543,186,186,183,340,0.5382
1711,824619bff7cc9f6bc467a079471de9838fecb66b,3,80e3a432ad79544ffc7678c1fe4b38bdaa41177e,304,304,228,340,0.6706
1711,824619bff7cc9f6bc467a079471de9838fecb66b,7,082d41fb5b719d3abb9ff1249faaed46ea232593,558,555,311,340,0.9147
1708,cfe2fd07eed13953fe3cfc79c8fc569e7c6c568e,1,acbd33b7105a9fabf65366e4d35d372a72a3b278,89,89,136,340,0.4
1708,cfe2fd07eed13953fe3cfc79c8fc569e7c6c568e,2,5870f5c068d02ced969cb59c1c2a2199570ba543,182,182,183,340,0.5382
1708,cfe2fd07eed13953fe3cfc79c8fc569e7c6c568e,3,157c74432c727e9671290565e1eae4c29c8e7b4e,300,300,228,340,0.6706
1708,cfe2fd07eed13953fe3cfc79c8fc569e7c6c568e,7,686cf76cbc83ca8cb9889cc17660cd0c36339976,553,550,311,340,0.9147
1109,8050a60a25419a2d4d09b8733ac269195fa96300,1,b626e1317f09f9cb22c5c63fe9a9f7ffcb25dd28,87,87,134,340,0.3941
1109,8050a60a25419a2d4d09b8733ac269195fa96300,2,9d74de58ddd0457b82400dda5d853147d1db93d9,180,180,183,340,0.5382
1109,8050a60a25419a2d4d09b8733ac269195fa96300,3,5ba0f9ce5cdab162227296e2a8b925a38b6cc577,291,291,227,340,0.6676
1109,8050a60a25419a2d4d09b8733ac269195fa96300,7,01920f80879a4e9ec821645032c1e45d11ff41d4,543,540,311,340,0.9147
1594,3e74b981ce668a934caab639f5143276691efc30,1,a4452e971c7bb9d2d1cdb1c154a8a4e3078aa7e4,88,88,133,340,0.3912
1594,3e74b981ce668a934caab639f5143276691efc30,2,8a6d9ed1aff196e6f14f28d2b7f52a6d8ca2f7a8,182,182,183,340,0.5382
1594,3e74b981ce668a934caab639f5143276691efc30,3,579386724b2cc767dae5d9388d0bb4207b2ac6c4,287,287,227,340,0.6676
1594,3e74b981ce668a934caab639f5143276691efc30,7,a709aba539e5e08c954960a1fb0adb8a0c2c32b4,543,540,310,340,0.9118
1634,2dbf5872665536248d16d47b755c4ef2234d3828,1,0ca5036989b4d3dfb4fda845315dbcba48f503ef,89,89,136,340,0.4
1634,2dbf5872665536248d16d47b755c4ef2234d3828,2,7fea2d6bedaec2032cee9173022cc133622d8497,182,182,185,340,0.5441
1634,2dbf5872665536248d16d47b755c4ef2234d3828,3,8171c50a3b852318268879f91cd45003aec4197f,286,286,227,340,0.6676
1634,2dbf5872665536248d16d47b755c4ef2234d3828,7,99cd507f74271e256f4b290b837225b61de4fb99,539,536,310,340,0.9118
839,ed2a9c21e79e7dbc4efe44ec93773b7fe9a4c8ab,1,82559e7d4cf85ba4c5a75df484a1c946c6172415,91,91,135,340,0.3971
839,ed2a9c21e79e7dbc4efe44ec93773b7fe9a4c8ab,2,91f1bc3f2f9d7da0f6b508f41a3241d31ae34caa,174,174,185,340,0.5441
839,ed2a9c21e79e7dbc4efe44ec93773b7fe9a4c8ab,3,774bb446a527b62a55d0bf16f2cfa70cd2aaff38,288,288,227,340,0.6676
839,ed2a9c21e79e7dbc4efe44ec93773b7fe9a4c8ab,7,2feed8d56548239a41f4f5c20d4dfcf6bb364978,540,537,310,340,0.9118
1451,e193e335115ca6bf070591ec4d60cf2437a74275,1,82559e7d4cf85ba4c5a75df484a1c946c6172415,91,91,138,341,0.4047
1451,e193e335115ca6bf070591ec4d60cf2437a74275,2,91f1bc3f2f9d7da0f6b508f41a3241d31ae34caa,174,174,188,341,0.5513
1451,e193e335115ca6bf070591ec4d60cf2437a74275,3,67d376432d2ed638e7768583c980af91c828b2c1,284,284,228,341,0.6686
1451,e193e335115ca6bf070591ec4d60cf2437a74275,7,b82298566283865d0c0dd1a74f34ba9b3df257d7,539,536,311,341,0.912
1592,6cb5e894fcc5beedf3673c3cb95291f7ad621e47,1,82559e7d4cf85ba4c5a75df484a1c946c6172415,91,91,139,341,0.4076
1592,6cb5e894fcc5beedf3673c3cb95291f7ad621e47,2,91f1bc3f2f9d7da0f6b508f41a3241d31ae34caa,174,174,189,341,0.5543
1592,6cb5e894fcc5beedf3673c3cb95291f7ad621e47,3,67d376432d2ed638e7768583c980af91c828b2c1,284,284,229,341,0.6716
1592,6cb5e894fcc5beedf3673c3cb95291f7ad621e47,7,b82298566283865d0c0dd1a74f34ba9b3df257d7,539,536,311,341,0.912
1609,48e6aad79b97622b6863ec6b4921a47f58fce163,1,e465d467ae1064250796350ce92c0927fac8f5bd,89,89,135,341,0.3959
1609,48e6aad79b97622b6863ec6b4921a47f58fce163,2,05000a7a3136ee37472a5c6ad433f53a6ea713b6,174,174,189,341,0.5543
1609,48e6aad79b97622b6863ec6b4921a47f58fce163,3,4da034bb9e0eb6a34e917d792043f55d232abfd5,279,279,229,341,0.6716
1609,48e6aad79b97622b6863ec6b4921a47f58fce163,7,2ef55ffb25d1de3622146143870651aa0d93a673,537,534,311,341,0.912
1590,0df576f25d12e1b5fc1b789cdde93e47756b9e9e,1,52b7d1a53ae62e293e728facd4b5c7a45896c841,90,90,135,341,0.3959
1590,0df576f25d12e1b5fc1b789cdde93e47756b9e9e,2,acc7d12e985848397a7f3ba5accc6cf06b5c83f5,170,170,186,341,0.5455
1590,0df576f25d12e1b5fc1b789cdde93e47756b9e9e,3,f31c70d3a7830d4dab49e84334eade4685cd5c2b,280,280,229,341,0.6716
1590,0df576f25d12e1b5fc1b789cdde93e47756b9e9e,7,9e476e8f88c7aca7407f791eb7f59a7d0e998e9b,528,525,310,341,0.9091
1629,79a47c1a50ae08346ce8ce3ce4708d5a78fa39d3,1,52b7d1a53ae62e293e728facd4b5c7a45896c841,91,91,137,341,0.4018
1629,79a47c1a50ae08346ce8ce3ce4708d5a78fa39d3,2,a9397a719885e10fcf44a489c87a2f03fa6cfa1a,170,170,187,341,0.5484
1629,79a47c1a50ae08346ce8ce3ce4708d5a78fa39d3,3,f31c70d3a7830d4dab49e84334eade4685cd5c2b,281,281,229,341,0.6716
1629,79a47c1a50ae08346ce8ce3ce4708d5a78fa39d3,7,9e476e8f88c7aca7407f791eb7f59a7d0e998e9b,529,526,310,341,0.9091
1646,7738410640251ecd1524de863a91406a25df4a90,1,f549a9580b80ea33ba5ffe0fb4c9476f4db3da25,90,90,137,341,0.4018
1646,7738410640251ecd1524de863a91406a25df4a90,2,22d0493ffcc196f1e90440389bead2e344922f4d,169,169,187,341,0.5484
1646,7738410640251ecd1524de863a91406a25df4a90,3,d17aa1708d95496b9d987e77f9bd7d905ebd90bf,281,281,229,341,0.6716
1646,7738410640251ecd1524de863a91406a25df4a90,7,b3461c6a7059977a7013b39c03c43ba90d60be6f,529,526,310,341,0.9091
1642,5926ab9ab69fb1ff87c9030defbbac39b3873906,1,f54a534bd6afd6a4949d0cf5805a6fcb4d60e182,92,92,131,341,0.3842
1642,5926ab9ab69fb1ff87c9030defbbac39b3873906,2,22d0493ffcc196f1e90440389bead2e344922f4d,171,171,187,341,0.5484
1642,5926ab9ab69fb1ff87c9030defbbac39b3873906,3,d17aa1708d95496b9d987e77f9bd7d905ebd90bf,283,283,229,341,0.6716
1642,5926ab9ab69fb1ff87c9030defbbac39b3873906,7,2e05eb73c3a906feabddbddb881c1a0da17234d6,530,527,309,341,0.9062
688,b356b605aebf561633953bcc2b98fe86cd6f46bb,1,eeb575c60513910128a1afd868548def0ad4253c,89,89,129,341,0.3783
688,b356b605aebf561633953bcc2b98fe86cd6f46bb,2,baf6427a9afa57b1671accfb9aae23ad26c75d62,171,171,187,341,0.5484
688,b356b605aebf561633953bcc2b98fe86cd6f46bb,3,d17aa1708d95496b9d987e77f9bd7d905ebd90bf,283,283,229,341,0.6716
688,b356b605aebf561633953bcc2b98fe86cd6f46bb,7,bc5990e5fdfee002ab18e78116c969b8737b26b2,530,527,309,341,0.9062
747,4a09bbc4d388241c5854b5b864a3a8f560565c08,1,eeb575c60513910128a1afd868548def0ad4253c,89,89,129,341,0.3783
747,4a09bbc4d388241c5854b5b864a3a8f560565c08,2,baf6427a9afa57b1671accfb9aae23ad26c75d62,171,171,187,341,0.5484
747,4a09bbc4d388241c5854b5b864a3a8f560565c08,3,d17aa1708d95496b9d987e77f9bd7d905ebd90bf,283,283,229,341,0.6716
747,4a09bbc4d388241c5854b5b864a3a8f560565c08,7,adef5691b794ad800afdcbc7fd98c4469704509b,524,521,309,341,0.9062
1156,06cf5074493cadc5c74d6908c71a8c22ce340c95,1,d69b066caddd4c0d61427448828ae4b62862348e,89,89,129,341,0.3783
1156,06cf5074493cadc5c74d6908c71a8c22ce340c95,2,bfe4edf7e783e37d5564511231ab85b42b667245,166,166,186,341,0.5455
1156,06cf5074493cadc5c74d6908c71a8c22ce340c95,3,d17aa1708d95496b9d987e77f9bd7d905ebd90bf,283,283,229,341,0.6716
1156,06cf5074493cadc5c74d6908c71a8c22ce340c95,7,1a7babc9b4155fb66e7eed3ca92aeb99892a4e3d,524,521,309,341,0.9062
1238,3ccae59cd580d920897776d326cde85f17398886,1,a50117a52171753796506414ae0d165c9c33f067,89,89,132,341,0.3871
1238,3ccae59cd580d920897776d326cde85f17398886,2,7dfc7d7196062b83339dcdb627a79856b2803dec,165,165,189,341,0.5543
1238,3ccae59cd580d920897776d326cde85f17398886,3,32d16860766e7058f7d98e0954369656f43e535e,277,277,222,341,0.651
1238,3ccae59cd580d920897776d326cde85f17398886,7,1a7babc9b4155fb66e7eed3ca92aeb99892a4e3d,525,522,309,341,0.9062
1311,1a43a77811b0ed141c9f6f742e6148e9f74338ff,1,a50117a52171753796506414ae0d165c9c33f067,89,89,133,341,0.39
1311,1a43a77811b0ed141c9f6f742e6148e9f74338ff,2,7dfc7d7196062b83339dcdb627a79856b2803dec,165,165,190,341,0.5572
1311,1a43a77811b0ed141c9f6f742e6148e9f74338ff,3,32d16860766e7058f7d98e0954369656f43e535e,277,277,223,341,0.654
1311,1a43a77811b0ed141c9f6f742e6148e9f74338ff,7,df1b91cfa76e80eb6696b1cf812837ed688065bf,524,521,309,341,0.9062
1321,db9c9e83b6e97cc9baa04a8f1df0f933eaad47ac,1,a50117a52171753796506414ae0d165c9c33f067,91,91,135,341,0.3959
1321,db9c9e83b6e97cc9baa04a8f1df0f933eaad47ac,2,7dfc7d7196062b83339dcdb627a79856b2803dec,167,167,190,341,0.5572
1321,db9c9e83b6e97cc9baa04a8f1df0f933eaad47ac,3,32d16860766e7058f7d98e0954369656f43e535e,279,279,223,341,0.654
1321,db9c9e83b6e97cc9baa04a8f1df0f933eaad47ac,7,df1b91cfa76e80eb6696b1cf812837ed688065bf,526,523,309,341,0.9062
1312,445f23e6c8714e9e24c08fcce1f4f2cbefdfcb08,1,717b69900030c6a55921e73b42c5a0167fadca15,91,91,133,341,0.39
1312,445f23e6c8714e9e24c08fcce1f4f2cbefdfcb08,2,50a14d8fbba7a5e60a83d6278e37f5e1b82a4b90,166,166,190,341,0.5572
1312,445f23e6c8714e9e24c08fcce1f4f2cbefdfcb08,3,d0329e5476bb2b2195d9e0bbcb6db7571530cb42,274,274,223,341,0.654
1312,445f23e6c8714e9e24c08fcce1f4f2cbefdfcb08,7,1d869547b236466a299460c449e670f9171ca06e,526,523,309,341,0.9062
1351,d5b1d941a8cafad68c0e69021adaa4e55532dddd,1,717b69900030c6a55921e73b42c5a0167fadca15,91,91,135,342,0.3947
1351,d5b1d941a8cafad68c0e69021adaa4e55532dddd,2,fdca35db6056b1a31191eee87f551de66250a11f,165,165,192,342,0.5614
1351,d5b1d941a8cafad68c0e69021adaa4e55532dddd,3,815590fcff6556819cedb4e84e252ca7d1c40884,274,274,225,342,0.6579
1351,d5b1d941a8cafad68c0e69021adaa4e55532dddd,7,3ef2511349f04e5cd09900034ca0e11c00bb663d,524,521,309,342,0.9035
1352,464857c5ba060704e04a1969a8aa0f9d4b7998e2,1,717b69900030c6a55921e73b42c5a0167fadca15,91,91,135,342,0.3947
1352,464857c5ba060704e04a1969a8aa0f9d4b7998e2,2,fdca35db6056b1a31191eee87f551de66250a11f,165,165,192,342,0.5614
1352,464857c5ba060704e04a1969a8aa0f9d4b7998e2,3,63149bc94727c1de4c8755363e3cd936de93eabf,273,273,225,342,0.6579
1352,464857c5ba060704e04a1969a8aa0f9d4b7998e2,7,900522a4cdd42b13d493364290297c6bcc5a7ddf,524,521,309,342,0.9035
1386,47c5fe8393369199523f14376ad235ca1569b9a8,1,717b69900030c6a55921e73b42c5a0167fadca15,93,93,136,342,0.3977
1386,47c5fe8393369199523f14376ad235ca1569b9a8,2,8945049a3072db74cc5ae37b33c63ec58aca2318,166,166,190,342,0.5556
1386,47c5fe8393369199523f14376ad235ca1569b9a8,3,f9e5e2d7776a83e9a05cc4b6f55e781e97809d37,275,275,225,342,0.6579
1386,47c5fe8393369199523f14376ad235ca1569b9a8,7,c4d3253dda8882c1582d411cbe31307403e79b8f,522,519,309,342,0.9035
1480,cbe04981dda0ecd209132a476ca2032b1bd9e278,1,717b69900030c6a55921e73b42c5a0167fadca15,94,94,136,342,0.3977
1480,cbe04981dda0ecd209132a476ca2032b1bd9e278,2,8945049a3072db74cc5ae37b33c63ec58aca2318,167,167,190,342,0.5556
1480,cbe04981dda0ecd209132a476ca2032b1bd9e278,3,f9e5e2d7776a83e9a05cc4b6f55e781e97809d37,276,276,225,342,0.6579
1480,cbe04981dda0ecd209132a476ca2032b1bd9e278,7,c4d3253dda8882c1582d411cbe31307403e79b8f,523,520,309,342,0.9035
1640,af5b8d1021e6176c4cfcd1e8b0c0498317113fe8,1,2c480346b93596aa579f63854dd4555deff46418,91,91,136,342,0.3977
1640,af5b8d1021e6176c4cfcd1e8b0c0498317113fe8,2,8327e76a2736c0843d323f6ddacd5b84bf00a1f9,167,167,181,342,0.5292
1640,af5b8d1021e6176c4cfcd1e8b0c0498317113fe8,3,445d1584e70d329a02467d2d2dc665440c52bc2f,271,271,224,342,0.655
1640,af5b8d1021e6176c4cfcd1e8b0c0498317113fe8,7,5167c22bb5fb5de640f00c3b93e3841057e20b94,523,520,309,342,0.9035
838,6f625decfdec3423484466371d892cd204db49a8,1,adec1449f2db4908d5d08b1af472f39cc1dbd40a,89,89,139,342,0.4064
838,6f625decfdec3423484466371d892cd204db49a8,2,8327e76a2736c0843d323f6ddacd5b84bf00a1f9,171,171,184,342,0.538
838,6f625decfdec3423484466371d892cd204db49a8,3,5ea7186cf154e8bd39beeb86e92fc59e999c70b0,275,275,225,342,0.6579
838,6f625decfdec3423484466371d892cd204db49a8,7,ca3231133ee03b3825b7f3d2d5e4938dce31344d,522,519,310,342,0.9064
1660,bdec18dc19146a9a289c359aa8a067ebe5553ddd,1,8279f86b9d0335734b01d2055566b041868a652d,96,96,142,342,0.4152
1660,bdec18dc19146a9a289c359aa8a067ebe5553ddd,2,fd30c1851eaff966d8fc9199381e87c5c1d2ba11,179,179,185,342,0.5409
1660,bdec18dc19146a9a289c359aa8a067ebe5553ddd,3,e106042f3c352e813af824d9f7c649f78037e18f,281,281,227,342,0.6637
1660,bdec18dc19146a9a289c359aa8a067ebe5553ddd,7,10748a506d6e0fb9c3eee296e6587b9c71665239,528,525,309,342,0.9035
1359,eabfabbbac2f46167c1d343f72890171566dc6f5,1,8279f86b9d0335734b01d2055566b041868a652d,98,98,142,342,0.4152
1359,eabfabbbac2f46167c1d343f72890171566dc6f5,2,fd30c1851eaff966d8fc9199381e87c5c1d2ba11,181,181,185,342,0.5409
1359,eabfabbbac2f46167c1d343f72890171566dc6f5,3,e106042f3c352e813af824d9f7c649f78037e18f,283,283,227,342,0.6637
1359,eabfabbbac2f46167c1d343f72890171566dc6f5,7,10748a506d6e0fb9c3eee296e6587b9c71665239,530,527,309,342,0.9035
1439,30e6a7b77ff196cb5e0e80e657cc66f616dcf235,1,d1288f237e2d77b3da0fb93cead5cbb53ff13887,96,96,142,342,0.4152
1439,30e6a7b77ff196cb5e0e80e657cc66f616dcf235,2,e850ad3a51e46ba4816175bc1181aec5d3b04091,174,174,185,342,0.5409
1439,30e6a7b77ff196cb5e0e80e657cc66f616dcf235,3,c8271c42c8b248eb7c7d0a6500a03a03ecdbad5c,283,283,227,342,0.6637
1439,30e6a7b77ff196cb5e0e80e657cc66f616dcf235,7,59d0365a3f156ba530151b3380c34bad470c50b8,526,523,309,342,0.9035
1632,055ab7219aedc8b0e958b974a4ee5bddee792beb,1,d1288f237e2d77b3da0fb93cead5cbb53ff13887,96,96,143,342,0.4181
1632,055ab7219aedc8b0e958b974a4ee5bddee792beb,2,523ae7ff5e6eaa85879c01de9311dcc244556f35,174,174,184,342,0.538
1632,055ab7219aedc8b0e958b974a4ee5bddee792beb,3,d263de575c793fc3a27fba53ac19331142cdc283,277,277,227,342,0.6637
1632,055ab7219aedc8b0e958b974a4ee5bddee792beb,7,59d0365a3f156ba530151b3380c34bad470c50b8,526,523,309,342,0.9035
1315,14f3767d98ff0c8812aae5a7281d3f7a7a8c14b3,1,ee1399416b9e3a65e3b5a7b67fce1302e93965fd,98,98,143,343,0.4169
1315,14f3767d98ff0c8812aae5a7281d3f7a7a8c14b3,2,23c4fefd9d31a1db7ddccc8d23cec94dacaae697,177,177,186,343,0.5423
1315,14f3767d98ff0c8812aae5a7281d3f7a7a8c14b3,3,186a7eb499566daca76983f4179a788d10ae8dd8,273,273,228,343,0.6647
1315,14f3767d98ff0c8812aae5a7281d3f7a7a8c14b3,7,99d1070de9b429ecc2f5149ad2796cef2b940109,526,523,310,343,0.9038
840,051f1b654fa5b064fdc3f5963fa50ac65d093832,1,ee1399416b9e3a65e3b5a7b67fce1302e93965fd,99,99,143,343,0.4169
840,051f1b654fa5b064fdc3f5963fa50ac65d093832,2,92967ea707295e795678f964209a7eb893548b5c,178,178,186,343,0.5423
840,051f1b654fa5b064fdc3f5963fa50ac65d093832,3,186a7eb499566daca76983f4179a788d10ae8dd8,274,274,228,343,0.6647
840,051f1b654fa5b064fdc3f5963fa50ac65d093832,7,99d1070de9b429ecc2f5149ad2796cef2b940109,527,524,310,343,0.9038
1633,5d22997f1487041e9d52b891e2fcc0dcfe351568,1,3c4f15deab22e3afddce0b45e8eb3711c12db3db,101,101,157,345,0.4551
1633,5d22997f1487041e9d52b891e2fcc0dcfe351568,2,3189b7e1ae31c7bbe8479bf608156f205ecba669,183,183,200,345,0.5797
1633,5d22997f1487041e9d52b891e2fcc0dcfe351568,3,186a7eb499566daca76983f4179a788d10ae8dd8,279,279,242,345,0.7014
1633,5d22997f1487041e9d52b891e2fcc0dcfe351568,7,99d1070de9b429ecc2f5149ad2796cef2b940109,532,529,312,345,0.9043
1794,c7558779d2900a039edb93e822bc96d0413c2e23,1,e1690619e099c8c5c69570cbfe9254c0408080ed,99,99,157,345,0.4551
1794,c7558779d2900a039edb93e822bc96d0413c2e23,2,33cc04102ae9ad370e5cb30a93f2b0aa6bf81cb8,184,184,200,345,0.5797
1794,c7558779d2900a039edb93e822bc96d0413c2e23,3,186a7eb499566daca76983f4179a788d10ae8dd8,280,280,242,345,0.7014
1794,c7558779d2900a039edb93e822bc96d0413c2e23,7,78ae72992f49ec939ad1651cf414e980ba9b404a,532,529,312,345,0.9043
1360,5cf2031353f26300d625a1ff6579567348e1280e,1,076bbb727da3fcbd1c883d8e986c8599eee1408d,97,97,153,345,0.4435
1360,5cf2031353f26300d625a1ff6579567348e1280e,2,3759e2521d5cfb8486d569fc6011609a3a8ac934,167,167,197,345,0.571
1360,5cf2031353f26300d625a1ff6579567348e1280e,3,7f399811713ba24c00d8df76b9fc1ad2ca41347f,274,274,240,345,0.6957
1360,5cf2031353f26300d625a1ff6579567348e1280e,7,57f36bdadc0ab83c91c2680160a66a216f627987,530,527,312,345,0.9043
841,be148d59e014f42819363d02bbc076519cdac113,1,076bbb727da3fcbd1c883d8e986c8599eee1408d,97,97,153,345,0.4435
841,be148d59e014f42819363d02bbc076519cdac113,2,051fda86d73ee5665aca66030aaf8a0758f3d07e,167,167,197,345,0.571
841,be148d59e014f42819363d02bbc076519cdac113,3,2f81af331297f939ea13c569fdebe9769cb347c5,270,270,238,345,0.6899
841,be148d59e014f42819363d02bbc076519cdac113,7,59dba48336d8509488b4e7fdb47c57810cf57c63,530,527,312,345,0.9043
842,d8036c47de12db6cb02e8a52bd5c097e300adf5b,1,076bbb727da3fcbd1c883d8e986c8599eee1408d,97,97,153,345,0.4435
842,d8036c47de12db6cb02e8a52bd5c097e300adf5b,2,051fda86d73ee5665aca66030aaf8a0758f3d07e,167,167,197,345,0.571
842,d8036c47de12db6cb02e8a52bd5c097e300adf5b,3,2f81af331297f939ea13c569fdebe9769cb347c5,270,270,238,345,0.6899
842,d8036c47de12db6cb02e8a52bd5c097e300adf5b,7,98d99a996b0690df38f63536d1e8cf9111172d8a,528,525,312,345,0.9043
1818,c622b375482ecad72a4f6533d444fd3915df536e,1,e5d9718bcd33c284a99931ae3076db5482e3029f,95,95,153,345,0.4435
1818,c622b375482ecad72a4f6533d444fd3915df536e,2,8b612b3a038b0f79a18c5bfb07f702f298c5a0df,162,162,195,345,0.5652
1818,c622b375482ecad72a4f6533d444fd3915df536e,3,e50f94300aab28acad62dfac237a1a79c0cea44f,266,266,238,345,0.6899
1818,c622b375482ecad72a4f6533d444fd3915df536e,7,98d99a996b0690df38f63536d1e8cf9111172d8a,528,525,312,345,0.9043
1514,edb2e1fc210054a9e4ec9d95518573cd80125b70,1,23e500d8cb3c1e00ae0118818ca1058a053c7549,94,94,151,345,0.4377
1514,edb2e1fc210054a9e4ec9d95518573cd80125b70,2,0b6e00113486f44b4072d3fe9134ceb4465c9c32,162,162,195,345,0.5652
1514,edb2e1fc210054a9e4ec9d95518573cd80125b70,3,2cb08f4b0a04594284a7f61b3502b7727f4794b4,266,266,238,345,0.6899
1514,edb2e1fc210054a9e4ec9d95518573cd80125b70,7,7ef7ed99e6cd9f1e2128d23549aa41860abb6a86,525,522,312,345,0.9043
1515,d38fd929f11a4c03c362cbd8b9beb1fdce64f34b,1,51bfc9f97834fe87768dc25ee6d66d7a1bbd59c4,94,94,151,345,0.4377
1515,d38fd929f11a4c03c362cbd8b9beb1fdce64f34b,2,9edb8fd8404a2486a031792869bc160e9a760afb,162,162,195,345,0.5652
1515,d38fd929f11a4c03c362cbd8b9beb1fdce64f34b,3,fb8170a8d7043edd6836554d88ee6d2434469777,266,266,238,345,0.6899
1515,d38fd929f11a4c03c362cbd8b9beb1fdce64f34b,7,196ccd8b213be39793495e7757e1394c194a64c7,525,522,311,345,0.9014
1529,31d5b94f4fd6402673ba7bbe856a2240a7597a0c,1,51bfc9f97834fe87768dc25ee6d66d7a1bbd59c4,94,94,151,345,0.4377
1529,31d5b94f4fd6402673ba7bbe856a2240a7597a0c,2,9edb8fd8404a2486a031792869bc160e9a760afb,162,162,195,345,0.5652
1529,31d5b94f4fd6402673ba7bbe856a2240a7597a0c,3,fb8170a8d7043edd6836554d88ee6d2434469777,266,266,238,345,0.6899
1529,31d5b94f4fd6402673ba7bbe856a2240a7597a0c,7,196ccd8b213be39793495e7757e1394c194a64c7,525,522,311,345,0.9014
1641,f78d2dfff43f2674479f0441100b368c016212ee,1,4855bc84aef60d050b24dc5b84bc82168fdea0ce,90,90,150,345,0.4348
1641,f78d2dfff43f2674479f0441100b368c016212ee,2,9edb8fd8404a2486a031792869bc160e9a760afb,162,162,195,345,0.5652
1641,f78d2dfff43f2674479f0441100b368c016212ee,3,fb8170a8d7043edd6836554d88ee6d2434469777,266,266,238,345,0.6899
1641,f78d2dfff43f2674479f0441100b368c016212ee,7,a722911f27fed3ede1d79710878cecd4ae3657f0,522,519,306,345,0.887
1537,030bb3a1e7cdea31a92b6c89dfb85cb4dd32cd11,1,4855bc84aef60d050b24dc5b84bc82168fdea0ce,93,93,155,346,0.448
1537,030bb3a1e7cdea31a92b6c89dfb85cb4dd32cd11,2,9edb8fd8404a2486a031792869bc160e9a760afb,165,165,197,346,0.5694
1537,030bb3a1e7cdea31a92b6c89dfb85cb4dd32cd11,3,fb8170a8d7043edd6836554d88ee6d2434469777,269,269,240,346,0.6936
1537,030bb3a1e7cdea31a92b6c89dfb85cb4dd32cd11,7,a722911f27fed3ede1d79710878cecd4ae3657f0,525,522,307,346,0.8873
1481,0868fff45d1e1976ac3a13a882ba2a58ff19a923,1,459131332542953cb8eda7d04d4c59d80cc7ac5d,88,88,155,346,0.448
1481,0868fff45d1e1976ac3a13a882ba2a58ff19a923,2,2449e081f229b0e661160e095298a840d6c7dc96,155,155,190,346,0.5491
1481,0868fff45d1e1976ac3a13a882ba2a58ff19a923,3,fb8170a8d7043edd6836554d88ee6d2434469777,269,269,240,346,0.6936
1481,0868fff45d1e1976ac3a13a882ba2a58ff19a923,7,da37c68e932520d37412ae2abf0c5eae626f0571,517,514,306,346,0.8844
1223,9d001a0cb441baec7895f66c975aa27907826fb7,1,bfeada1d1e46831221677af14aa4d512342f755f,97,97,157,346,0.4538
1223,9d001a0cb441baec7895f66c975aa27907826fb7,2,ac1e5eb3fe715912b53168234aae4e91692e2a58,164,164,192,346,0.5549
1223,9d001a0cb441baec7895f66c975aa27907826fb7,3,fb8170a8d7043edd6836554d88ee6d2434469777,278,278,242,346,0.6994
1223,9d001a0cb441baec7895f66c975aa27907826fb7,7,261a3245f25f40261fdf9fd671d55179eba9139e,524,521,304,346,0.8786
1540,832fc43a25b8767d8f7875445430c70033da017d,1,f7619e64273f220dc0462e3b8312eb013a9ea8f6,105,105,163,347,0.4697
1540,832fc43a25b8767d8f7875445430c70033da017d,2,9cc92cfcced42ebb75b2699b86b04855141f8d69,173,173,196,347,0.5648
1540,832fc43a25b8767d8f7875445430c70033da017d,3,fb8170a8d7043edd6836554d88ee6d2434469777,287,287,243,347,0.7003
1540,832fc43a25b8767d8f7875445430c70033da017d,7,7b4ba3943ed78019556c0aa390fe4b8584438f94,532,529,304,347,0.8761
1550,73471de9dbe6fd2d1a334db9afb06668cb7536d2,1,5f4e4cd4c41ac12572371e03b9a49aab9fa51c83,108,108,163,347,0.4697
1550,73471de9dbe6fd2d1a334db9afb06668cb7536d2,2,9cc92cfcced42ebb75b2699b86b04855141f8d69,176,176,196,347,0.5648
1550,73471de9dbe6fd2d1a334db9afb06668cb7536d2,3,471bb76bd66d51e089d22d11816f5c0af556fa03,290,290,243,347,0.7003
1550,73471de9dbe6fd2d1a334db9afb06668cb7536d2,7,3f3d05bc139635ab226513821399b0b38a718da2,535,532,304,347,0.8761
1568,5c9e689463f603b8c67a799a8c902e401924fe94,1,5f4e4cd4c41ac12572371e03b9a49aab9fa51c83,108,108,165,348,0.4741
1568,5c9e689463f603b8c67a799a8c902e401924fe94,2,9cc92cfcced42ebb75b2699b86b04855141f8d69,176,176,198,348,0.569
1568,5c9e689463f603b8c67a799a8c902e401924fe94,3,471bb76bd66d51e089d22d11816f5c0af556fa03,290,290,245,348,0.704
1568,5c9e689463f603b8c67a799a8c902e401924fe94,7,cc0d8f88106adc66fbb7ea22c6899b67458766f7,535,532,305,348,0.8764
1551,71b54b224afb6fe25fa0e9d50c0311acccac4c2f,1,1035491baa5935f05c46691d77a8424fae8bb049,103,103,165,348,0.4741
1551,71b54b224afb6fe25fa0e9d50c0311acccac4c2f,2,9cc92cfcced42ebb75b2699b86b04855141f8d69,176,176,198,348,0.569
1551,71b54b224afb6fe25fa0e9d50c0311acccac4c2f,3,471bb76bd66d51e089d22d11816f5c0af556fa03,290,290,245,348,0.704
1551,71b54b224afb6fe25fa0e9d50c0311acccac4c2f,7,42fda849f2a80118aef5a7b2149d69f4e12415ee,531,528,305,348,0.8764
1811,42207403f386f73f5279f23550c9df79e4e4f5af,1,1035491baa5935f05c46691d77a8424fae8bb049,103,103,167,349,0.4785
1811,42207403f386f73f5279f23550c9df79e4e4f5af,2,0a89645beee92c42cded66a6224cdaf4975769b7,174,174,200,349,0.5731
1811,42207403f386f73f5279f23550c9df79e4e4f5af,3,471bb76bd66d51e089d22d11816f5c0af556fa03,290,290,246,349,0.7049
1811,42207403f386f73f5279f23550c9df79e4e4f5af,7,42fda849f2a80118aef5a7b2149d69f4e12415ee,531,528,306,349,0.8768
1564,f7f900ef8c945f083f9b21f1c98bb5c2daa9c97a,1,1035491baa5935f05c46691d77a8424fae8bb049,103,103,167,349,0.4785
1564,f7f900ef8c945f083f9b21f1c98bb5c2daa9c97a,2,0a89645beee92c42cded66a6224cdaf4975769b7,174,174,200,349,0.5731
1564,f7f900ef8c945f083f9b21f1c98bb5c2daa9c97a,3,471bb76bd66d51e089d22d11816f5c0af556fa03,290,290,246,349,0.7049
1564,f7f900ef8c945f083f9b21f1c98bb5c2daa9c97a,7,e030a1148e8fd38facbdefda39bb43e2d6891a6f,531,528,306,349,0.8768
1644,72e7e7e6faeaddb94d651ac537ee0e7340debc54,1,1035491baa5935f05c46691d77a8424fae8bb049,104,104,168,349,0.4814
1644,72e7e7e6faeaddb94d651ac537ee0e7340debc54,2,0a89645beee92c42cded66a6224cdaf4975769b7,175,175,201,349,0.5759
1644,72e7e7e6faeaddb94d651ac537ee0e7340debc54,3,471bb76bd66d51e089d22d11816f5c0af556fa03,291,291,246,349,0.7049
1644,72e7e7e6faeaddb94d651ac537ee0e7340debc54,7,e030a1148e8fd38facbdefda39bb43e2d6891a6f,532,529,306,349,0.8768
1617,b49f6ae83f008b6bb7283b01b302cf186ce9d220,1,1035491baa5935f05c46691d77a8424fae8bb049,104,104,168,349,0.4814
1617,b49f6ae83f008b6bb7283b01b302cf186ce9d220,2,ae9b41069dac2b61797200873cb1dc67027ed99b,174,174,201,349,0.5759
1617,b49f6ae83f008b6bb7283b01b302cf186ce9d220,3,09679d3f3799008c37aea7ae954ff193411829ae,291,291,246,349,0.7049
1617,b49f6ae83f008b6bb7283b01b302cf186ce9d220,7,e030a1148e8fd38facbdefda39bb43e2d6891a6f,532,529,306,349,0.8768
1618,b4f75bac20660c042b72799001e373ce980602d4,1,a35286332287ac0c1f48f9cc57e1580cdb14daef,104,104,168,349,0.4814
1618,b4f75bac20660c042b72799001e373ce980602d4,2,ae9b41069dac2b61797200873cb1dc67027ed99b,174,174,202,349,0.5788
1618,b4f75bac20660c042b72799001e373ce980602d4,3,e1004763aabd4e05e34e62dd091011d44c3dcf55,278,278,242,349,0.6934
1618,b4f75bac20660c042b72799001e373ce980602d4,7,139830d5409b0b34c29ef99a2c671672c548789d,528,525,306,349,0.8768
1605,e4da267e5494b8dd72fa1fd287c9b2941a5ae2fa,1,adda99a602531acae52738f39601f418a423fb84,99,99,152,349,0.4355
1605,e4da267e5494b8dd72fa1fd287c9b2941a5ae2fa,2,0c5f042ef4fce6c26be7ce3f48a5819b3673e2a4,163,163,198,349,0.5673
1605,e4da267e5494b8dd72fa1fd287c9b2941a5ae2fa,3,6f98769f5fa949400b45430df0249bf47ca83cde,265,265,231,349,0.6619
1605,e4da267e5494b8dd72fa1fd287c9b2941a5ae2fa,7,d453eb016e86b1e7abffeb65ca3c569fded277c5,500,497,295,349,0.8453
663,4172793beca6e147ef8fe972237fb353069e0bea,1,adda99a602531acae52738f39601f418a423fb84,99,99,152,349,0.4355
663,4172793beca6e147ef8fe972237fb353069e0bea,2,0c5f042ef4fce6c26be7ce3f48a5819b3673e2a4,163,163,198,349,0.5673
663,4172793beca6e147ef8fe972237fb353069e0bea,3,6f98769f5fa949400b45430df0249bf47ca83cde,265,265,231,349,0.6619
663,4172793beca6e147ef8fe972237fb353069e0bea,7,8ed628df40e67378b93db7900357dec0102afe9c,500,497,295,349,0.8453
1600,37a85355fcd7d08d441a9436bacad2ad7779d63b,1,adda99a602531acae52738f39601f418a423fb84,99,99,153,349,0.4384
1600,37a85355fcd7d08d441a9436bacad2ad7779d63b,2,2e9c6445e0f1a65c8291e824e93985f5e502f790,159,159,197,349,0.5645
1600,37a85355fcd7d08d441a9436bacad2ad7779d63b,3,79d17986398a6834e7bbb68ab82c2315d08a73b2,260,260,231,349,0.6619
1600,37a85355fcd7d08d441a9436bacad2ad7779d63b,7,61608056598cf604fc83f7ef468d32a15b220145,500,497,295,349,0.8453
1574,32b028e174bd4ccad67e2f3e2750c059c7b4f8ae,1,f46a7963cf708d621bf529eb855ecfb552f78b33,97,97,152,349,0.4355
1574,32b028e174bd4ccad67e2f3e2750c059c7b4f8ae,2,2e9c6445e0f1a65c8291e824e93985f5e502f790,159,159,198,349,0.5673
1574,32b028e174bd4ccad67e2f3e2750c059c7b4f8ae,3,9d19e500522cadd5647edf84a96f8682a9ac9192,260,260,232,349,0.6648
1574,32b028e174bd4ccad67e2f3e2750c059c7b4f8ae,7,1e33280ef3e426927fafd5dfb90fe12f71300cba,495,492,294,349,0.8424
1843,0ab84bbbb3580527f378bc3bbfc7efbd2590d8be,1,6e53bc4dc8643fc81c0ab2091b368c6c7f176d2e,96,96,150,349,0.4298
1843,0ab84bbbb3580527f378bc3bbfc7efbd2590d8be,2,6c1b6760b0ecfab09286ecbe91bf1947f944222a,161,161,198,349,0.5673
1843,0ab84bbbb3580527f378bc3bbfc7efbd2590d8be,3,112aecdfbba4c2ccfc367c5db827aafd9ab82584,256,256,231,349,0.6619
1843,0ab84bbbb3580527f378bc3bbfc7efbd2590d8be,7,6cc66349907c3c8279621d81c318e2255ba245de,497,494,294,349,0.8424
1601,b02282d78b50d1f40a70ca8354758e5ae9b033fe,1,d751a0c93304aece21c4de99fe41cc0bb3aac76b,68,68,133,349,0.3811
1601,b02282d78b50d1f40a70ca8354758e5ae9b033fe,2,68494cc54c702205db2bdaad21f3550f23471f9a,160,160,199,349,0.5702
1601,b02282d78b50d1f40a70ca8354758e5ae9b033fe,3,e8f05079c3d354b68a03455621235df3658c7d30,255,255,232,349,0.6648
1601,b02282d78b50d1f40a70ca8354758e5ae9b033fe,7,b0a1c79243a4200e7e0895810190f89a28fa0e0e,497,494,294,349,0.8424
1616,6ed11469dff774d9f0068533bb7c7777ebd5549c,1,d751a0c93304aece21c4de99fe41cc0bb3aac76b,68,68,133,349,0.3811
1616,6ed11469dff774d9f0068533bb7c7777ebd5549c,2,68494cc54c702205db2bdaad21f3550f23471f9a,160,160,199,349,0.5702
1616,6ed11469dff774d9f0068533bb7c7777ebd5549c,3,0f1a6026cf82029153afdb31088e6065843fcb8e,254,254,232,349,0.6648
1616,6ed11469dff774d9f0068533bb7c7777ebd5549c,7,b0a1c79243a4200e7e0895810190f89a28fa0e0e,497,494,294,349,0.8424
1625,a9f7df0d3d041b525ff80c312d1287f17386f715,1,d751a0c93304aece21c4de99fe41cc0bb3aac76b,68,68,135,349,0.3868
1625,a9f7df0d3d041b525ff80c312d1287f17386f715,2,c0986d7dff7f7421dca7bb0b5a84595e794bc932,156,156,199,349,0.5702
1625,a9f7df0d3d041b525ff80c312d1287f17386f715,3,0f1a6026cf82029153afdb31088e6065843fcb8e,254,254,233,349,0.6676
1625,a9f7df0d3d041b525ff80c312d1287f17386f715,7,0b1ea9e5dfeaf803e5d3b45a56965bb217f3f835,496,493,295,349,0.8453
1635,4ed06616d5e0f5bcbdd10ee16e558c275c96caae,1,e70840a90ad29812c855146c54be13f18649b173,67,67,133,349,0.3811
1635,4ed06616d5e0f5bcbdd10ee16e558c275c96caae,2,c0986d7dff7f7421dca7bb0b5a84595e794bc932,156,156,199,349,0.5702
1635,4ed06616d5e0f5bcbdd10ee16e558c275c96caae,3,0f1a6026cf82029153afdb31088e6065843fcb8e,254,254,233,349,0.6676
1635,4ed06616d5e0f5bcbdd10ee16e558c275c96caae,7,0b1ea9e5dfeaf803e5d3b45a56965bb217f3f835,496,493,295,349,0.8453
1619,dcec3218f461207e458ac405ac0b7b555f9c8817,1,1f9c9ad235feb13fbc1197e340bb8c2c83bebdd6,66,66,131,349,0.3754
1619,dcec3218f461207e458ac405ac0b7b555f9c8817,2,9a7c0627bf1ae6cc36fb65f03eb8e43fd9345d8c,156,156,199,349,0.5702
1619,dcec3218f461207e458ac405ac0b7b555f9c8817,3,dfdf44569585ad11c307fe1cd8e644be76361566,252,252,233,349,0.6676
1619,dcec3218f461207e458ac405ac0b7b555f9c8817,7,150a6e1c371d9dc93df6b142a1a9bd1ee37b6d49,495,492,295,349,0.8453
1643,e0428eb4dcee31e579606b04ef5e217636bdd698,1,464857c5ba060704e04a1969a8aa0f9d4b7998e2,58,58,109,350,0.3114
1643,e0428eb4dcee31e579606b04ef5e217636bdd698,2,717b69900030c6a55921e73b42c5a0167fadca15,151,151,184,350,0.5257
1643,e0428eb4dcee31e579606b04ef5e217636bdd698,3,fdca35db6056b1a31191eee87f551de66250a11f,225,225,231,350,0.66
1643,e0428eb4dcee31e579606b04ef5e217636bdd698,7,2673267fac0e5c8f06ebb6005aeaae3dead2c992,483,480,287,350,0.82
1637,bdffbaa3aa68415d0bfe6c4f5e05054dfe78e860,1,464857c5ba060704e04a1969a8aa0f9d4b7998e2,58,58,109,350,0.3114
1637,bdffbaa3aa68415d0bfe6c4f5e05054dfe78e860,2,717b69900030c6a55921e73b42c5a0167fadca15,151,151,184,350,0.5257
1637,bdffbaa3aa68415d0bfe6c4f5e05054dfe78e860,3,fdca35db6056b1a31191eee87f551de66250a11f,225,225,231,350,0.66
1637,bdffbaa3aa68415d0bfe6c4f5e05054dfe78e860,7,2673267fac0e5c8f06ebb6005aeaae3dead2c992,483,480,287,350,0.82
1651,f8a7b815177b2d8ce4ddb5173c6bd1f4d97f2866,1,464857c5ba060704e04a1969a8aa0f9d4b7998e2,58,58,109,350,0.3114
1651,f8a7b815177b2d8ce4ddb5173c6bd1f4d97f2866,2,717b69900030c6a55921e73b42c5a0167fadca15,151,151,184,350,0.5257
1651,f8a7b815177b2d8ce4ddb5173c6bd1f4d97f2866,3,8945049a3072db74cc5ae37b33c63ec58aca2318,224,224,229,350,0.6543
1651,f8a7b815177b2d8ce4ddb5173c6bd1f4d97f2866,7,2673267fac0e5c8f06ebb6005aeaae3dead2c992,483,480,287,350,0.82
1225,1abfc6c7ff6513464ea50558bfd8c0d4e08e8171,1,464857c5ba060704e04a1969a8aa0f9d4b7998e2,58,58,109,350,0.3114
1225,1abfc6c7ff6513464ea50558bfd8c0d4e08e8171,2,717b69900030c6a55921e73b42c5a0167fadca15,151,151,184,350,0.5257
1225,1abfc6c7ff6513464ea50558bfd8c0d4e08e8171,3,8945049a3072db74cc5ae37b33c63ec58aca2318,224,224,229,350,0.6543
1225,1abfc6c7ff6513464ea50558bfd8c0d4e08e8171,7,2673267fac0e5c8f06ebb6005aeaae3dead2c992,483,480,287,350,0.82
1680,b513320117aa47a735996a088d67d46670ee6ed8,1,af5b8d1021e6176c4cfcd1e8b0c0498317113fe8,64,64,109,350,0.3114
1680,b513320117aa47a735996a088d67d46670ee6ed8,2,e26167df62712b881e0d10407f10a142e68c8e37,158,158,184,350,0.5257
1680,b513320117aa47a735996a088d67d46670ee6ed8,3,8327e76a2736c0843d323f6ddacd5b84bf00a1f9,235,235,220,350,0.6286
1680,b513320117aa47a735996a088d67d46670ee6ed8,7,8f2c5b06520cdbb3057c2af266263a9017361e68,491,491,287,350,0.82
1661,dd7990e1ea0caec2f0898c3d2af1df9d51295a62,1,6f625decfdec3423484466371d892cd204db49a8,56,56,104,350,0.2971
1661,dd7990e1ea0caec2f0898c3d2af1df9d51295a62,2,adec1449f2db4908d5d08b1af472f39cc1dbd40a,153,153,184,350,0.5257
1661,dd7990e1ea0caec2f0898c3d2af1df9d51295a62,3,8327e76a2736c0843d323f6ddacd5b84bf00a1f9,235,235,220,350,0.6286
1661,dd7990e1ea0caec2f0898c3d2af1df9d51295a62,7,8f2c5b06520cdbb3057c2af266263a9017361e68,491,491,287,350,0.82
1689,737d37da49c2724963c3f552e7b5defc8630f0c9,1,6f625decfdec3423484466371d892cd204db49a8,58,58,104,350,0.2971
1689,737d37da49c2724963c3f552e7b5defc8630f0c9,2,adec1449f2db4908d5d08b1af472f39cc1dbd40a,155,155,184,350,0.5257
1689,737d37da49c2724963c3f552e7b5defc8630f0c9,3,8327e76a2736c0843d323f6ddacd5b84bf00a1f9,237,237,220,350,0.6286
1689,737d37da49c2724963c3f552e7b5defc8630f0c9,7,8f2c5b06520cdbb3057c2af266263a9017361e68,493,493,287,350,0.82
1703,97ce2f9cec7996f84c0b28f37ecf3b4cec9408ad,1,6f625decfdec3423484466371d892cd204db49a8,58,58,104,350,0.2971
1703,97ce2f9cec7996f84c0b28f37ecf3b4cec9408ad,2,adec1449f2db4908d5d08b1af472f39cc1dbd40a,155,155,184,350,0.5257
1703,97ce2f9cec7996f84c0b28f37ecf3b4cec9408ad,3,8327e76a2736c0843d323f6ddacd5b84bf00a1f9,237,237,220,350,0.6286
1703,97ce2f9cec7996f84c0b28f37ecf3b4cec9408ad,7,9c52e01f0ab536d54059cef50a9838a58995ea7d,488,488,284,350,0.8114
1727,0f15fcc7cb0b559258c725fb81467bb70e2c63ce,1,eabfabbbac2f46167c1d343f72890171566dc6f5,60,60,118,349,0.3381
1727,0f15fcc7cb0b559258c725fb81467bb70e2c63ce,2,6f64d11320b2069bcd93a34ad28ac15bb5179bc4,156,156,188,349,0.5387
1727,0f15fcc7cb0b559258c725fb81467bb70e2c63ce,3,fd30c1851eaff966d8fc9199381e87c5c1d2ba11,236,236,218,349,0.6246
1727,0f15fcc7cb0b559258c725fb81467bb70e2c63ce,7,752e5b549f6f7598297c1f152a416faf3f62926e,486,486,282,349,0.808
1785,8784bc26cefa3d5da8a9cb18dce3d63d6ed195c1,1,eabfabbbac2f46167c1d343f72890171566dc6f5,60,60,118,349,0.3381
1785,8784bc26cefa3d5da8a9cb18dce3d63d6ed195c1,2,b870fc29844921de2d9e3c7f6a8a803459b0435e,156,156,188,349,0.5387
1785,8784bc26cefa3d5da8a9cb18dce3d63d6ed195c1,3,e850ad3a51e46ba4816175bc1181aec5d3b04091,229,229,218,349,0.6246
1785,8784bc26cefa3d5da8a9cb18dce3d63d6ed195c1,7,752e5b549f6f7598297c1f152a416faf3f62926e,486,486,282,349,0.808
1736,484181930453bfe75b6984df900688ab08365638,1,eabfabbbac2f46167c1d343f72890171566dc6f5,60,60,118,349,0.3381
1736,484181930453bfe75b6984df900688ab08365638,2,b870fc29844921de2d9e3c7f6a8a803459b0435e,156,156,188,349,0.5387
1736,484181930453bfe75b6984df900688ab08365638,3,e850ad3a51e46ba4816175bc1181aec5d3b04091,229,229,218,349,0.6246
1736,484181930453bfe75b6984df900688ab08365638,7,752e5b549f6f7598297c1f152a416faf3f62926e,486,486,282,349,0.808
1704,e384f6741b5b8bd15d3b8860a33d3ffe9d3ea3a0,1,eabfabbbac2f46167c1d343f72890171566dc6f5,60,60,118,349,0.3381
1704,e384f6741b5b8bd15d3b8860a33d3ffe9d3ea3a0,2,b870fc29844921de2d9e3c7f6a8a803459b0435e,156,156,188,349,0.5387
1704,e384f6741b5b8bd15d3b8860a33d3ffe9d3ea3a0,3,e850ad3a51e46ba4816175bc1181aec5d3b04091,229,229,218,349,0.6246
1704,e384f6741b5b8bd15d3b8860a33d3ffe9d3ea3a0,7,752e5b549f6f7598297c1f152a416faf3f62926e,486,486,282,349,0.808
