time,event_id,period,kind,commit,secs,timeout,log_state,finished_in,tests_run,broker_tests,broker_count,last_test,broker_last,slow_tests,broker_slow,log
2026-10-01T19:32:48.477Z,56426,before,update_e2e_passed,4da034bb9e0eb6a34e917d792043f55d232abfd5,203,0,read,174.06,15,broker::a_preferred_worker_does_its_task_through_the_broker_and_lands,1,broker::a_preferred_worker_does_its_task_through_the_broker_and_lands,1,broker::a_preferred_worker_does_its_task_through_the_broker_and_lands two_independent_tasks_run_concurrently_and_a_dependent_follows_integration up_in_cmux_starts_a_supervisor_in_a_workspace_that_down_wait_stops_and_closes,1,logs/update-1790882813-4da034bb9e0e.e2e.log
2026-10-01T21:10:13.642Z,56808,before,update_e2e_passed,404f127aaaa4a673e92edffb2fab4f7c631f2819,193,0,read,147.65,15,broker::a_preferred_worker_does_its_task_through_the_broker_and_lands,1,broker::a_preferred_worker_does_its_task_through_the_broker_and_lands,1,broker::a_preferred_worker_does_its_task_through_the_broker_and_lands,1,logs/update-1790888658-404f127aaaa4.e2e.log
2026-10-01T21:36:33.226Z,57098,before,update_e2e_passed,295c7400eabaad689de5ccd332159cf57bf658ff,225,0,read,195.59,15,broker::a_preferred_worker_does_its_task_through_the_broker_and_lands,1,broker::a_preferred_worker_does_its_task_through_the_broker_and_lands,1,broker::a_preferred_worker_does_its_task_through_the_broker_and_lands planner::plan_opens_planners_side_by_side_that_submit_go_idle_and_exit two_independent_tasks_run_concurrently_and_a_dependent_follows_integration up_in_cmux_starts_a_supervisor_in_a_workspace_that_down_wait_stops_and_closes,1,logs/update-1790890091-295c7400eaba.e2e.log
2026-10-01T21:47:33.657Z,57205,before,update_e2e_passed,d0329e5476bb2b2195d9e0bbcb6db7571530cb42,150,0,read,128.49,15,broker::a_preferred_worker_does_its_task_through_the_broker_and_lands,1,broker::a_preferred_worker_does_its_task_through_the_broker_and_lands,1,broker::a_preferred_worker_does_its_task_through_the_broker_and_lands,1,logs/update-1790890965-d0329e5476bb.e2e.log
2026-10-01T22:03:07.924Z,57322,before,update_e2e_passed,815590fcff6556819cedb4e84e252ca7d1c40884,160,0,read,144.43,15,broker::a_preferred_worker_does_its_task_through_the_broker_and_lands,1,broker::a_preferred_worker_does_its_task_through_the_broker_and_lands,1,broker::a_preferred_worker_does_its_task_through_the_broker_and_lands two_independent_tasks_run_concurrently_and_a_dependent_follows_integration,1,logs/update-1790891810-815590fcff65.e2e.log
2026-10-01T22:22:19.744Z,57466,before,update_e2e_passed,d5bb5ffecf7c4d5017ec02496f70efd98a0d2a91,223,0,read,200.01,15,broker::a_preferred_worker_does_its_task_through_the_broker_and_lands,1,broker::a_preferred_worker_does_its_task_through_the_broker_and_lands,1,auto_update_hands_the_supervisor_over_while_a_session_works_and_the_run_lands broker::a_preferred_worker_does_its_task_through_the_broker_and_lands two_independent_tasks_run_concurrently_and_a_dependent_follows_integration,1,logs/update-1790892989-d5bb5ffecf7c.e2e.log
2026-10-01T22:53:49.823Z,57923,before,update_e2e_passed,2cef52ccd977985aeef5077e3318ccf83e0eb8b7,605,0,read,548.9,15,broker::a_preferred_worker_does_its_task_through_the_broker_and_lands,1,broker::a_preferred_worker_does_its_task_through_the_broker_and_lands,1,a_worker_question_is_answered_through_the_worker_terminal auto_update_hands_the_supervisor_over_while_a_session_works_and_the_run_lands broker::a_preferred_worker_does_its_task_through_the_broker_and_lands happy_path_runs_a_stub_agent_through_cmux_and_lands_on_main headless::no_claude_runs_codex_through_cmux_and_allows_manual_landing install_hands_the_supervisor_over_while_a_session_works_and_the_run_lands killed_supervisor_run_is_adopted_by_the_next_supervisor_and_lands other_repository::a_task_lands_on_master_of_a_repository_without_origin_cargo_toml_or_agents_md planner::plan_opens_planners_side_by_side_that_submit_go_idle_and_exit two_independent_tasks_run_concurrently_and_a_dependent_follows_integration,1,logs/update-1790894326-2cef52ccd977.e2e.log
2026-10-01T23:10:12.545Z,58004,before,update_e2e_passed,445d1584e70d329a02467d2d2dc665440c52bc2f,345,0,read,270.53,15,broker::a_preferred_worker_does_its_task_through_the_broker_and_lands,1,broker::a_preferred_worker_does_its_task_through_the_broker_and_lands,1,broker::a_preferred_worker_does_its_task_through_the_broker_and_lands two_independent_tasks_run_concurrently_and_a_dependent_follows_integration,1,logs/update-1790895437-445d1584e70d.e2e.log
2026-10-01T23:25:20.375Z,58118,before,update_e2e_passed,5ea7186cf154e8bd39beeb86e92fc59e999c70b0,291,0,read,263.24,15,broker::a_preferred_worker_does_its_task_through_the_broker_and_lands,1,broker::a_preferred_worker_does_its_task_through_the_broker_and_lands,1,broker::a_preferred_worker_does_its_task_through_the_broker_and_lands two_independent_tasks_run_concurrently_and_a_dependent_follows_integration,1,logs/update-1790896546-5ea7186cf154.e2e.log
2026-10-01T23:38:30.722Z,58366,before,update_e2e_passed,35e75d026c83ecf50afa8460bfae565ca8604938,232,0,read,199.06,15,broker::a_preferred_worker_does_its_task_through_the_broker_and_lands,1,broker::a_preferred_worker_does_its_task_through_the_broker_and_lands,1,broker::a_preferred_worker_does_its_task_through_the_broker_and_lands,1,logs/update-1790897532-35e75d026c83.e2e.log
2026-10-01T23:55:08.022Z,58634,before,update_e2e_passed,3993febeea52fbc026428a6b177e0c7849d07a2f,233,0,read,215.3,15,broker::a_preferred_worker_does_its_task_through_the_broker_and_lands,1,broker::a_preferred_worker_does_its_task_through_the_broker_and_lands,1,broker::a_preferred_worker_does_its_task_through_the_broker_and_lands,1,logs/update-1790898455-3993febeea52.e2e.log
2026-10-02T00:02:29.291Z,58793,before,update_e2e_passed,ce08fe18b685480ccb8a17c7b351e2840be04f6e,149,0,read,137.88,15,broker::a_preferred_worker_does_its_task_through_the_broker_and_lands,1,broker::a_preferred_worker_does_its_task_through_the_broker_and_lands,1,broker::a_preferred_worker_does_its_task_through_the_broker_and_lands,1,logs/update-1790899061-ce08fe18b685.e2e.log
2026-10-02T00:24:00.774Z,59018,before,update_e2e_passed,d263de575c793fc3a27fba53ac19331142cdc283,250,0,read,222.16,15,broker::a_preferred_worker_does_its_task_through_the_broker_and_lands,1,broker::a_preferred_worker_does_its_task_through_the_broker_and_lands,1,broker::a_preferred_worker_does_its_task_through_the_broker_and_lands two_independent_tasks_run_concurrently_and_a_dependent_follows_integration,1,logs/update-1790900243-d263de575c79.e2e.log
2026-10-02T00:41:00.685Z,59366,before,update_e2e_passed,36ad60b0d69d3e45fa9410dba408fbd740e9a9a2,142,0,read,109.76,15,broker::a_preferred_worker_does_its_task_through_the_broker_and_lands,1,broker::a_preferred_worker_does_its_task_through_the_broker_and_lands,1,broker::a_preferred_worker_does_its_task_through_the_broker_and_lands,1,logs/update-1790901409-36ad60b0d69d.e2e.log
2026-10-02T02:08:10.704Z,59595,before,update_e2e_passed,be55d13bb9c535b7d4fe2f692a5925765392dfdc,223,0,read,196.29,15,broker::a_preferred_worker_does_its_task_through_the_broker_and_lands,1,broker::a_preferred_worker_does_its_task_through_the_broker_and_lands,1,broker::a_preferred_worker_does_its_task_through_the_broker_and_lands two_independent_tasks_run_concurrently_and_a_dependent_follows_integration,1,logs/update-1790906534-be55d13bb9c5.e2e.log
2026-10-02T02:13:46.620Z,59646,before,update_e2e_passed,ab1b00bcba019908c1d5fb04da7f0462041277c7,115,0,read,95.51,15,broker::a_preferred_worker_does_its_task_through_the_broker_and_lands,1,broker::a_preferred_worker_does_its_task_through_the_broker_and_lands,1,broker::a_preferred_worker_does_its_task_through_the_broker_and_lands,1,logs/update-1790907025-ab1b00bcba01.e2e.log
2026-10-02T02:27:55.821Z,59755,before,update_e2e_passed,7f399811713ba24c00d8df76b9fc1ad2ca41347f,136,0,read,111.0,15,broker::a_preferred_worker_does_its_task_through_the_broker_and_lands,1,broker::a_preferred_worker_does_its_task_through_the_broker_and_lands,1,broker::a_preferred_worker_does_its_task_through_the_broker_and_lands,1,logs/update-1790907850-7f399811713b.e2e.log
2026-10-02T02:49:44.943Z,59962,before,update_e2e_passed,77338d6f20bf298fdd01b6304c66ac6589e85eb2,310,0,read,258.96,15,broker::a_preferred_worker_does_its_task_through_the_broker_and_lands,1,broker::a_preferred_worker_does_its_task_through_the_broker_and_lands,1,broker::a_preferred_worker_does_its_task_through_the_broker_and_lands two_independent_tasks_run_concurrently_and_a_dependent_follows_integration,1,logs/update-1790908919-77338d6f20bf.e2e.log
2026-10-02T03:02:32.571Z,60055,before,update_e2e_passed,2f81af331297f939ea13c569fdebe9769cb347c5,451,0,read,386.72,15,broker::a_preferred_worker_does_its_task_through_the_broker_and_lands,1,broker::a_preferred_worker_does_its_task_through_the_broker_and_lands,1,broker::a_preferred_worker_does_its_task_through_the_broker_and_lands two_independent_tasks_run_concurrently_and_a_dependent_follows_integration,1,logs/update-1790909509-2f81af331297.e2e.log
2026-10-02T03:14:37.517Z,60171,before,update_e2e_passed,e50f94300aab28acad62dfac237a1a79c0cea44f,298,0,read,266.86,15,broker::a_preferred_worker_does_its_task_through_the_broker_and_lands,1,broker::a_preferred_worker_does_its_task_through_the_broker_and_lands,1,broker::a_preferred_worker_does_its_task_through_the_broker_and_lands,1,logs/update-1790910210-e50f94300aab.e2e.log
2026-10-02T07:33:06.999Z,60879,before,update_e2e_passed,051caaea378a13f63539e8a89092260e91d3a986,182,0,read,152.26,15,broker::a_preferred_worker_does_its_task_through_the_broker_and_lands,1,broker::a_preferred_worker_does_its_task_through_the_broker_and_lands,1,broker::a_preferred_worker_does_its_task_through_the_broker_and_lands,1,logs/update-1790925888-051caaea378a.e2e.log
2026-10-02T07:53:21.051Z,61019,before,update_e2e_passed,4760da668627d2b843655bb378d749109fee8257,178,0,read,136.34,15,broker::a_preferred_worker_does_its_task_through_the_broker_and_lands,1,broker::a_preferred_worker_does_its_task_through_the_broker_and_lands,1,broker::a_preferred_worker_does_its_task_through_the_broker_and_lands two_independent_tasks_run_concurrently_and_a_dependent_follows_integration,1,logs/update-1790927258-4760da668627.e2e.log
2026-10-02T08:05:31.224Z,61259,before,update_e2e_passed,c05e8644e16fa4a1acd89a9870d111d3616a7781,164,0,read,137.44,15,broker::a_preferred_worker_does_its_task_through_the_broker_and_lands,1,broker::a_preferred_worker_does_its_task_through_the_broker_and_lands,1,broker::a_preferred_worker_does_its_task_through_the_broker_and_lands,1,logs/update-1790928057-c05e8644e16f.e2e.log
2026-10-02T09:29:09.742Z,61666,before,update_e2e_passed,740adf1464e58cabfa0b6c2d0c999342f5a7de0f,302,0,read,263.09,15,broker::a_preferred_worker_does_its_task_through_the_broker_and_lands,1,broker::a_preferred_worker_does_its_task_through_the_broker_and_lands,1,broker::a_preferred_worker_does_its_task_through_the_broker_and_lands two_independent_tasks_run_concurrently_and_a_dependent_follows_integration,1,logs/update-1790932845-740adf1464e5.e2e.log
2026-10-02T09:47:52.195Z,61763,before,update_e2e_passed,780ca3c9fec9df70f067c8e1b1debd4b1de298fa,393,0,read,311.32,15,broker::a_preferred_worker_does_its_task_through_the_broker_and_lands,1,broker::a_preferred_worker_does_its_task_through_the_broker_and_lands,1,broker::a_preferred_worker_does_its_task_through_the_broker_and_lands two_independent_tasks_run_concurrently_and_a_dependent_follows_integration,1,logs/update-1790933918-780ca3c9fec9.e2e.log
2026-10-02T10:22:41.778Z,62019,before,update_e2e_passed,40bc3656303732ccb71ac9fdd35c284d7143a4d2,182,0,read,164.85,15,broker::a_preferred_worker_does_its_task_through_the_broker_and_lands,1,broker::a_preferred_worker_does_its_task_through_the_broker_and_lands,1,broker::a_preferred_worker_does_its_task_through_the_broker_and_lands,1,logs/update-1790936107-40bc36563037.e2e.log
2026-10-02T10:37:33.178Z,62125,before,update_e2e_passed,d1227414955dccc119803eabbb98835fe28dea72,307,0,read,264.93,15,broker::a_preferred_worker_does_its_task_through_the_broker_and_lands,1,broker::a_preferred_worker_does_its_task_through_the_broker_and_lands,1,broker::a_preferred_worker_does_its_task_through_the_broker_and_lands two_independent_tasks_run_concurrently_and_a_dependent_follows_integration,1,logs/update-1790936978-d1227414955d.e2e.log
2026-10-02T10:57:29.368Z,62232,before,update_e2e_passed,87aa72af70fc9bbff30a56b29990050cd4864949,188,0,read,150.33,15,broker::a_preferred_worker_does_its_task_through_the_broker_and_lands,1,broker::a_preferred_worker_does_its_task_through_the_broker_and_lands,1,broker::a_preferred_worker_does_its_task_through_the_broker_and_lands two_independent_tasks_run_concurrently_and_a_dependent_follows_integration,1,logs/update-1790938341-87aa72af70fc.e2e.log
2026-10-02T11:27:50.907Z,62500,before,update_e2e_passed,4b3b9707e83225c6425708c0f7feeed21010a9bb,307,0,read,240.78,15,broker::a_preferred_worker_does_its_task_through_the_broker_and_lands,1,broker::a_preferred_worker_does_its_task_through_the_broker_and_lands,1,auto_update_hands_the_supervisor_over_while_a_session_works_and_the_run_lands broker::a_preferred_worker_does_its_task_through_the_broker_and_lands two_independent_tasks_run_concurrently_and_a_dependent_follows_integration,1,logs/update-1790939998-4b3b9707e832.e2e.log
2026-10-02T11:50:05.871Z,62716,before,update_e2e_passed,42e70adc399a181d17ac2017e2232f71ca194f56,237,0,read,207.75,15,broker::a_preferred_worker_does_its_task_through_the_broker_and_lands,1,broker::a_preferred_worker_does_its_task_through_the_broker_and_lands,1,broker::a_preferred_worker_does_its_task_through_the_broker_and_lands two_independent_tasks_run_concurrently_and_a_dependent_follows_integration,1,logs/update-1790941387-42e70adc399a.e2e.log
2026-10-02T11:55:29.947Z,62837,before,update_e2e_passed,f7dcb092e7e483f645bdb628cb0984aeeb6388d6,165,0,read,120.68,15,broker::a_preferred_worker_does_its_task_through_the_broker_and_lands,1,broker::a_preferred_worker_does_its_task_through_the_broker_and_lands,1,broker::a_preferred_worker_does_its_task_through_the_broker_and_lands,1,logs/update-1790941855-f7dcb092e7e4.e2e.log
2026-10-02T12:32:38.159Z,63043,before,update_e2e_passed,c7b562d49978ecf4d626bd73f6b92f98a773db17,296,0,read,232.88,15,broker::a_preferred_worker_does_its_task_through_the_broker_and_lands,1,broker::a_preferred_worker_does_its_task_through_the_broker_and_lands,1,broker::a_preferred_worker_does_its_task_through_the_broker_and_lands two_independent_tasks_run_concurrently_and_a_dependent_follows_integration,1,logs/update-1790943922-c7b562d49978.e2e.log
2026-10-02T12:40:32.196Z,63120,before,update_e2e_passed,e81fc18fe3207c162c644eb7f843406267a21895,190,0,read,149.51,15,broker::a_preferred_worker_does_its_task_through_the_broker_and_lands,1,broker::a_preferred_worker_does_its_task_through_the_broker_and_lands,1,broker::a_preferred_worker_does_its_task_through_the_broker_and_lands two_independent_tasks_run_concurrently_and_a_dependent_follows_integration,1,logs/update-1790944509-e81fc18fe320.e2e.log
2026-10-02T12:50:57.341Z,63214,before,update_e2e_passed,6f98769f5fa949400b45430df0249bf47ca83cde,144,0,read,119.41,15,broker::a_preferred_worker_does_its_task_through_the_broker_and_lands,1,broker::a_preferred_worker_does_its_task_through_the_broker_and_lands,1,broker::a_preferred_worker_does_its_task_through_the_broker_and_lands,1,logs/update-1790945191-6f98769f5fa9.e2e.log
2026-10-02T13:37:12.587Z,63465,before,update_e2e_passed,79d17986398a6834e7bbb68ab82c2315d08a73b2,273,0,read,207.45,15,broker::a_preferred_worker_does_its_task_through_the_broker_and_lands,1,broker::a_preferred_worker_does_its_task_through_the_broker_and_lands,1,broker::a_preferred_worker_does_its_task_through_the_broker_and_lands,1,logs/update-1790947784-79d17986398a.e2e.log
2026-10-02T14:31:18.448Z,64149,before,update_e2e_passed,112aecdfbba4c2ccfc367c5db827aafd9ab82584,350,0,read,257.78,15,broker::a_preferred_worker_does_its_task_through_the_broker_and_lands,1,broker::a_preferred_worker_does_its_task_through_the_broker_and_lands,1,broker::a_preferred_worker_does_its_task_through_the_broker_and_lands two_independent_tasks_run_concurrently_and_a_dependent_follows_integration,1,logs/update-1790950525-112aecdfbba4.e2e.log
2026-10-02T14:58:22.052Z,64322,before,update_e2e_passed,0f1a6026cf82029153afdb31088e6065843fcb8e,210,0,read,173.82,15,broker::a_preferred_worker_does_its_task_through_the_broker_and_lands,1,broker::a_preferred_worker_does_its_task_through_the_broker_and_lands,1,broker::a_preferred_worker_does_its_task_through_the_broker_and_lands,1,logs/update-1790952667-0f1a6026cf82.e2e.log
2026-10-02T15:23:22.109Z,64669,before,update_e2e_passed,981f05e9bfee4922649eae8c629cbcfa6ce2fc64,473,0,read,365.58,15,broker::a_preferred_worker_does_its_task_through_the_broker_and_lands,1,broker::a_preferred_worker_does_its_task_through_the_broker_and_lands,1,broker::a_preferred_worker_does_its_task_through_the_broker_and_lands two_independent_tasks_run_concurrently_and_a_dependent_follows_integration,1,logs/update-1790953968-981f05e9bfee.e2e.log
2026-10-02T15:27:44.725Z,64778,before,update_e2e_passed,dfdf44569585ad11c307fe1cd8e644be76361566,125,0,read,111.35,15,broker::a_preferred_worker_does_its_task_through_the_broker_and_lands,1,broker::a_preferred_worker_does_its_task_through_the_broker_and_lands,1,broker::a_preferred_worker_does_its_task_through_the_broker_and_lands,1,logs/update-1790954620-dfdf44569585.e2e.log
2026-10-02T16:00:18.476Z,65129,before,update_e2e_passed,8ea16a73f0e2b6de8e5819fbbef7b74eb6b5d08b,246,0,read,224.34,15,broker::a_preferred_worker_does_its_task_through_the_broker_and_lands,1,broker::a_preferred_worker_does_its_task_through_the_broker_and_lands,1,broker::a_preferred_worker_does_its_task_through_the_broker_and_lands,1,logs/update-1790956411-8ea16a73f0e2.e2e.log
2026-10-02T16:31:21.330Z,65648,before,update_e2e_passed,433469e96b4b335b3dbae7bd44c15237b22c8acf,235,0,read,203.9,15,broker::a_preferred_worker_does_its_task_through_the_broker_and_lands,1,broker::a_preferred_worker_does_its_task_through_the_broker_and_lands,1,auto_update_hands_the_supervisor_over_while_a_session_works_and_the_run_lands broker::a_preferred_worker_does_its_task_through_the_broker_and_lands two_independent_tasks_run_concurrently_and_a_dependent_follows_integration,1,logs/update-1790958270-433469e96b4b.e2e.log
2026-10-02T17:12:32.652Z,66193,before,update_e2e_passed,eae988ff15ad709f16efb0f6d7a100b4a4c5320e,163,0,read,147.35,15,broker::a_preferred_worker_does_its_task_through_the_broker_and_lands,1,broker::a_preferred_worker_does_its_task_through_the_broker_and_lands,1,broker::a_preferred_worker_does_its_task_through_the_broker_and_lands two_independent_tasks_run_concurrently_and_a_dependent_follows_integration,1,logs/update-1790960807-eae988ff15ad.e2e.log
2026-10-02T17:41:22.904Z,66475,before,update_e2e_passed,9d74de58ddd0457b82400dda5d853147d1db93d9,238,0,read,207.32,15,broker::a_preferred_worker_does_its_task_through_the_broker_and_lands,1,broker::a_preferred_worker_does_its_task_through_the_broker_and_lands,1,a_worker_question_is_answered_through_the_worker_terminal auto_update_hands_the_supervisor_over_while_a_session_works_and_the_run_lands broker::a_preferred_worker_does_its_task_through_the_broker_and_lands happy_path_runs_a_stub_agent_through_cmux_and_lands_on_main headless::a_codex_worker_runs_its_turn_through_cmux_and_lands_on_main headless::a_headless_worker_runs_its_turn_through_cmux_and_lands_on_main two_independent_tasks_run_concurrently_and_a_dependent_follows_integration,1,logs/update-1790962424-9d74de58ddd0.e2e.log
2026-10-02T18:32:50.104Z,66866,before,update_e2e_passed,7fea2d6bedaec2032cee9173022cc133622d8497,285,0,read,222.33,15,broker::a_preferred_worker_does_its_task_through_the_broker_and_lands,1,broker::a_preferred_worker_does_its_task_through_the_broker_and_lands,1,broker::a_preferred_worker_does_its_task_through_the_broker_and_lands two_independent_tasks_run_concurrently_and_a_dependent_follows_integration,1,logs/update-1790965523-7fea2d6bedae.e2e.log
2026-10-02T18:46:14.288Z,66931,before,update_e2e_passed,91f1bc3f2f9d7da0f6b508f41a3241d31ae34caa,179,0,read,122.88,15,broker::a_preferred_worker_does_its_task_through_the_broker_and_lands,1,broker::a_preferred_worker_does_its_task_through_the_broker_and_lands,1,broker::a_preferred_worker_does_its_task_through_the_broker_and_lands,1,logs/update-1790966489-91f1bc3f2f9d.e2e.log
2026-10-02T19:53:31.932Z,67374,before,update_e2e_passed,acc7d12e985848397a7f3ba5accc6cf06b5c83f5,375,0,read,286.55,15,broker::a_preferred_worker_does_its_task_through_the_broker_and_lands,1,broker::a_preferred_worker_does_its_task_through_the_broker_and_lands,1,a_worker_question_is_answered_through_the_worker_terminal auto_update_hands_the_supervisor_over_while_a_session_works_and_the_run_lands broker::a_preferred_worker_does_its_task_through_the_broker_and_lands happy_path_runs_a_stub_agent_through_cmux_and_lands_on_main install_hands_the_supervisor_over_while_a_session_works_and_the_run_lands two_independent_tasks_run_concurrently_and_a_dependent_follows_integration up_in_cmux_starts_a_supervisor_in_a_workspace_that_down_wait_stops_and_closes,1,logs/update-1790970250-acc7d12e9858.e2e.log
2026-10-02T19:58:42.185Z,67419,before,update_e2e_passed,a9397a719885e10fcf44a489c87a2f03fa6cfa1a,144,0,read,126.05,15,broker::a_preferred_worker_does_its_task_through_the_broker_and_lands,1,broker::a_preferred_worker_does_its_task_through_the_broker_and_lands,1,broker::a_preferred_worker_does_its_task_through_the_broker_and_lands,1,logs/update-1790970877-a9397a719885.e2e.log
2026-10-02T20:55:35.924Z,67731,before,update_e2e_passed,4d25762072247bc8c1150af5ac0f91839f1e32bc,464,0,read,351.91,15,broker::a_preferred_worker_does_its_task_through_the_broker_and_lands,1,broker::a_preferred_worker_does_its_task_through_the_broker_and_lands,1,a_worker_question_is_answered_through_the_worker_terminal auto_update_hands_the_supervisor_over_while_a_session_works_and_the_run_lands broker::a_preferred_worker_does_its_task_through_the_broker_and_lands happy_path_runs_a_stub_agent_through_cmux_and_lands_on_main two_independent_tasks_run_concurrently_and_a_dependent_follows_integration up_in_cmux_starts_a_supervisor_in_a_workspace_that_down_wait_stops_and_closes,1,logs/update-1790973818-4d2576207224.e2e.log
2026-10-02T21:01:58.727Z,67790,before,update_e2e_passed,bfe4edf7e783e37d5564511231ab85b42b667245,192,0,read,170.26,15,broker::a_preferred_worker_does_its_task_through_the_broker_and_lands,1,broker::a_preferred_worker_does_its_task_through_the_broker_and_lands,1,broker::a_preferred_worker_does_its_task_through_the_broker_and_lands two_independent_tasks_run_concurrently_and_a_dependent_follows_integration,1,logs/update-1790974594-bfe4edf7e783.e2e.log
2026-10-02T21:16:27.993Z,67878,before,update_e2e_passed,7dfc7d7196062b83339dcdb627a79856b2803dec,178,0,read,160.94,15,broker::a_preferred_worker_does_its_task_through_the_broker_and_lands,1,broker::a_preferred_worker_does_its_task_through_the_broker_and_lands,1,broker::a_preferred_worker_does_its_task_through_the_broker_and_lands two_independent_tasks_run_concurrently_and_a_dependent_follows_integration,1,logs/update-1790975462-7dfc7d719606.e2e.log
2026-10-02T21:41:32.022Z,68112,before,update_e2e_passed,50a14d8fbba7a5e60a83d6278e37f5e1b82a4b90,167,0,read,153.35,15,broker::a_preferred_worker_does_its_task_through_the_broker_and_lands,1,broker::a_preferred_worker_does_its_task_through_the_broker_and_lands,1,auto_update_hands_the_supervisor_over_while_a_session_works_and_the_run_lands broker::a_preferred_worker_does_its_task_through_the_broker_and_lands,1,logs/update-1790976938-50a14d8fbba7.e2e.log
2026-10-02T21:58:12.224Z,68193,before,update_e2e_passed,a1ed27a6e4da109d850b667afc57d6a832da885c,264,0,read,235.28,15,broker::a_preferred_worker_does_its_task_through_the_broker_and_lands,1,two_independent_tasks_run_concurrently_and_a_dependent_follows_integration,0,auto_update_hands_the_supervisor_over_while_a_session_works_and_the_run_lands broker::a_preferred_worker_does_its_task_through_the_broker_and_lands install_hands_the_supervisor_over_while_a_session_works_and_the_run_lands killed_supervisor_run_is_adopted_by_the_next_supervisor_and_lands other_repository::a_task_lands_on_master_of_a_repository_without_origin_cargo_toml_or_agents_md planner::plan_opens_planners_side_by_side_that_submit_go_idle_and_exit two_independent_tasks_run_concurrently_and_a_dependent_follows_integration up_in_cmux_starts_a_supervisor_in_a_workspace_that_down_wait_stops_and_closes,1,logs/update-1790977836-a1ed27a6e4da.e2e.log
2026-10-02T22:37:47.471Z,68714,before,update_e2e_passed,59461a1d0b1bf5d1248403df700b5ea6fc7dc464,752,0,read,633.93,15,broker::a_preferred_worker_does_its_task_through_the_broker_and_lands,1,broker::a_preferred_worker_does_its_task_through_the_broker_and_lands,1,auto_update_hands_the_supervisor_over_while_a_session_works_and_the_run_lands broker::a_preferred_worker_does_its_task_through_the_broker_and_lands two_independent_tasks_run_concurrently_and_a_dependent_follows_integration,1,logs/update-1790979587-59461a1d0b1b.e2e.log
2026-10-02T22:47:03.460Z,68827,before,update_e2e_passed,8327e76a2736c0843d323f6ddacd5b84bf00a1f9,230,0,read,218.74,15,broker::a_preferred_worker_does_its_task_through_the_broker_and_lands,1,broker::a_preferred_worker_does_its_task_through_the_broker_and_lands,1,broker::a_preferred_worker_does_its_task_through_the_broker_and_lands two_independent_tasks_run_concurrently_and_a_dependent_follows_integration,1,logs/update-1790980717-8327e76a2736.e2e.log
2026-10-02T23:46:00.234Z,69403,before,update_e2e_passed,e994a99f750b3f07aee1e3e4eb26d4dec3bc0afc,332,0,read,260.14,15,broker::a_preferred_worker_does_its_task_through_the_broker_and_lands,1,broker::a_preferred_worker_does_its_task_through_the_broker_and_lands,1,broker::a_preferred_worker_does_its_task_through_the_broker_and_lands two_independent_tasks_run_concurrently_and_a_dependent_follows_integration,1,logs/update-1790984154-e994a99f750b.e2e.log
2026-10-03T00:05:10.462Z,69587,before,update_failed,e850ad3a51e46ba4816175bc1181aec5d3b04091,411,0,read,365.17,15,broker::a_preferred_worker_does_its_task_through_the_broker_and_lands,1,broker::a_preferred_worker_does_its_task_through_the_broker_and_lands,1,broker::a_preferred_worker_does_its_task_through_the_broker_and_lands,1,logs/update-1790985302-e850ad3a51e4.e2e.log
2026-10-03T00:19:51.844Z,69788,before,update_failed,523ae7ff5e6eaa85879c01de9311dcc244556f35,266,0,read,227.78,15,broker::a_preferred_worker_does_its_task_through_the_broker_and_lands,1,broker::a_preferred_worker_does_its_task_through_the_broker_and_lands,1,broker::a_preferred_worker_does_its_task_through_the_broker_and_lands,1,logs/update-1790986314-523ae7ff5e6e.e2e.log
2026-10-03T00:35:36.974Z,69933,before,update_failed,23c4fefd9d31a1db7ddccc8d23cec94dacaae697,162,0,read,137.85,15,broker::a_preferred_worker_does_its_task_through_the_broker_and_lands,1,broker::a_preferred_worker_does_its_task_through_the_broker_and_lands,1,broker::a_preferred_worker_does_its_task_through_the_broker_and_lands,1,logs/update-1790987387-23c4fefd9d31.e2e.log
2026-10-03T01:28:12.124Z,70600,before,update_e2e_passed,33cc04102ae9ad370e5cb30a93f2b0aa6bf81cb8,215,0,read,191.97,15,broker::a_preferred_worker_does_its_task_through_the_broker_and_lands,1,broker::a_preferred_worker_does_its_task_through_the_broker_and_lands,1,broker::a_preferred_worker_does_its_task_through_the_broker_and_lands two_independent_tasks_run_concurrently_and_a_dependent_follows_integration,1,logs/update-1790990524-33cc04102ae9.e2e.log
2026-10-03T01:52:28.584Z,70867,before,update_e2e_passed,036871ca82b4f4bb3b0872e0aa918466ce2b6578,150,0,read,115.35,15,broker::a_preferred_worker_does_its_task_through_the_broker_and_lands,1,broker::a_preferred_worker_does_its_task_through_the_broker_and_lands,1,broker::a_preferred_worker_does_its_task_through_the_broker_and_lands,1,logs/update-1790992048-036871ca82b4.e2e.log
2026-10-03T03:10:22.719Z,71579,before,update_e2e_passed,8b612b3a038b0f79a18c5bfb07f702f298c5a0df,252,0,read,172.94,15,broker::a_preferred_worker_does_its_task_through_the_broker_and_lands,1,broker::a_preferred_worker_does_its_task_through_the_broker_and_lands,1,broker::a_preferred_worker_does_its_task_through_the_broker_and_lands two_independent_tasks_run_concurrently_and_a_dependent_follows_integration,1,logs/update-1790996640-8b612b3a038b.e2e.log
2026-10-03T03:51:15.953Z,72358,before,update_e2e_passed,9edb8fd8404a2486a031792869bc160e9a760afb,181,0,read,167.43,15,broker::a_preferred_worker_does_its_task_through_the_broker_and_lands,1,broker::a_preferred_worker_does_its_task_through_the_broker_and_lands,1,broker::a_preferred_worker_does_its_task_through_the_broker_and_lands two_independent_tasks_run_concurrently_and_a_dependent_follows_integration,1,logs/update-1790998265-9edb8fd8404a.e2e.log
2026-10-03T04:19:27.283Z,72768,before,update_e2e_passed,41010048689ad9dee41f3ddf0950e85dad6c645e,225,0,read,144.41,15,broker::a_preferred_worker_does_its_task_through_the_broker_and_lands,1,broker::a_preferred_worker_does_its_task_through_the_broker_and_lands,1,broker::a_preferred_worker_does_its_task_through_the_broker_and_lands two_independent_tasks_run_concurrently_and_a_dependent_follows_integration,1,logs/update-1791000524-41010048689a.e2e.log
2026-10-03T04:59:44.606Z,73121,before,update_e2e_passed,2449e081f229b0e661160e095298a840d6c7dc96,761,0,read,731.27,15,broker::a_preferred_worker_does_its_task_through_the_broker_and_lands,1,up_in_cmux_starts_a_supervisor_in_a_workspace_that_down_wait_stops_and_closes,0,auto_update_hands_the_supervisor_over_while_a_session_works_and_the_run_lands broker::a_preferred_worker_does_its_task_through_the_broker_and_lands install_hands_the_supervisor_over_while_a_session_works_and_the_run_lands other_repository::a_task_lands_on_master_of_a_repository_without_origin_cargo_toml_or_agents_md planner::plan_opens_planners_side_by_side_that_submit_go_idle_and_exit the_sweep_closes_workspaces_left_in_any_window_after_their_fixture_dir_is_gone two_independent_tasks_run_concurrently_and_a_dependent_follows_integration up_in_cmux_starts_a_supervisor_in_a_workspace_that_down_wait_stops_and_closes,1,logs/update-1791002385-2449e081f229.e2e.log
2026-10-03T05:08:10.766Z,73210,before,update_e2e_passed,ac1e5eb3fe715912b53168234aae4e91692e2a58,191,0,read,170.93,15,broker::a_preferred_worker_does_its_task_through_the_broker_and_lands,1,broker::a_preferred_worker_does_its_task_through_the_broker_and_lands,1,auto_update_hands_the_supervisor_over_while_a_session_works_and_the_run_lands broker::a_preferred_worker_does_its_task_through_the_broker_and_lands install_hands_the_supervisor_over_while_a_session_works_and_the_run_lands killed_supervisor_run_is_adopted_by_the_next_supervisor_and_lands two_independent_tasks_run_concurrently_and_a_dependent_follows_integration,1,logs/update-1791003769-ac1e5eb3fe71.e2e.log
2026-10-03T05:32:50.461Z,73473,before,update_e2e_passed,7da002932ffb410208b3a966e15b506daa99bc09,154,0,read,135.19,15,broker::a_preferred_worker_does_its_task_through_the_broker_and_lands,1,broker::a_preferred_worker_does_its_task_through_the_broker_and_lands,1,broker::a_preferred_worker_does_its_task_through_the_broker_and_lands two_independent_tasks_run_concurrently_and_a_dependent_follows_integration,1,logs/update-1791005239-7da002932ffb.e2e.log
2026-10-03T06:37:21.156Z,73795,before,update_e2e_passed,0a89645beee92c42cded66a6224cdaf4975769b7,399,0,read,252.52,15,broker::a_preferred_worker_does_its_task_through_the_broker_and_lands,1,two_independent_tasks_run_concurrently_and_a_dependent_follows_integration,0,a_worker_question_is_answered_through_the_worker_terminal auto_update_hands_the_supervisor_over_while_a_session_works_and_the_run_lands broker::a_preferred_worker_does_its_task_through_the_broker_and_lands happy_path_runs_a_stub_agent_through_cmux_and_lands_on_main headless::a_codex_worker_runs_its_turn_through_cmux_and_lands_on_main headless::a_headless_worker_runs_its_turn_through_cmux_and_lands_on_main headless::no_claude_runs_codex_through_cmux_and_allows_manual_landing install_hands_the_supervisor_over_while_a_session_works_and_the_run_lands killed_supervisor_run_is_adopted_by_the_next_supervisor_and_lands planner::plan_opens_planners_side_by_side_that_submit_go_idle_and_exit two_independent_tasks_run_concurrently_and_a_dependent_follows_integration,1,logs/update-1791008783-0a89645beee9.e2e.log
2026-10-03T07:08:32.914Z,73921,before,update_failed,ae9b41069dac2b61797200873cb1dc67027ed99b,545,0,read,473.37,15,broker::a_preferred_worker_does_its_task_through_the_broker_and_lands,1,broker::a_preferred_worker_does_its_task_through_the_broker_and_lands,1,a_worker_question_is_answered_through_the_worker_terminal auto_update_hands_the_supervisor_over_while_a_session_works_and_the_run_lands broker::a_preferred_worker_does_its_task_through_the_broker_and_lands happy_path_runs_a_stub_agent_through_cmux_and_lands_on_main headless::a_codex_worker_runs_its_turn_through_cmux_and_lands_on_main headless::a_headless_worker_runs_its_turn_through_cmux_and_lands_on_main headless::no_claude_runs_codex_through_cmux_and_allows_manual_landing install_hands_the_supervisor_over_while_a_session_works_and_the_run_lands killed_supervisor_run_is_adopted_by_the_next_supervisor_and_lands other_repository::a_task_lands_on_master_of_a_repository_without_origin_cargo_toml_or_agents_md planner::plan_opens_planners_side_by_side_that_submit_go_idle_and_exit the_sweep_closes_workspaces_left_in_any_window_after_their_fixture_dir_is_gone two_independent_tasks_run_concurrently_and_a_dependent_follows_integration up_in_cmux_starts_a_supervisor_in_a_workspace_that_down_wait_stops_and_closes,1,logs/update-1791010473-ae9b41069dac.e2e.log
2026-10-03T08:28:51.433Z,74240,before,update_e2e_passed,151a49556925aa7ac19c07b3c5aed97389bd422c,803,0,read,609.89,15,broker::a_preferred_worker_does_its_task_through_the_broker_and_lands,1,broker::a_preferred_worker_does_its_task_through_the_broker_and_lands,1,a_worker_question_is_answered_through_the_worker_terminal auto_update_hands_the_supervisor_over_while_a_session_works_and_the_run_lands broker::a_preferred_worker_does_its_task_through_the_broker_and_lands happy_path_runs_a_stub_agent_through_cmux_and_lands_on_main headless::a_codex_worker_runs_its_turn_through_cmux_and_lands_on_main headless::a_headless_worker_runs_its_turn_through_cmux_and_lands_on_main headless::no_claude_runs_codex_through_cmux_and_allows_manual_landing install_hands_the_supervisor_over_while_a_session_works_and_the_run_lands killed_supervisor_run_is_adopted_by_the_next_supervisor_and_lands other_repository::a_task_lands_on_master_of_a_repository_without_origin_cargo_toml_or_agents_md planner::the_runtime_opens_planners_side_by_side_that_submit_go_idle_and_exit the_sweep_closes_workspaces_left_in_any_window_after_their_fixture_dir_is_gone two_independent_tasks_run_concurrently_and_a_dependent_follows_integration up_in_cmux_starts_a_supervisor_in_a_workspace_that_down_wait_stops_and_closes,1,logs/update-1791014885-151a49556925.e2e.log
2026-10-03T10:10:51.591Z,74691,before,update_failed,0045125d37c88e87f55b803efcc06a18ecb49b23,1403,0,read,1280.37,14,broker::a_preferred_worker_does_its_task_through_the_broker_and_lands,1,broker::a_preferred_worker_does_its_task_through_the_broker_and_lands,1,a_worker_question_is_answered_as_the_next_turn_and_the_run_lands auto_update_hands_the_supervisor_over_while_a_session_works_and_the_run_lands broker::a_preferred_worker_does_its_task_through_the_broker_and_lands happy_path_runs_a_stub_agent_through_cmux_and_lands_on_main headless::a_codex_worker_runs_its_turn_through_cmux_and_lands_on_main headless::no_claude_runs_codex_through_cmux_and_allows_manual_landing install_hands_the_supervisor_over_while_a_session_works_and_the_run_lands killed_supervisor_run_is_adopted_by_the_next_supervisor_and_lands other_repository::a_task_lands_on_master_of_a_repository_without_origin_cargo_toml_or_agents_md planner::the_runtime_opens_planners_side_by_side_that_submit_go_idle_and_exit the_sweep_closes_workspaces_left_in_any_window_after_their_fixture_dir_is_gone two_independent_tasks_run_concurrently_and_a_dependent_follows_integration up_in_cmux_starts_a_supervisor_in_a_workspace_that_down_wait_stops_and_closes,1,logs/update-1791019535-0045125d37c8.e2e.log
2026-10-03T11:43:09.171Z,75172,before,update_e2e_passed,0045125d37c88e87f55b803efcc06a18ecb49b23,108,0,read,94.31,14,broker::a_preferred_worker_does_its_task_through_the_broker_and_lands,1,two_independent_tasks_run_concurrently_and_a_dependent_follows_integration,0,broker::a_preferred_worker_does_its_task_through_the_broker_and_lands,1,logs/update-1791027505-0045125d37c8.e2e.log
2026-10-03T12:10:55.741Z,75504,before,update_e2e_passed,4d5693a9de36162bc36148b5cb16c3174c3b6b5b,199,0,read,136.65,14,broker::a_preferred_worker_does_its_task_through_the_broker_and_lands,1,broker::a_preferred_worker_does_its_task_through_the_broker_and_lands,1,broker::a_preferred_worker_does_its_task_through_the_broker_and_lands,1,logs/update-1791029061-4d5693a9de36.e2e.log
2026-10-03T12:37:27.066Z,75647,before,update_e2e_passed,303aeaf857fefed6359f694fa8fb55a0dca46839,335,0,read,205.11,14,broker::a_preferred_worker_does_its_task_through_the_broker_and_lands,1,broker::a_preferred_worker_does_its_task_through_the_broker_and_lands,1,auto_update_hands_the_supervisor_over_while_a_session_works_and_the_run_lands broker::a_preferred_worker_does_its_task_through_the_broker_and_lands install_hands_the_supervisor_over_while_a_session_works_and_the_run_lands,1,logs/update-1791030348-303aeaf857fe.e2e.log
2026-10-03T13:10:26.025Z,75911,before,update_e2e_passed,0c5f042ef4fce6c26be7ce3f48a5819b3673e2a4,272,0,read,195.7,14,broker::a_preferred_worker_does_its_task_through_the_broker_and_lands,1,broker::a_preferred_worker_does_its_task_through_the_broker_and_lands,1,broker::a_preferred_worker_does_its_task_through_the_broker_and_lands,1,logs/update-1791032547-0c5f042ef4fc.e2e.log
2026-10-03T13:32:40.608Z,76020,before,update_e2e_passed,2e9c6445e0f1a65c8291e824e93985f5e502f790,199,0,read,166.32,14,broker::a_preferred_worker_does_its_task_through_the_broker_and_lands,1,broker::a_preferred_worker_does_its_task_through_the_broker_and_lands,1,broker::a_preferred_worker_does_its_task_through_the_broker_and_lands,1,logs/update-1791033964-2e9c6445e0f1.e2e.log
2026-10-03T15:11:45.726Z,76693,before,update_e2e_passed,c0986d7dff7f7421dca7bb0b5a84595e794bc932,506,0,read,402.4,14,broker::a_preferred_worker_does_its_task_through_the_broker_and_lands,1,broker::a_preferred_worker_does_its_task_through_the_broker_and_lands,1,broker::a_preferred_worker_does_its_task_through_the_broker_and_lands two_independent_tasks_run_concurrently_and_a_dependent_follows_integration,1,logs/update-1791039571-c0986d7dff7f.e2e.log
2026-10-03T15:26:02.099Z,76806,before,update_e2e_passed,9a7c0627bf1ae6cc36fb65f03eb8e43fd9345d8c,112,0,read,98.61,14,broker::a_preferred_worker_does_its_task_through_the_broker_and_lands,1,broker::a_preferred_worker_does_its_task_through_the_broker_and_lands,1,broker::a_preferred_worker_does_its_task_through_the_broker_and_lands,1,logs/update-1791040938-9a7c0627bf1a.e2e.log
2026-10-03T16:28:34.480Z,77119,before,update_e2e_passed,39c2dc7bdd8287fee7ef0c70e1393b5f1e3bc6c1,259,0,read,177.93,10,,0,two_independent_tasks_run_concurrently_and_a_dependent_follows_integration,0,a_worker_question_is_answered_as_the_next_turn_and_the_run_lands auto_update_hands_the_supervisor_over_while_a_session_works_and_the_run_lands headless::a_codex_worker_runs_its_turn_through_cmux_and_lands_on_main install_hands_the_supervisor_over_while_a_session_works_and_the_run_lands killed_supervisor_run_is_adopted_by_the_next_supervisor_and_lands other_repository::a_task_lands_on_master_of_a_repository_without_origin_cargo_toml_or_agents_md two_independent_tasks_run_concurrently_and_a_dependent_follows_integration,0,logs/update-1791044437-39c2dc7bdd82.e2e.log
2026-10-03T16:37:02.111Z,77166,before,update_e2e_passed,7031121e3bc371707d2c362f4e3efe38073d4688,81,0,read,63.88,10,,0,two_independent_tasks_run_concurrently_and_a_dependent_follows_integration,0,,0,logs/update-1791045228-7031121e3bc3.e2e.log
2026-10-03T16:52:18.856Z,77299,before,update_e2e_passed,acbd33b7105a9fabf65366e4d35d372a72a3b278,126,0,read,108.44,10,,0,two_independent_tasks_run_concurrently_and_a_dependent_follows_integration,0,auto_update_hands_the_supervisor_over_while_a_session_works_and_the_run_lands two_independent_tasks_run_concurrently_and_a_dependent_follows_integration,0,logs/update-1791046069-acbd33b7105a.e2e.log
2026-10-03T17:02:08.687Z,77366,before,update_e2e_passed,bc282009bc5f6e736e8bc685d961a5d9b24a76ab,83,0,read,58.89,10,,0,two_independent_tasks_run_concurrently_and_a_dependent_follows_integration,0,,0,logs/update-1791046750-bc282009bc5f.e2e.log
2026-10-03T17:22:41.791Z,77624,before,update_e2e_passed,bfe5f9935649d81943ec639e23d34c9480da851a,101,0,read,83.98,10,,0,two_independent_tasks_run_concurrently_and_a_dependent_follows_integration,0,,0,logs/update-1791047974-bfe5f9935649.e2e.log
2026-10-03T17:56:07.612Z,77906,before,update_e2e_passed,a6de115b148bf2ed1ad6928c3a22af031a56e31b,145,0,read,89.72,10,,0,two_independent_tasks_run_concurrently_and_a_dependent_follows_integration,0,,0,logs/update-1791049715-a6de115b148b.e2e.log
2026-10-03T18:11:43.725Z,77997,before,update_e2e_passed,a1ffea30ed6d809d1dda29bfb5fe8bb0a7116613,139,0,read,101.4,10,,0,two_independent_tasks_run_concurrently_and_a_dependent_follows_integration,0,two_independent_tasks_run_concurrently_and_a_dependent_follows_integration,0,logs/update-1791050816-a1ffea30ed6d.e2e.log
2026-10-03T18:57:17.563Z,78191,before,update_e2e_passed,82559e7d4cf85ba4c5a75df484a1c946c6172415,584,0,read,386.74,10,,0,two_independent_tasks_run_concurrently_and_a_dependent_follows_integration,0,a_worker_question_is_answered_as_the_next_turn_and_the_run_lands auto_update_hands_the_supervisor_over_while_a_session_works_and_the_run_lands happy_path_runs_a_stub_agent_through_cmux_and_lands_on_main headless::a_codex_worker_runs_its_turn_through_cmux_and_lands_on_main headless::no_claude_runs_codex_through_cmux_and_allows_manual_landing install_hands_the_supervisor_over_while_a_session_works_and_the_run_lands killed_supervisor_run_is_adopted_by_the_next_supervisor_and_lands other_repository::a_task_lands_on_master_of_a_repository_without_origin_cargo_toml_or_agents_md two_independent_tasks_run_concurrently_and_a_dependent_follows_integration,0,logs/update-1791052876-82559e7d4cf8.e2e.log
2026-10-03T19:21:31.966Z,78281,before,update_e2e_passed,e465d467ae1064250796350ce92c0927fac8f5bd,546,0,read,404.02,10,,0,two_independent_tasks_run_concurrently_and_a_dependent_follows_integration,0,a_worker_question_is_answered_as_the_next_turn_and_the_run_lands auto_update_hands_the_supervisor_over_while_a_session_works_and_the_run_lands happy_path_runs_a_stub_agent_through_cmux_and_lands_on_main headless::a_codex_worker_runs_its_turn_through_cmux_and_lands_on_main headless::no_claude_runs_codex_through_cmux_and_allows_manual_landing install_hands_the_supervisor_over_while_a_session_works_and_the_run_lands killed_supervisor_run_is_adopted_by_the_next_supervisor_and_lands other_repository::a_task_lands_on_master_of_a_repository_without_origin_cargo_toml_or_agents_md two_independent_tasks_run_concurrently_and_a_dependent_follows_integration,0,logs/update-1791054458-e465d467ae10.e2e.log
2026-10-03T19:41:40.419Z,78407,before,update_e2e_passed,d60b70d1b21e4e1e2020104cb33a1acc9c263ac9,91,0,read,58.98,10,,0,two_independent_tasks_run_concurrently_and_a_dependent_follows_integration,0,,0,logs/update-1791056297-d60b70d1b21e.e2e.log
2026-10-03T20:22:56.119Z,78785,before,update_e2e_passed,f549a9580b80ea33ba5ffe0fb4c9476f4db3da25,128,0,read,98.88,10,,0,two_independent_tasks_run_concurrently_and_a_dependent_follows_integration,0,auto_update_hands_the_supervisor_over_while_a_session_works_and_the_run_lands,0,logs/update-1791058576-f549a9580b80.e2e.log
2026-10-03T20:40:48.843Z,78917,before,update_e2e_passed,eeb575c60513910128a1afd868548def0ad4253c,152,0,read,85.06,10,,0,two_independent_tasks_run_concurrently_and_a_dependent_follows_integration,0,,0,logs/update-1791059775-eeb575c60513.e2e.log
2026-10-03T21:08:03.356Z,79125,before,update_e2e_passed,a50117a52171753796506414ae0d165c9c33f067,80,0,read,67.28,10,,0,two_independent_tasks_run_concurrently_and_a_dependent_follows_integration,0,,0,logs/update-1791061498-a50117a52171.e2e.log
2026-10-03T21:52:28.399Z,79285,before,update_e2e_passed,717b69900030c6a55921e73b42c5a0167fadca15,295,0,read,203.61,10,,0,two_independent_tasks_run_concurrently_and_a_dependent_follows_integration,0,a_worker_question_is_answered_as_the_next_turn_and_the_run_lands auto_update_hands_the_supervisor_over_while_a_session_works_and_the_run_lands happy_path_runs_a_stub_agent_through_cmux_and_lands_on_main headless::a_codex_worker_runs_its_turn_through_cmux_and_lands_on_main headless::no_claude_runs_codex_through_cmux_and_allows_manual_landing install_hands_the_supervisor_over_while_a_session_works_and_the_run_lands killed_supervisor_run_is_adopted_by_the_next_supervisor_and_lands other_repository::a_task_lands_on_master_of_a_repository_without_origin_cargo_toml_or_agents_md two_independent_tasks_run_concurrently_and_a_dependent_follows_integration,0,logs/update-1791063838-717b69900030.e2e.log
2026-10-03T22:50:33.430Z,79443,before,update_e2e_passed,1e47d6f51298a0e490b933a79febf3c91ad20578,133,0,read,106.65,10,,0,two_independent_tasks_run_concurrently_and_a_dependent_follows_integration,0,auto_update_hands_the_supervisor_over_while_a_session_works_and_the_run_lands two_independent_tasks_run_concurrently_and_a_dependent_follows_integration,0,logs/update-1791067530-1e47d6f51298.e2e.log
2026-10-03T23:00:49.287Z,79514,before,update_e2e_passed,2c480346b93596aa579f63854dd4555deff46418,85,0,read,68.07,10,,0,two_independent_tasks_run_concurrently_and_a_dependent_follows_integration,0,,0,logs/update-1791068265-2c480346b935.e2e.log
2026-10-03T23:14:48.553Z,79609,before,update_e2e_passed,e26167df62712b881e0d10407f10a142e68c8e37,95,0,read,76.52,10,,0,two_independent_tasks_run_concurrently_and_a_dependent_follows_integration,0,,0,logs/update-1791069022-e26167df6271.e2e.log
2026-10-03T23:27:49.304Z,79729,before,update_e2e_passed,adec1449f2db4908d5d08b1af472f39cc1dbd40a,77,0,read,66.11,10,,0,two_independent_tasks_run_concurrently_and_a_dependent_follows_integration,0,,0,logs/update-1791069894-adec1449f2db.e2e.log
2026-10-03T23:45:48.848Z,80008,before,update_e2e_passed,798e92a0b5c32809449343c9898705e0b79759a8,149,0,read,108.76,10,,0,two_independent_tasks_run_concurrently_and_a_dependent_follows_integration,0,two_independent_tasks_run_concurrently_and_a_dependent_follows_integration,0,logs/update-1791070867-798e92a0b5c3.e2e.log
2026-10-04T00:47:06.553Z,80454,before,update_e2e_passed,ee1399416b9e3a65e3b5a7b67fce1302e93965fd,77,0,read,59.17,10,,0,two_independent_tasks_run_concurrently_and_a_dependent_follows_integration,0,,0,logs/update-1791074647-ee1399416b9e.e2e.log
2026-10-04T01:05:10.884Z,80627,before,update_e2e_passed,3c4f15deab22e3afddce0b45e8eb3711c12db3db,89,0,read,71.95,10,,0,two_independent_tasks_run_concurrently_and_a_dependent_follows_integration,0,,0,logs/update-1791075680-3c4f15deab22.e2e.log
2026-10-04T01:20:26.159Z,80722,before,update_e2e_passed,e1690619e099c8c5c69570cbfe9254c0408080ed,83,0,read,73.52,10,,0,two_independent_tasks_run_concurrently_and_a_dependent_follows_integration,0,,0,logs/update-1791076615-e1690619e099.e2e.log
2026-10-04T01:50:51.006Z,80959,before,update_e2e_passed,f02e0f9ae02fa95a54003b732929f6b8c7c23762,104,0,read,77.58,10,,0,two_independent_tasks_run_concurrently_and_a_dependent_follows_integration,0,,0,logs/update-1791078417-f02e0f9ae02f.e2e.log
2026-10-04T02:20:01.417Z,81266,before,update_e2e_passed,8ab60f61aab27e0416664e4a6b3c701dbfdec01f,126,0,read,77.01,10,,0,two_independent_tasks_run_concurrently_and_a_dependent_follows_integration,0,,0,logs/update-1791080158-8ab60f61aab2.e2e.log
2026-10-04T02:34:00.287Z,81360,before,update_e2e_passed,076bbb727da3fcbd1c883d8e986c8599eee1408d,110,0,read,69.28,10,,0,two_independent_tasks_run_concurrently_and_a_dependent_follows_integration,0,,0,logs/update-1791081018-076bbb727da3.e2e.log
2026-10-04T03:21:35.606Z,81764,before,update_failed,e5d9718bcd33c284a99931ae3076db5482e3029f,413,0,read,351.04,10,,0,killed_supervisor_run_is_adopted_by_the_next_supervisor_and_lands,0,killed_supervisor_run_is_adopted_by_the_next_supervisor_and_lands,0,logs/update-1791083179-e5d9718bcd33.e2e.log
2026-10-04T03:34:10.312Z,81839,before,update_failed,23e500d8cb3c1e00ae0118818ca1058a053c7549,345,0,read,326.84,10,,0,killed_supervisor_run_is_adopted_by_the_next_supervisor_and_lands,0,killed_supervisor_run_is_adopted_by_the_next_supervisor_and_lands,0,logs/update-1791084099-23e500d8cb3c.e2e.log
2026-10-04T04:05:26.379Z,81951,before,update_failed,4855bc84aef60d050b24dc5b84bc82168fdea0ce,757,0,no_test_result,欠測,欠測,欠測,欠測,欠測,欠測,欠測,欠測,logs/update-1791085785-4855bc84aef6.e2e.log
2026-10-04T04:39:49.821Z,82178,before,update_failed,e20efd41000c94b5d0c22c9a83286a3d9e58e0cf,352,0,read,332.06,10,,0,killed_supervisor_run_is_adopted_by_the_next_supervisor_and_lands,0,killed_supervisor_run_is_adopted_by_the_next_supervisor_and_lands,0,logs/update-1791087960-e20efd41000c.e2e.log
2026-10-04T05:15:44.905Z,82408,before,update_failed,459131332542953cb8eda7d04d4c59d80cc7ac5d,447,0,read,383.6,10,,0,killed_supervisor_run_is_adopted_by_the_next_supervisor_and_lands,0,auto_update_hands_the_supervisor_over_while_a_session_works_and_the_run_lands killed_supervisor_run_is_adopted_by_the_next_supervisor_and_lands,0,logs/update-1791090056-459131332542.e2e.log
2026-10-04T05:38:06.881Z,82477,before,update_e2e_passed,f7619e64273f220dc0462e3b8312eb013a9ea8f6,86,0,read,59.74,10,,0,two_independent_tasks_run_concurrently_and_a_dependent_follows_integration,0,,0,logs/update-1791091637-f7619e64273f.e2e.log
2026-10-04T06:54:17.091Z,82852,before,update_e2e_passed,1035491baa5935f05c46691d77a8424fae8bb049,146,0,read,76.4,10,,0,two_independent_tasks_run_concurrently_and_a_dependent_follows_integration,0,,0,logs/update-1791096616-1035491baa59.e2e.log
2026-10-04T07:23:26.776Z,83332,before,update_e2e_passed,dc93fcfa3a4ddc4451d2d77832d4c1386d8a2020,115,0,read,73.65,10,,0,two_independent_tasks_run_concurrently_and_a_dependent_follows_integration,0,,0,logs/update-1791098214-dc93fcfa3a4d.e2e.log
2026-10-04T07:42:16.085Z,83499,before,update_e2e_passed,95181d50f621ce122bbe9e46bf6bc187c87dfeab,105,0,read,76.33,10,,0,two_independent_tasks_run_concurrently_and_a_dependent_follows_integration,0,,0,logs/update-1791099491-95181d50f621.e2e.log
2026-10-04T08:03:10.230Z,83627,before,update_e2e_passed,a35286332287ac0c1f48f9cc57e1580cdb14daef,95,0,read,64.05,10,,0,two_independent_tasks_run_concurrently_and_a_dependent_follows_integration,0,,0,logs/update-1791100798-a35286332287.e2e.log
2026-10-04T08:24:55.176Z,84820,before,update_e2e_passed,6d4b1fa7769a040d2cb749c66931344d55224d7a,113,0,read,90.3,10,,0,two_independent_tasks_run_concurrently_and_a_dependent_follows_integration,0,,0,logs/update-1791102013-6d4b1fa7769a.e2e.log
2026-10-04T08:43:11.215Z,85294,before,update_e2e_passed,6c0d72d3edcafef023a2a9b260e92efe40b12c73,109,0,read,69.27,10,,0,two_independent_tasks_run_concurrently_and_a_dependent_follows_integration,0,,0,logs/update-1791103006-6c0d72d3edca.e2e.log
2026-10-04T09:26:44.203Z,87623,before,update_e2e_passed,4f3a3d192e5e36f8b9e5afd60225fc5bf996feaa,92,0,read,73.15,10,,0,two_independent_tasks_run_concurrently_and_a_dependent_follows_integration,0,,0,logs/update-1791105734-4f3a3d192e5e.e2e.log
2026-10-04T10:03:21.056Z,89334,before,update_e2e_passed,3686c60974e9f576f57f50d5200d652e25e46f03,181,0,read,93.94,10,,0,two_independent_tasks_run_concurrently_and_a_dependent_follows_integration,0,auto_update_hands_the_supervisor_over_while_a_session_works_and_the_run_lands,0,logs/update-1791107581-3686c60974e9.e2e.log
2026-10-04T10:23:07.590Z,90111,before,update_e2e_passed,d080d0174d289505b2ab2be894caaa0809a0acff,80,0,read,65.2,10,,0,two_independent_tasks_run_concurrently_and_a_dependent_follows_integration,0,,0,logs/update-1791109193-d080d0174d28.e2e.log
2026-10-04T10:33:52.187Z,90196,before,update_e2e_passed,12286976b89c433516b41bd3d9248160957b4e1f,77,0,read,61.44,10,,0,two_independent_tasks_run_concurrently_and_a_dependent_follows_integration,0,,0,logs/update-1791109874-12286976b89c.e2e.log
2026-10-04T11:11:33.428Z,90845,before,update_e2e_passed,e66bc70529db2161dda24d3fc5e967ac16a20253,92,0,read,69.11,10,,0,two_independent_tasks_run_concurrently_and_a_dependent_follows_integration,0,,0,logs/update-1791112072-e66bc70529db.e2e.log
2026-10-04T12:18:27.923Z,91605,before,update_e2e_passed,4723af34fbf6deab8e533ffc56aa5f90766ae894,83,0,read,64.03,10,,0,two_independent_tasks_run_concurrently_and_a_dependent_follows_integration,0,,0,logs/update-1791116145-4723af34fbf6.e2e.log
2026-10-04T12:41:15.938Z,92688,before,update_e2e_passed,d8e5e25cc3fc3ddc317b4ce054cbd0e051f932ea,180,0,read,96.22,10,,0,two_independent_tasks_run_concurrently_and_a_dependent_follows_integration,0,auto_update_hands_the_supervisor_over_while_a_session_works_and_the_run_lands two_independent_tasks_run_concurrently_and_a_dependent_follows_integration,0,logs/update-1791117293-d8e5e25cc3fc.e2e.log
2026-10-04T13:08:17.992Z,93978,before,update_e2e_passed,adda99a602531acae52738f39601f418a423fb84,111,0,read,92.08,10,,0,two_independent_tasks_run_concurrently_and_a_dependent_follows_integration,0,two_independent_tasks_run_concurrently_and_a_dependent_follows_integration,0,logs/update-1791119046-adda99a60253.e2e.log
2026-10-04T13:53:24.758Z,94254,before,update_e2e_passed,8646ac612dffa28e2040e587b1e03ea3560a4f0a,181,0,read,93.7,10,,0,two_independent_tasks_run_concurrently_and_a_dependent_follows_integration,0,two_independent_tasks_run_concurrently_and_a_dependent_follows_integration,0,logs/update-1791121613-8646ac612dff.e2e.log
2026-10-04T14:21:20.270Z,94468,before,update_e2e_passed,6e53bc4dc8643fc81c0ab2091b368c6c7f176d2e,97,0,read,75.08,10,,0,two_independent_tasks_run_concurrently_and_a_dependent_follows_integration,0,,0,logs/update-1791123420-6e53bc4dc864.e2e.log
2026-10-04T14:36:38.650Z,94570,before,update_e2e_passed,d751a0c93304aece21c4de99fe41cc0bb3aac76b,112,0,read,61.2,10,,0,two_independent_tasks_run_concurrently_and_a_dependent_follows_integration,0,,0,logs/update-1791124287-d751a0c93304.e2e.log
2026-10-04T15:11:26.618Z,94797,before,update_e2e_passed,e70840a90ad29812c855146c54be13f18649b173,113,0,read,75.75,10,,0,two_independent_tasks_run_concurrently_and_a_dependent_follows_integration,0,,0,logs/update-1791126449-e70840a90ad2.e2e.log
2026-10-04T15:25:19.955Z,94889,before,update_e2e_passed,60972db31b70c2b1e607185f6cb4555957d28b64,90,0,read,61.05,10,,0,two_independent_tasks_run_concurrently_and_a_dependent_follows_integration,0,,0,logs/update-1791127345-60972db31b70.e2e.log
2026-10-04T16:06:40.905Z,95867,before,update_e2e_passed,04d8bb4e527a81a749fb0dcf0efe02215d7bdb4c,90,0,read,61.3,10,,0,two_independent_tasks_run_concurrently_and_a_dependent_follows_integration,0,,0,logs/update-1791129794-04d8bb4e527a.e2e.log
2026-10-04T16:49:04.983Z,96165,before,update_e2e_passed,824619bff7cc9f6bc467a079471de9838fecb66b,92,0,read,64.65,10,,0,two_independent_tasks_run_concurrently_and_a_dependent_follows_integration,0,,0,logs/update-1791132360-824619bff7cc.e2e.log
2026-10-04T18:04:55.116Z,96556,before,update_e2e_passed,3e74b981ce668a934caab639f5143276691efc30,88,0,read,66.15,10,,0,two_independent_tasks_run_concurrently_and_a_dependent_follows_integration,0,,0,logs/update-1791136861-3e74b981ce66.e2e.log
2026-10-04T18:32:07.812Z,96751,before,update_e2e_passed,2dbf5872665536248d16d47b755c4ef2234d3828,165,0,read,113.25,10,,0,two_independent_tasks_run_concurrently_and_a_dependent_follows_integration,0,auto_update_hands_the_supervisor_over_while_a_session_works_and_the_run_lands two_independent_tasks_run_concurrently_and_a_dependent_follows_integration,0,logs/update-1791138354-2dbf58726655.e2e.log
2026-10-04T18:46:46.894Z,96850,before,update_e2e_passed,ed2a9c21e79e7dbc4efe44ec93773b7fe9a4c8ab,86,0,read,63.86,10,,0,two_independent_tasks_run_concurrently_and_a_dependent_follows_integration,0,,0,logs/update-1791139435-ed2a9c21e79e.e2e.log
2026-10-04T19:11:22.848Z,97128,afterA,update_e2e_passed,6cb5e894fcc5beedf3673c3cb95291f7ad621e47,238,0,read,214.74,11,broker::a_preferred_worker_does_its_task_through_the_broker_and_lands,1,two_independent_tasks_run_concurrently_and_a_dependent_follows_integration,0,a_worker_question_is_answered_as_the_next_turn_and_the_run_lands auto_update_hands_the_supervisor_over_while_a_session_works_and_the_run_lands broker::a_preferred_worker_does_its_task_through_the_broker_and_lands happy_path_runs_a_stub_agent_through_cmux_and_lands_on_main headless::a_codex_worker_runs_its_turn_through_cmux_and_lands_on_main headless::no_claude_runs_codex_through_cmux_and_allows_manual_landing two_independent_tasks_run_concurrently_and_a_dependent_follows_integration,1,logs/update-1791140657-6cb5e894fcc5.e2e.log
2026-10-04T19:44:01.608Z,97289,afterA,update_e2e_passed,48e6aad79b97622b6863ec6b4921a47f58fce163,124,0,read,94.55,11,broker::a_preferred_worker_does_its_task_through_the_broker_and_lands,1,broker::a_preferred_worker_does_its_task_through_the_broker_and_lands,1,broker::a_preferred_worker_does_its_task_through_the_broker_and_lands,1,logs/update-1791142376-48e6aad79b97.e2e.log
2026-10-04T20:00:03.894Z,97355,afterA,update_e2e_passed,0df576f25d12e1b5fc1b789cdde93e47756b9e9e,174,0,read,118.52,11,broker::a_preferred_worker_does_its_task_through_the_broker_and_lands,1,broker::a_preferred_worker_does_its_task_through_the_broker_and_lands,1,broker::a_preferred_worker_does_its_task_through_the_broker_and_lands two_independent_tasks_run_concurrently_and_a_dependent_follows_integration,1,logs/update-1791143660-0df576f25d12.e2e.log
2026-10-04T20:30:54.010Z,97595,afterA,update_e2e_passed,7738410640251ecd1524de863a91406a25df4a90,97,0,read,82.38,11,broker::a_preferred_worker_does_its_task_through_the_broker_and_lands,1,broker::a_preferred_worker_does_its_task_through_the_broker_and_lands,1,broker::a_preferred_worker_does_its_task_through_the_broker_and_lands,1,logs/update-1791145621-773841064025.e2e.log
2026-10-04T21:07:58.589Z,97898,afterA,update_e2e_passed,06cf5074493cadc5c74d6908c71a8c22ce340c95,187,0,read,143.36,11,broker::a_preferred_worker_does_its_task_through_the_broker_and_lands,1,broker::a_preferred_worker_does_its_task_through_the_broker_and_lands,1,broker::a_preferred_worker_does_its_task_through_the_broker_and_lands two_independent_tasks_run_concurrently_and_a_dependent_follows_integration,1,logs/update-1791147725-06cf5074493c.e2e.log
2026-10-04T21:16:30.163Z,97964,afterA,update_e2e_passed,3ccae59cd580d920897776d326cde85f17398886,122,0,read,99.12,11,broker::a_preferred_worker_does_its_task_through_the_broker_and_lands,1,broker::a_preferred_worker_does_its_task_through_the_broker_and_lands,1,broker::a_preferred_worker_does_its_task_through_the_broker_and_lands,1,logs/update-1791148321-3ccae59cd580.e2e.log
2026-10-04T21:29:04.792Z,98076,afterA,update_e2e_passed,1a43a77811b0ed141c9f6f742e6148e9f74338ff,176,0,read,128.6,11,broker::a_preferred_worker_does_its_task_through_the_broker_and_lands,1,two_independent_tasks_run_concurrently_and_a_dependent_follows_integration,0,auto_update_hands_the_supervisor_over_while_a_session_works_and_the_run_lands broker::a_preferred_worker_does_its_task_through_the_broker_and_lands two_independent_tasks_run_concurrently_and_a_dependent_follows_integration,1,logs/update-1791148996-1a43a77811b0.e2e.log
2026-10-04T21:47:31.797Z,98181,afterA,update_e2e_passed,445f23e6c8714e9e24c08fcce1f4f2cbefdfcb08,87,0,read,65.66,11,broker::a_preferred_worker_does_its_task_through_the_broker_and_lands,1,broker::a_preferred_worker_does_its_task_through_the_broker_and_lands,1,broker::a_preferred_worker_does_its_task_through_the_broker_and_lands,1,logs/update-1791150244-445f23e6c871.e2e.log
2026-10-04T22:17:46.756Z,98354,afterA,update_e2e_passed,464857c5ba060704e04a1969a8aa0f9d4b7998e2,165,0,read,125.5,11,broker::a_preferred_worker_does_its_task_through_the_broker_and_lands,1,two_independent_tasks_run_concurrently_and_a_dependent_follows_integration,0,broker::a_preferred_worker_does_its_task_through_the_broker_and_lands two_independent_tasks_run_concurrently_and_a_dependent_follows_integration,1,logs/update-1791151816-464857c5ba06.e2e.log
2026-10-04T22:50:53.237Z,98680,afterA,update_e2e_passed,cbe04981dda0ecd209132a476ca2032b1bd9e278,259,0,read,211.11,11,broker::a_preferred_worker_does_its_task_through_the_broker_and_lands,1,broker::a_preferred_worker_does_its_task_through_the_broker_and_lands,1,broker::a_preferred_worker_does_its_task_through_the_broker_and_lands two_independent_tasks_run_concurrently_and_a_dependent_follows_integration,1,logs/update-1791153381-cbe04981dda0.e2e.log
2026-10-04T23:20:08.659Z,98847,afterA,update_e2e_passed,af5b8d1021e6176c4cfcd1e8b0c0498317113fe8,414,0,read,219.71,11,broker::a_preferred_worker_does_its_task_through_the_broker_and_lands,1,broker::a_preferred_worker_does_its_task_through_the_broker_and_lands,1,broker::a_preferred_worker_does_its_task_through_the_broker_and_lands two_independent_tasks_run_concurrently_and_a_dependent_follows_integration,1,logs/update-1791155183-af5b8d1021e6.e2e.log
2026-10-04T23:57:08.150Z,99236,afterA,update_e2e_passed,eabfabbbac2f46167c1d343f72890171566dc6f5,198,0,read,93.37,11,broker::a_preferred_worker_does_its_task_through_the_broker_and_lands,1,broker::a_preferred_worker_does_its_task_through_the_broker_and_lands,1,broker::a_preferred_worker_does_its_task_through_the_broker_and_lands,1,logs/update-1791157842-eabfabbbac2f.e2e.log
2026-10-05T00:17:15.647Z,99681,afterA,update_e2e_passed,30e6a7b77ff196cb5e0e80e657cc66f616dcf235,270,0,read,219.45,11,broker::a_preferred_worker_does_its_task_through_the_broker_and_lands,1,broker::a_preferred_worker_does_its_task_through_the_broker_and_lands,1,auto_update_hands_the_supervisor_over_while_a_session_works_and_the_run_lands broker::a_preferred_worker_does_its_task_through_the_broker_and_lands two_independent_tasks_run_concurrently_and_a_dependent_follows_integration,1,logs/update-1791159001-30e6a7b77ff1.e2e.log
2026-10-05T00:26:09.777Z,99844,afterA,update_e2e_passed,055ab7219aedc8b0e958b974a4ee5bddee792beb,137,0,read,91.82,11,broker::a_preferred_worker_does_its_task_through_the_broker_and_lands,1,broker::a_preferred_worker_does_its_task_through_the_broker_and_lands,1,broker::a_preferred_worker_does_its_task_through_the_broker_and_lands,1,logs/update-1791159686-055ab7219aed.e2e.log
2026-10-05T01:07:51.021Z,100282,afterA,update_e2e_passed,051f1b654fa5b064fdc3f5963fa50ac65d093832,274,0,read,193.86,11,broker::a_preferred_worker_does_its_task_through_the_broker_and_lands,1,broker::a_preferred_worker_does_its_task_through_the_broker_and_lands,1,a_worker_question_is_answered_as_the_next_turn_and_the_run_lands auto_update_hands_the_supervisor_over_while_a_session_works_and_the_run_lands broker::a_preferred_worker_does_its_task_through_the_broker_and_lands happy_path_runs_a_stub_agent_through_cmux_and_lands_on_main headless::a_codex_worker_runs_its_turn_through_cmux_and_lands_on_main headless::no_claude_runs_codex_through_cmux_and_allows_manual_landing install_hands_the_supervisor_over_while_a_session_works_and_the_run_lands two_independent_tasks_run_concurrently_and_a_dependent_follows_integration,1,logs/update-1791162000-051f1b654fa5.e2e.log
2026-10-05T01:17:42.709Z,100381,afterA,update_e2e_passed,5d22997f1487041e9d52b891e2fcc0dcfe351568,113,0,read,87.43,11,broker::a_preferred_worker_does_its_task_through_the_broker_and_lands,1,broker::a_preferred_worker_does_its_task_through_the_broker_and_lands,1,broker::a_preferred_worker_does_its_task_through_the_broker_and_lands,1,logs/update-1791162794-5d22997f1487.e2e.log
2026-10-05T01:37:52.435Z,100460,afterA,update_e2e_passed,c7558779d2900a039edb93e822bc96d0413c2e23,166,0,read,87.62,11,broker::a_preferred_worker_does_its_task_through_the_broker_and_lands,1,broker::a_preferred_worker_does_its_task_through_the_broker_and_lands,1,broker::a_preferred_worker_does_its_task_through_the_broker_and_lands,1,logs/update-1791163836-c7558779d290.e2e.log
2026-10-05T04:09:26.202Z,101417,afterB,update_e2e_passed,030bb3a1e7cdea31a92b6c89dfb85cb4dd32cd11,153,0,read,112.18,13,broker::a_required_queue_claims_nothing_while_its_broker_is_stopped_and_tells_the_inbox broker::a_preferred_worker_does_its_task_through_the_broker_and_lands broker::a_required_worker_does_its_task_only_through_the_broker_and_lands,3,broker::a_required_worker_does_its_task_only_through_the_broker_and_lands,1,broker::a_preferred_worker_does_its_task_through_the_broker_and_lands broker::a_required_queue_claims_nothing_while_its_broker_is_stopped_and_tells_the_inbox broker::a_required_worker_does_its_task_only_through_the_broker_and_lands,1,logs/update-1791173018-030bb3a1e7cd.e2e.log
2026-10-05T05:07:14.275Z,101713,afterB,update_e2e_passed,0868fff45d1e1976ac3a13a882ba2a58ff19a923,165,0,read,127.42,13,broker::a_required_worker_does_its_task_only_through_the_broker_and_lands broker::a_required_queue_claims_nothing_while_its_broker_is_stopped_and_tells_the_inbox broker::a_preferred_worker_does_its_task_through_the_broker_and_lands,3,broker::a_preferred_worker_does_its_task_through_the_broker_and_lands,1,broker::a_preferred_worker_does_its_task_through_the_broker_and_lands broker::a_required_queue_claims_nothing_while_its_broker_is_stopped_and_tells_the_inbox broker::a_required_worker_does_its_task_only_through_the_broker_and_lands,1,logs/update-1791176539-0868fff45d1e.e2e.log
2026-10-05T05:27:18.108Z,101850,afterB,update_e2e_passed,9d001a0cb441baec7895f66c975aa27907826fb7,205,0,read,118.8,13,broker::a_required_worker_does_its_task_only_through_the_broker_and_lands broker::a_required_queue_claims_nothing_while_its_broker_is_stopped_and_tells_the_inbox broker::a_preferred_worker_does_its_task_through_the_broker_and_lands,3,two_independent_tasks_run_concurrently_and_a_dependent_follows_integration,0,broker::a_preferred_worker_does_its_task_through_the_broker_and_lands broker::a_required_queue_claims_nothing_while_its_broker_is_stopped_and_tells_the_inbox broker::a_required_worker_does_its_task_only_through_the_broker_and_lands,1,logs/update-1791177651-9d001a0cb441.e2e.log
2026-10-05T05:47:28.632Z,102014,afterB,update_e2e_passed,832fc43a25b8767d8f7875445430c70033da017d,195,0,read,126.27,13,broker::a_required_queue_claims_nothing_while_its_broker_is_stopped_and_tells_the_inbox broker::a_required_worker_does_its_task_only_through_the_broker_and_lands broker::a_preferred_worker_does_its_task_through_the_broker_and_lands,3,two_independent_tasks_run_concurrently_and_a_dependent_follows_integration,0,broker::a_preferred_worker_does_its_task_through_the_broker_and_lands broker::a_required_queue_claims_nothing_while_its_broker_is_stopped_and_tells_the_inbox broker::a_required_worker_does_its_task_only_through_the_broker_and_lands,1,logs/update-1791178811-832fc43a25b8.e2e.log
2026-10-05T06:03:33.580Z,102098,afterB,update_e2e_passed,73471de9dbe6fd2d1a334db9afb06668cb7536d2,131,0,read,111.62,13,broker::a_preferred_worker_does_its_task_through_the_broker_and_lands broker::a_required_queue_claims_nothing_while_its_broker_is_stopped_and_tells_the_inbox broker::a_required_worker_does_its_task_only_through_the_broker_and_lands,3,two_independent_tasks_run_concurrently_and_a_dependent_follows_integration,0,broker::a_preferred_worker_does_its_task_through_the_broker_and_lands broker::a_required_queue_claims_nothing_while_its_broker_is_stopped_and_tells_the_inbox broker::a_required_worker_does_its_task_only_through_the_broker_and_lands,1,logs/update-1791179979-73471de9dbe6.e2e.log
2026-10-05T06:26:16.301Z,102286,afterB,update_e2e_passed,71b54b224afb6fe25fa0e9d50c0311acccac4c2f,123,0,read,89.18,13,broker::a_preferred_worker_does_its_task_through_the_broker_and_lands broker::a_required_queue_claims_nothing_while_its_broker_is_stopped_and_tells_the_inbox broker::a_required_worker_does_its_task_only_through_the_broker_and_lands,3,two_independent_tasks_run_concurrently_and_a_dependent_follows_integration,0,broker::a_preferred_worker_does_its_task_through_the_broker_and_lands broker::a_required_queue_claims_nothing_while_its_broker_is_stopped_and_tells_the_inbox broker::a_required_worker_does_its_task_only_through_the_broker_and_lands,1,logs/update-1791181291-71b54b224afb.e2e.log
2026-10-05T06:40:19.750Z,102531,afterB,update_e2e_passed,f7f900ef8c945f083f9b21f1c98bb5c2daa9c97a,103,0,read,89.4,13,broker::a_required_queue_claims_nothing_while_its_broker_is_stopped_and_tells_the_inbox broker::a_required_worker_does_its_task_only_through_the_broker_and_lands broker::a_preferred_worker_does_its_task_through_the_broker_and_lands,3,two_independent_tasks_run_concurrently_and_a_dependent_follows_integration,0,broker::a_preferred_worker_does_its_task_through_the_broker_and_lands broker::a_required_queue_claims_nothing_while_its_broker_is_stopped_and_tells_the_inbox broker::a_required_worker_does_its_task_only_through_the_broker_and_lands,1,logs/update-1791182190-f7f900ef8c94.e2e.log
2026-10-05T07:19:48.886Z,102736,afterB,update_e2e_passed,b49f6ae83f008b6bb7283b01b302cf186ce9d220,175,0,read,122.08,13,broker::a_required_worker_does_its_task_only_through_the_broker_and_lands broker::a_required_queue_claims_nothing_while_its_broker_is_stopped_and_tells_the_inbox broker::a_preferred_worker_does_its_task_through_the_broker_and_lands,3,two_independent_tasks_run_concurrently_and_a_dependent_follows_integration,0,broker::a_preferred_worker_does_its_task_through_the_broker_and_lands broker::a_required_queue_claims_nothing_while_its_broker_is_stopped_and_tells_the_inbox broker::a_required_worker_does_its_task_only_through_the_broker_and_lands,1,logs/update-1791184402-b49f6ae83f00.e2e.log
2026-10-05T08:11:28.622Z,102907,afterB,update_e2e_passed,b4f75bac20660c042b72799001e373ce980602d4,108,0,read,91.29,13,broker::a_required_queue_claims_nothing_while_its_broker_is_stopped_and_tells_the_inbox broker::a_preferred_worker_does_its_task_through_the_broker_and_lands broker::a_required_worker_does_its_task_only_through_the_broker_and_lands,3,two_independent_tasks_run_concurrently_and_a_dependent_follows_integration,0,broker::a_preferred_worker_does_its_task_through_the_broker_and_lands broker::a_required_queue_claims_nothing_while_its_broker_is_stopped_and_tells_the_inbox broker::a_required_worker_does_its_task_only_through_the_broker_and_lands,1,logs/update-1791187679-b4f75bac2066.e2e.log
2026-10-05T13:18:20.661Z,104833,afterB,update_e2e_passed,e4da267e5494b8dd72fa1fd287c9b2941a5ae2fa,330,0,read,284.62,13,broker::a_preferred_worker_does_its_task_through_the_broker_and_lands broker::a_required_queue_claims_nothing_while_its_broker_is_stopped_and_tells_the_inbox broker::a_required_worker_does_its_task_only_through_the_broker_and_lands,3,broker::a_required_worker_does_its_task_only_through_the_broker_and_lands,1,broker::a_preferred_worker_does_its_task_through_the_broker_and_lands broker::a_required_queue_claims_nothing_while_its_broker_is_stopped_and_tells_the_inbox broker::a_required_worker_does_its_task_only_through_the_broker_and_lands two_independent_tasks_run_concurrently_and_a_dependent_follows_integration,1,logs/update-1791205635-e4da267e5494.e2e.log
2026-10-05T13:45:12.489Z,104913,afterB,update_e2e_passed,37a85355fcd7d08d441a9436bacad2ad7779d63b,321,0,read,272.14,13,broker::a_preferred_worker_does_its_task_through_the_broker_and_lands broker::a_required_queue_claims_nothing_while_its_broker_is_stopped_and_tells_the_inbox broker::a_required_worker_does_its_task_only_through_the_broker_and_lands,3,broker::a_required_worker_does_its_task_only_through_the_broker_and_lands,1,broker::a_preferred_worker_does_its_task_through_the_broker_and_lands broker::a_required_queue_claims_nothing_while_its_broker_is_stopped_and_tells_the_inbox broker::a_required_worker_does_its_task_only_through_the_broker_and_lands two_independent_tasks_run_concurrently_and_a_dependent_follows_integration,1,logs/update-1791207242-37a85355fcd7.e2e.log
2026-10-05T14:27:36.956Z,105152,afterB,update_e2e_passed,32b028e174bd4ccad67e2f3e2750c059c7b4f8ae,216,0,read,135.3,13,broker::a_required_worker_does_its_task_only_through_the_broker_and_lands broker::a_required_queue_claims_nothing_while_its_broker_is_stopped_and_tells_the_inbox broker::a_preferred_worker_does_its_task_through_the_broker_and_lands,3,broker::a_preferred_worker_does_its_task_through_the_broker_and_lands,1,broker::a_preferred_worker_does_its_task_through_the_broker_and_lands broker::a_required_queue_claims_nothing_while_its_broker_is_stopped_and_tells_the_inbox broker::a_required_worker_does_its_task_only_through_the_broker_and_lands,1,logs/update-1791209730-32b028e174bd.e2e.log
2026-10-05T14:50:28.963Z,105254,afterB,update_e2e_passed,b02282d78b50d1f40a70ca8354758e5ae9b033fe,172,0,read,152.28,13,broker::a_required_queue_claims_nothing_while_its_broker_is_stopped_and_tells_the_inbox broker::a_preferred_worker_does_its_task_through_the_broker_and_lands broker::a_required_worker_does_its_task_only_through_the_broker_and_lands,3,broker::a_required_worker_does_its_task_only_through_the_broker_and_lands,1,broker::a_preferred_worker_does_its_task_through_the_broker_and_lands broker::a_required_queue_claims_nothing_while_its_broker_is_stopped_and_tells_the_inbox broker::a_required_worker_does_its_task_only_through_the_broker_and_lands,1,logs/update-1791211478-b02282d78b50.e2e.log
2026-10-05T15:04:36.036Z,105390,afterB,update_e2e_passed,6ed11469dff774d9f0068533bb7c7777ebd5549c,134,0,read,109.51,13,broker::a_preferred_worker_does_its_task_through_the_broker_and_lands broker::a_required_queue_claims_nothing_while_its_broker_is_stopped_and_tells_the_inbox broker::a_required_worker_does_its_task_only_through_the_broker_and_lands,3,two_independent_tasks_run_concurrently_and_a_dependent_follows_integration,0,broker::a_preferred_worker_does_its_task_through_the_broker_and_lands broker::a_required_queue_claims_nothing_while_its_broker_is_stopped_and_tells_the_inbox broker::a_required_worker_does_its_task_only_through_the_broker_and_lands,1,logs/update-1791212252-6ed11469dff7.e2e.log
2026-10-05T22:13:57.175Z,105821,afterB,update_e2e_passed,a8056a3ab6312732be119aeca58dcd983b63c5d0,135,0,read,89.99,13,broker::a_required_worker_does_its_task_only_through_the_broker_and_lands broker::a_required_queue_claims_nothing_while_its_broker_is_stopped_and_tells_the_inbox broker::a_preferred_worker_does_its_task_through_the_broker_and_lands,3,two_independent_tasks_run_concurrently_and_a_dependent_follows_integration,0,broker::a_preferred_worker_does_its_task_through_the_broker_and_lands broker::a_required_queue_claims_nothing_while_its_broker_is_stopped_and_tells_the_inbox broker::a_required_worker_does_its_task_only_through_the_broker_and_lands,1,logs/update-1791238168-a8056a3ab631.e2e.log
2026-10-05T22:44:23.167Z,106220,afterB,update_e2e_passed,1abfc6c7ff6513464ea50558bfd8c0d4e08e8171,163,0,read,111.18,13,broker::a_required_queue_claims_nothing_while_its_broker_is_stopped_and_tells_the_inbox broker::a_required_worker_does_its_task_only_through_the_broker_and_lands broker::a_preferred_worker_does_its_task_through_the_broker_and_lands,3,broker::a_preferred_worker_does_its_task_through_the_broker_and_lands,1,broker::a_preferred_worker_does_its_task_through_the_broker_and_lands broker::a_required_queue_claims_nothing_while_its_broker_is_stopped_and_tells_the_inbox broker::a_required_worker_does_its_task_only_through_the_broker_and_lands,1,logs/update-1791239613-1abfc6c7ff65.e2e.log
2026-10-05T23:22:44.892Z,106432,afterB,update_e2e_passed,b513320117aa47a735996a088d67d46670ee6ed8,265,0,read,203.61,13,broker::a_preferred_worker_does_its_task_through_the_broker_and_lands broker::a_required_queue_claims_nothing_while_its_broker_is_stopped_and_tells_the_inbox broker::a_required_worker_does_its_task_only_through_the_broker_and_lands,3,broker::a_required_worker_does_its_task_only_through_the_broker_and_lands,1,broker::a_preferred_worker_does_its_task_through_the_broker_and_lands broker::a_required_queue_claims_nothing_while_its_broker_is_stopped_and_tells_the_inbox broker::a_required_worker_does_its_task_only_through_the_broker_and_lands,1,logs/update-1791242057-b513320117aa.e2e.log
2026-10-05T23:32:22.037Z,106571,afterB,update_e2e_passed,737d37da49c2724963c3f552e7b5defc8630f0c9,128,0,read,91.27,13,broker::a_required_worker_does_its_task_only_through_the_broker_and_lands broker::a_required_queue_claims_nothing_while_its_broker_is_stopped_and_tells_the_inbox broker::a_preferred_worker_does_its_task_through_the_broker_and_lands,3,two_independent_tasks_run_concurrently_and_a_dependent_follows_integration,0,broker::a_preferred_worker_does_its_task_through_the_broker_and_lands broker::a_required_queue_claims_nothing_while_its_broker_is_stopped_and_tells_the_inbox broker::a_required_worker_does_its_task_only_through_the_broker_and_lands,1,logs/update-1791242817-737d37da49c2.e2e.log
2026-10-05T23:56:01.166Z,106809,afterB,update_e2e_passed,e6b318def4b9a878882d189f4814ebf4cbdd0fce,240,0,read,119.79,13,broker::a_required_worker_does_its_task_only_through_the_broker_and_lands broker::a_required_queue_claims_nothing_while_its_broker_is_stopped_and_tells_the_inbox broker::a_preferred_worker_does_its_task_through_the_broker_and_lands,3,two_independent_tasks_run_concurrently_and_a_dependent_follows_integration,0,auto_update_hands_the_supervisor_over_while_a_session_works_and_the_run_lands broker::a_preferred_worker_does_its_task_through_the_broker_and_lands broker::a_required_queue_claims_nothing_while_its_broker_is_stopped_and_tells_the_inbox broker::a_required_worker_does_its_task_only_through_the_broker_and_lands,1,logs/update-1791243583-e6b318def4b9.e2e.log
2026-10-06T00:25:18.598Z,107535,afterB,update_e2e_passed,d475e461cb38063bae46271e731812359dd6fefd,117,0,read,92.81,13,broker::a_required_worker_does_its_task_only_through_the_broker_and_lands broker::a_preferred_worker_does_its_task_through_the_broker_and_lands broker::a_required_queue_claims_nothing_while_its_broker_is_stopped_and_tells_the_inbox,3,broker::a_required_queue_claims_nothing_while_its_broker_is_stopped_and_tells_the_inbox,1,broker::a_preferred_worker_does_its_task_through_the_broker_and_lands broker::a_required_queue_claims_nothing_while_its_broker_is_stopped_and_tells_the_inbox broker::a_required_worker_does_its_task_only_through_the_broker_and_lands,1,logs/update-1791246040-d475e461cb38.e2e.log
2026-10-06T01:10:17.934Z,108590,afterB,update_e2e_passed,3d177d584954bef9b1c127cd826a25ac395d4b05,130,0,read,99.69,13,broker::a_required_queue_claims_nothing_while_its_broker_is_stopped_and_tells_the_inbox broker::a_preferred_worker_does_its_task_through_the_broker_and_lands broker::a_required_worker_does_its_task_only_through_the_broker_and_lands,3,broker::a_required_worker_does_its_task_only_through_the_broker_and_lands,1,broker::a_preferred_worker_does_its_task_through_the_broker_and_lands broker::a_required_queue_claims_nothing_while_its_broker_is_stopped_and_tells_the_inbox broker::a_required_worker_does_its_task_only_through_the_broker_and_lands,1,logs/update-1791248745-3d177d584954.e2e.log
2026-10-06T01:50:17.948Z,109134,afterB,update_e2e_passed,fbaf72f408363a824d7443da2cbfb5c04a232c4c,258,0,read,144.73,13,broker::a_preferred_worker_does_its_task_through_the_broker_and_lands broker::a_required_queue_claims_nothing_while_its_broker_is_stopped_and_tells_the_inbox broker::a_required_worker_does_its_task_only_through_the_broker_and_lands,3,broker::a_required_worker_does_its_task_only_through_the_broker_and_lands,1,broker::a_preferred_worker_does_its_task_through_the_broker_and_lands broker::a_required_queue_claims_nothing_while_its_broker_is_stopped_and_tells_the_inbox broker::a_required_worker_does_its_task_only_through_the_broker_and_lands,1,logs/update-1791250919-fbaf72f40836.e2e.log
2026-10-06T02:19:46.664Z,109317,afterB,update_e2e_passed,17f95e6b60119d6130b8c290c4752bf0a868bf85,153,0,read,129.61,13,broker::a_required_queue_claims_nothing_while_its_broker_is_stopped_and_tells_the_inbox broker::a_preferred_worker_does_its_task_through_the_broker_and_lands broker::a_required_worker_does_its_task_only_through_the_broker_and_lands,3,broker::a_required_worker_does_its_task_only_through_the_broker_and_lands,1,broker::a_preferred_worker_does_its_task_through_the_broker_and_lands broker::a_required_queue_claims_nothing_while_its_broker_is_stopped_and_tells_the_inbox broker::a_required_worker_does_its_task_only_through_the_broker_and_lands,1,logs/update-1791252842-17f95e6b6011.e2e.log
2026-10-06T02:27:17.539Z,109396,afterB,update_e2e_passed,a728b20eaacf3abab8a3191559be5f0d2ac20ad0,82,0,read,70.11,13,broker::a_required_queue_claims_nothing_while_its_broker_is_stopped_and_tells_the_inbox broker::a_preferred_worker_does_its_task_through_the_broker_and_lands broker::a_required_worker_does_its_task_only_through_the_broker_and_lands,3,two_independent_tasks_run_concurrently_and_a_dependent_follows_integration,0,broker::a_required_worker_does_its_task_only_through_the_broker_and_lands,1,logs/update-1791253460-a728b20eaacf.e2e.log
2026-10-06T03:03:17.927Z,110355,afterB,update_e2e_passed,6d25f57cdea4df7d737f2483c2938ec2137dd919,99,0,read,81.08,13,broker::a_required_worker_does_its_task_only_through_the_broker_and_lands broker::a_required_queue_claims_nothing_while_its_broker_is_stopped_and_tells_the_inbox broker::a_preferred_worker_does_its_task_through_the_broker_and_lands,3,broker::a_preferred_worker_does_its_task_through_the_broker_and_lands,1,broker::a_preferred_worker_does_its_task_through_the_broker_and_lands broker::a_required_queue_claims_nothing_while_its_broker_is_stopped_and_tells_the_inbox broker::a_required_worker_does_its_task_only_through_the_broker_and_lands,1,logs/update-1791255578-6d25f57cdea4.e2e.log
2026-10-06T03:28:46.363Z,110718,afterB,update_e2e_passed,9b110cf8dbfbdc19a4188b1ac35c2a6e52769518,152,0,read,92.17,13,broker::a_preferred_worker_does_its_task_through_the_broker_and_lands broker::a_required_queue_claims_nothing_while_its_broker_is_stopped_and_tells_the_inbox broker::a_required_worker_does_its_task_only_through_the_broker_and_lands,3,broker::a_required_worker_does_its_task_only_through_the_broker_and_lands,1,broker::a_preferred_worker_does_its_task_through_the_broker_and_lands broker::a_required_queue_claims_nothing_while_its_broker_is_stopped_and_tells_the_inbox broker::a_required_worker_does_its_task_only_through_the_broker_and_lands,1,logs/update-1791256950-9b110cf8dbfb.e2e.log
2026-10-06T03:48:29.940Z,110921,afterB,update_e2e_passed,c56b0630eafcd05d5b1f8aa5673f9e8675e014a8,99,0,read,82.01,13,broker::a_required_worker_does_its_task_only_through_the_broker_and_lands broker::a_required_queue_claims_nothing_while_its_broker_is_stopped_and_tells_the_inbox broker::a_preferred_worker_does_its_task_through_the_broker_and_lands,3,broker::a_preferred_worker_does_its_task_through_the_broker_and_lands,1,broker::a_preferred_worker_does_its_task_through_the_broker_and_lands broker::a_required_queue_claims_nothing_while_its_broker_is_stopped_and_tells_the_inbox broker::a_required_worker_does_its_task_only_through_the_broker_and_lands,1,logs/update-1791258257-c56b0630eafc.e2e.log
2026-10-06T11:12:03.506Z,112139,afterB,update_e2e_passed,be2158e9036d7f6fc8f6960d18c41b753f516431,151,0,read,75.84,13,broker::a_preferred_worker_does_its_task_through_the_broker_and_lands broker::a_required_queue_claims_nothing_while_its_broker_is_stopped_and_tells_the_inbox broker::a_required_worker_does_its_task_only_through_the_broker_and_lands,3,broker::a_required_worker_does_its_task_only_through_the_broker_and_lands,1,broker::a_preferred_worker_does_its_task_through_the_broker_and_lands broker::a_required_queue_claims_nothing_while_its_broker_is_stopped_and_tells_the_inbox broker::a_required_worker_does_its_task_only_through_the_broker_and_lands,1,logs/update-1791284731-be2158e9036d.e2e.log
2026-10-06T12:11:53.177Z,113138,afterB,update_e2e_passed,64c8a2d9f238b9db27de53480d1740c2acc3a1a0,125,0,read,101.09,13,broker::a_required_worker_does_its_task_only_through_the_broker_and_lands broker::a_required_queue_claims_nothing_while_its_broker_is_stopped_and_tells_the_inbox broker::a_preferred_worker_does_its_task_through_the_broker_and_lands,3,broker::a_preferred_worker_does_its_task_through_the_broker_and_lands,1,broker::a_preferred_worker_does_its_task_through_the_broker_and_lands broker::a_required_queue_claims_nothing_while_its_broker_is_stopped_and_tells_the_inbox broker::a_required_worker_does_its_task_only_through_the_broker_and_lands,1,logs/update-1791288446-64c8a2d9f238.e2e.log
2026-10-06T12:43:05.101Z,113776,afterB,update_e2e_passed,d368fb2d1d80b7e6a602871547a59a14e937ccf0,195,0,read,132.4,13,broker::a_preferred_worker_does_its_task_through_the_broker_and_lands broker::a_required_queue_claims_nothing_while_its_broker_is_stopped_and_tells_the_inbox broker::a_required_worker_does_its_task_only_through_the_broker_and_lands,3,broker::a_required_worker_does_its_task_only_through_the_broker_and_lands,1,broker::a_preferred_worker_does_its_task_through_the_broker_and_lands broker::a_required_queue_claims_nothing_while_its_broker_is_stopped_and_tells_the_inbox broker::a_required_worker_does_its_task_only_through_the_broker_and_lands,1,logs/update-1791290199-d368fb2d1d80.e2e.log
2026-10-06T13:14:15.586Z,114256,afterB,update_e2e_passed,e95d61ef939e656decefedb9e5a8909f6b926682,106,0,read,70.97,13,broker::a_preferred_worker_does_its_task_through_the_broker_and_lands broker::a_required_queue_claims_nothing_while_its_broker_is_stopped_and_tells_the_inbox broker::a_required_worker_does_its_task_only_through_the_broker_and_lands,3,two_independent_tasks_run_concurrently_and_a_dependent_follows_integration,0,broker::a_required_worker_does_its_task_only_through_the_broker_and_lands,1,logs/update-1791292146-e95d61ef939e.e2e.log
2026-10-06T13:47:59.141Z,114729,afterB,update_e2e_passed,c01ddb655710a1c6df2e8c8b87948036bfd84327,156,0,read,93.29,13,broker::a_preferred_worker_does_its_task_through_the_broker_and_lands broker::a_required_queue_claims_nothing_while_its_broker_is_stopped_and_tells_the_inbox broker::a_required_worker_does_its_task_only_through_the_broker_and_lands,3,broker::a_required_worker_does_its_task_only_through_the_broker_and_lands,1,broker::a_preferred_worker_does_its_task_through_the_broker_and_lands broker::a_required_queue_claims_nothing_while_its_broker_is_stopped_and_tells_the_inbox broker::a_required_worker_does_its_task_only_through_the_broker_and_lands,1,logs/update-1791294125-c01ddb655710.e2e.log
2026-10-06T22:44:30.291Z,115663,afterB,update_e2e_passed,bb73b3c3afd9bbc64d22a7ebd415347057c24d4d,100,0,read,77.22,13,broker::a_required_worker_does_its_task_only_through_the_broker_and_lands broker::a_required_queue_claims_nothing_while_its_broker_is_stopped_and_tells_the_inbox broker::a_preferred_worker_does_its_task_through_the_broker_and_lands,3,broker::a_preferred_worker_does_its_task_through_the_broker_and_lands,1,broker::a_preferred_worker_does_its_task_through_the_broker_and_lands broker::a_required_queue_claims_nothing_while_its_broker_is_stopped_and_tells_the_inbox broker::a_required_worker_does_its_task_only_through_the_broker_and_lands,1,logs/update-1791326454-bb73b3c3afd9.e2e.log
2026-10-06T23:33:41.594Z,116567,afterB,update_e2e_passed,fe27e50e940bb9eeda24bc7253ad32ba05bfbf3e,101,0,read,71.55,13,broker::a_required_worker_does_its_task_only_through_the_broker_and_lands broker::a_required_queue_claims_nothing_while_its_broker_is_stopped_and_tells_the_inbox broker::a_preferred_worker_does_its_task_through_the_broker_and_lands,3,two_independent_tasks_run_concurrently_and_a_dependent_follows_integration,0,broker::a_preferred_worker_does_its_task_through_the_broker_and_lands,1,logs/update-1791329411-fe27e50e940b.e2e.log
2026-10-06T23:52:55.897Z,117170,afterB,update_e2e_passed,628cd68ad87458da677818a31cbce031e31fa915,105,0,read,77.78,13,broker::a_required_worker_does_its_task_only_through_the_broker_and_lands broker::a_required_queue_claims_nothing_while_its_broker_is_stopped_and_tells_the_inbox broker::a_preferred_worker_does_its_task_through_the_broker_and_lands,3,broker::a_preferred_worker_does_its_task_through_the_broker_and_lands,1,broker::a_preferred_worker_does_its_task_through_the_broker_and_lands broker::a_required_queue_claims_nothing_while_its_broker_is_stopped_and_tells_the_inbox broker::a_required_worker_does_its_task_only_through_the_broker_and_lands,1,logs/update-1791330527-628cd68ad874.e2e.log
2026-10-07T00:21:09.060Z,117770,afterB,update_e2e_passed,f56a5580616404353a0afde924e3e446c5dbfb5e,147,0,read,99.11,13,broker::a_required_worker_does_its_task_only_through_the_broker_and_lands broker::a_required_queue_claims_nothing_while_its_broker_is_stopped_and_tells_the_inbox broker::a_preferred_worker_does_its_task_through_the_broker_and_lands,3,broker::a_preferred_worker_does_its_task_through_the_broker_and_lands,1,broker::a_preferred_worker_does_its_task_through_the_broker_and_lands broker::a_required_queue_claims_nothing_while_its_broker_is_stopped_and_tells_the_inbox broker::a_required_worker_does_its_task_only_through_the_broker_and_lands,1,logs/update-1791332163-f56a55806164.e2e.log
2026-10-07T00:51:10.802Z,118177,afterB,update_e2e_passed,7a3f981a63da326dfbbb7b6d1651cd69f3b92f72,80,0,read,67.19,13,broker::a_required_worker_does_its_task_only_through_the_broker_and_lands broker::a_required_queue_claims_nothing_while_its_broker_is_stopped_and_tells_the_inbox broker::a_preferred_worker_does_its_task_through_the_broker_and_lands,3,two_independent_tasks_run_concurrently_and_a_dependent_follows_integration,0,broker::a_preferred_worker_does_its_task_through_the_broker_and_lands,1,logs/update-1791334092-7a3f981a63da.e2e.log
2026-10-07T01:59:00.940Z,118457,afterB,update_e2e_passed,cf96001dbf5fc23f07a754918541b912542067f5,122,0,read,77.09,13,broker::a_required_queue_claims_nothing_while_its_broker_is_stopped_and_tells_the_inbox broker::a_required_worker_does_its_task_only_through_the_broker_and_lands broker::a_preferred_worker_does_its_task_through_the_broker_and_lands,3,broker::a_preferred_worker_does_its_task_through_the_broker_and_lands,1,broker::a_preferred_worker_does_its_task_through_the_broker_and_lands broker::a_required_queue_claims_nothing_while_its_broker_is_stopped_and_tells_the_inbox broker::a_required_worker_does_its_task_only_through_the_broker_and_lands,1,logs/update-1791338066-cf96001dbf5f.e2e.log
2026-10-07T02:22:10.612Z,118545,afterB,update_e2e_passed,800b5e63e550fcb648f73e774b43df12283d54dd,100,0,read,70.05,13,broker::a_required_queue_claims_nothing_while_its_broker_is_stopped_and_tells_the_inbox broker::a_preferred_worker_does_its_task_through_the_broker_and_lands broker::a_required_worker_does_its_task_only_through_the_broker_and_lands,3,two_independent_tasks_run_concurrently_and_a_dependent_follows_integration,0,broker::a_preferred_worker_does_its_task_through_the_broker_and_lands broker::a_required_queue_claims_nothing_while_its_broker_is_stopped_and_tells_the_inbox broker::a_required_worker_does_its_task_only_through_the_broker_and_lands,1,logs/update-1791339519-800b5e63e550.e2e.log
2026-10-07T03:07:04.701Z,118807,afterB,update_e2e_passed,9d3e842a3668a0ea8c7ccfa5d2e94f2e0052b95b,112,0,read,76.38,13,broker::a_preferred_worker_does_its_task_through_the_broker_and_lands broker::a_required_queue_claims_nothing_while_its_broker_is_stopped_and_tells_the_inbox broker::a_required_worker_does_its_task_only_through_the_broker_and_lands,3,two_independent_tasks_run_concurrently_and_a_dependent_follows_integration,0,broker::a_preferred_worker_does_its_task_through_the_broker_and_lands broker::a_required_queue_claims_nothing_while_its_broker_is_stopped_and_tells_the_inbox broker::a_required_worker_does_its_task_only_through_the_broker_and_lands,1,logs/update-1791342151-9d3e842a3668.e2e.log
2026-10-07T03:34:50.388Z,119308,afterB,update_e2e_passed,7488ac3b379936b9cc61b3669c739ede4bcccd95,233,0,read,156.81,13,broker::a_required_queue_claims_nothing_while_its_broker_is_stopped_and_tells_the_inbox broker::a_required_worker_does_its_task_only_through_the_broker_and_lands broker::a_preferred_worker_does_its_task_through_the_broker_and_lands,3,broker::a_preferred_worker_does_its_task_through_the_broker_and_lands,1,broker::a_preferred_worker_does_its_task_through_the_broker_and_lands broker::a_required_queue_claims_nothing_while_its_broker_is_stopped_and_tells_the_inbox broker::a_required_worker_does_its_task_only_through_the_broker_and_lands,1,logs/update-1791343573-7488ac3b3799.e2e.log
2026-10-07T04:03:34.907Z,120030,afterB,update_e2e_passed,983ba1f9dc2ba3b2a28b004967ed3acdba3bf555,89,0,read,77.57,13,broker::a_required_queue_claims_nothing_while_its_broker_is_stopped_and_tells_the_inbox broker::a_preferred_worker_does_its_task_through_the_broker_and_lands broker::a_required_worker_does_its_task_only_through_the_broker_and_lands,3,two_independent_tasks_run_concurrently_and_a_dependent_follows_integration,0,broker::a_preferred_worker_does_its_task_through_the_broker_and_lands broker::a_required_queue_claims_nothing_while_its_broker_is_stopped_and_tells_the_inbox broker::a_required_worker_does_its_task_only_through_the_broker_and_lands,1,logs/update-1791345603-983ba1f9dc2b.e2e.log
2026-10-07T04:21:37.514Z,120181,afterB,update_e2e_passed,0103849dab92ac6a0e2991ecf2a5cda6f122a1fe,115,0,read,93.72,13,broker::a_required_worker_does_its_task_only_through_the_broker_and_lands broker::a_required_queue_claims_nothing_while_its_broker_is_stopped_and_tells_the_inbox broker::a_preferred_worker_does_its_task_through_the_broker_and_lands,3,broker::a_preferred_worker_does_its_task_through_the_broker_and_lands,1,broker::a_preferred_worker_does_its_task_through_the_broker_and_lands broker::a_required_queue_claims_nothing_while_its_broker_is_stopped_and_tells_the_inbox broker::a_required_worker_does_its_task_only_through_the_broker_and_lands,1,logs/update-1791346644-0103849dab92.e2e.log
2026-10-07T04:47:56.947Z,120311,afterB,update_e2e_passed,e5fc9b8acf225e113842b413c3b0c384ae752346,94,0,read,64.17,10,,0,two_independent_tasks_run_concurrently_and_a_dependent_follows_integration,0,,0,logs/update-1791348224-e5fc9b8acf22.e2e.log
2026-10-07T04:58:51.638Z,120441,afterB,update_e2e_passed,429be4e07a9c6ac600fcdec14b38a881f375bd21,129,0,read,82.43,13,broker::a_required_queue_claims_nothing_while_its_broker_is_stopped_and_tells_the_inbox broker::a_required_worker_does_its_task_only_through_the_broker_and_lands broker::a_preferred_worker_does_its_task_through_the_broker_and_lands,3,broker::a_preferred_worker_does_its_task_through_the_broker_and_lands,1,broker::a_preferred_worker_does_its_task_through_the_broker_and_lands broker::a_required_queue_claims_nothing_while_its_broker_is_stopped_and_tells_the_inbox broker::a_required_worker_does_its_task_only_through_the_broker_and_lands,1,logs/update-1791348882-429be4e07a9c.e2e.log
2026-10-07T05:11:21.594Z,120539,afterB,update_e2e_passed,bd64976f1ea62d64e325b665ae0b4dcc37eb0537,85,0,read,73.26,13,broker::a_preferred_worker_does_its_task_through_the_broker_and_lands broker::a_required_queue_claims_nothing_while_its_broker_is_stopped_and_tells_the_inbox broker::a_required_worker_does_its_task_only_through_the_broker_and_lands,3,two_independent_tasks_run_concurrently_and_a_dependent_follows_integration,0,broker::a_preferred_worker_does_its_task_through_the_broker_and_lands broker::a_required_queue_claims_nothing_while_its_broker_is_stopped_and_tells_the_inbox broker::a_required_worker_does_its_task_only_through_the_broker_and_lands,1,logs/update-1791349683-bd64976f1ea6.e2e.log
2026-10-07T05:26:01.548Z,120693,afterB,update_e2e_passed,63ebb3e6f128dfe6a3c94c4d8c23ec2e1089f38a,84,0,read,71.72,13,broker::a_required_queue_claims_nothing_while_its_broker_is_stopped_and_tells_the_inbox broker::a_preferred_worker_does_its_task_through_the_broker_and_lands broker::a_required_worker_does_its_task_only_through_the_broker_and_lands,3,two_independent_tasks_run_concurrently_and_a_dependent_follows_integration,0,broker::a_required_worker_does_its_task_only_through_the_broker_and_lands,1,logs/update-1791350541-63ebb3e6f128.e2e.log
2026-10-07T05:40:59.131Z,120828,afterB,update_e2e_passed,680d30e14e4a3bfce182f98b3da375a2179fd5bd,104,0,read,89.51,13,broker::a_required_worker_does_its_task_only_through_the_broker_and_lands broker::a_required_queue_claims_nothing_while_its_broker_is_stopped_and_tells_the_inbox broker::a_preferred_worker_does_its_task_through_the_broker_and_lands,3,broker::a_preferred_worker_does_its_task_through_the_broker_and_lands,1,broker::a_preferred_worker_does_its_task_through_the_broker_and_lands broker::a_required_queue_claims_nothing_while_its_broker_is_stopped_and_tells_the_inbox broker::a_required_worker_does_its_task_only_through_the_broker_and_lands,1,logs/update-1791351440-680d30e14e4a.e2e.log
2026-10-07T05:53:10.852Z,120905,afterB,update_e2e_passed,9152b8fee18e23001c9fb5def416350cd13c5a5c,86,0,read,74.05,13,broker::a_preferred_worker_does_its_task_through_the_broker_and_lands broker::a_required_queue_claims_nothing_while_its_broker_is_stopped_and_tells_the_inbox broker::a_required_worker_does_its_task_only_through_the_broker_and_lands,3,two_independent_tasks_run_concurrently_and_a_dependent_follows_integration,0,broker::a_required_worker_does_its_task_only_through_the_broker_and_lands,1,logs/update-1791352193-9152b8fee18e.e2e.log
2026-10-07T06:15:46.603Z,121097,afterB,update_e2e_passed,403e3824afe936450087a2bb54f9246f64f4ce2b,159,0,read,132.85,13,broker::a_required_queue_claims_nothing_while_its_broker_is_stopped_and_tells_the_inbox broker::a_required_worker_does_its_task_only_through_the_broker_and_lands broker::a_preferred_worker_does_its_task_through_the_broker_and_lands,3,broker::a_preferred_worker_does_its_task_through_the_broker_and_lands,1,broker::a_preferred_worker_does_its_task_through_the_broker_and_lands broker::a_required_queue_claims_nothing_while_its_broker_is_stopped_and_tells_the_inbox broker::a_required_worker_does_its_task_only_through_the_broker_and_lands,1,logs/update-1791353388-403e3824afe9.e2e.log
2026-10-07T06:35:22.377Z,121214,afterB,update_e2e_passed,691a24664b240e352450b77092d0afc87f2584d2,148,0,read,117.82,13,broker::a_required_queue_claims_nothing_while_its_broker_is_stopped_and_tells_the_inbox broker::a_required_worker_does_its_task_only_through_the_broker_and_lands broker::a_preferred_worker_does_its_task_through_the_broker_and_lands,3,broker::a_preferred_worker_does_its_task_through_the_broker_and_lands,1,broker::a_preferred_worker_does_its_task_through_the_broker_and_lands broker::a_required_queue_claims_nothing_while_its_broker_is_stopped_and_tells_the_inbox broker::a_required_worker_does_its_task_only_through_the_broker_and_lands,1,logs/update-1791354657-691a24664b24.e2e.log
2026-10-07T06:58:48.664Z,121467,afterB,update_e2e_passed,f1b48c0ee4e63aa2a85044d46bdb6c15687dfa23,81,0,read,69.48,13,broker::a_preferred_worker_does_its_task_through_the_broker_and_lands broker::a_required_queue_claims_nothing_while_its_broker_is_stopped_and_tells_the_inbox broker::a_required_worker_does_its_task_only_through_the_broker_and_lands,3,two_independent_tasks_run_concurrently_and_a_dependent_follows_integration,0,broker::a_required_worker_does_its_task_only_through_the_broker_and_lands,1,logs/update-1791355586-f1b48c0ee4e6.e2e.log
2026-10-07T07:14:04.390Z,121573,afterB,update_e2e_passed,fccf3acaffc62946cd6833e02e3a5fc08054b428,83,0,read,70.75,13,broker::a_required_worker_does_its_task_only_through_the_broker_and_lands broker::a_required_queue_claims_nothing_while_its_broker_is_stopped_and_tells_the_inbox broker::a_preferred_worker_does_its_task_through_the_broker_and_lands,3,two_independent_tasks_run_concurrently_and_a_dependent_follows_integration,0,broker::a_preferred_worker_does_its_task_through_the_broker_and_lands,1,logs/update-1791357045-fccf3acaffc6.e2e.log
2026-10-07T07:41:35.075Z,121952,afterB,update_e2e_passed,da96ebb9fc1e30aaa8a18669fed908cb00e102b4,108,0,read,76.64,13,broker::a_required_worker_does_its_task_only_through_the_broker_and_lands broker::a_required_queue_claims_nothing_while_its_broker_is_stopped_and_tells_the_inbox broker::a_preferred_worker_does_its_task_through_the_broker_and_lands,3,broker::a_preferred_worker_does_its_task_through_the_broker_and_lands,1,broker::a_preferred_worker_does_its_task_through_the_broker_and_lands broker::a_required_queue_claims_nothing_while_its_broker_is_stopped_and_tells_the_inbox broker::a_required_worker_does_its_task_only_through_the_broker_and_lands,1,logs/update-1791358673-da96ebb9fc1e.e2e.log
2026-10-07T08:05:03.153Z,122140,afterB,update_e2e_passed,471b66e8b95857815f046f0abd106fbfffc37bba,159,0,read,140.47,13,broker::a_preferred_worker_does_its_task_through_the_broker_and_lands broker::a_required_queue_claims_nothing_while_its_broker_is_stopped_and_tells_the_inbox broker::a_required_worker_does_its_task_only_through_the_broker_and_lands,3,broker::a_required_worker_does_its_task_only_through_the_broker_and_lands,1,broker::a_preferred_worker_does_its_task_through_the_broker_and_lands broker::a_required_queue_claims_nothing_while_its_broker_is_stopped_and_tells_the_inbox broker::a_required_worker_does_its_task_only_through_the_broker_and_lands,1,logs/update-1791359933-471b66e8b958.e2e.log
2026-10-07T09:06:35.669Z,122421,afterB,update_failed,2762e010effeebf65ee7ed608c2dc677ffd3bc98,315,0,read,175.78,13,broker::a_required_worker_does_its_task_only_through_the_broker_and_lands broker::a_required_queue_claims_nothing_while_its_broker_is_stopped_and_tells_the_inbox broker::a_preferred_worker_does_its_task_through_the_broker_and_lands,3,broker::a_preferred_worker_does_its_task_through_the_broker_and_lands,1,broker::a_preferred_worker_does_its_task_through_the_broker_and_lands broker::a_required_queue_claims_nothing_while_its_broker_is_stopped_and_tells_the_inbox broker::a_required_worker_does_its_task_only_through_the_broker_and_lands,1,logs/update-1791363252-2762e010effe.e2e.log
2026-10-07T09:13:32.199Z,122545,afterB,update_e2e_passed,3ff0b88fe955f2df6baddd7b0954359cb74d220d,100,0,read,80.86,13,broker::a_required_queue_claims_nothing_while_its_broker_is_stopped_and_tells_the_inbox broker::a_required_worker_does_its_task_only_through_the_broker_and_lands broker::a_preferred_worker_does_its_task_through_the_broker_and_lands,3,broker::a_preferred_worker_does_its_task_through_the_broker_and_lands,1,broker::a_preferred_worker_does_its_task_through_the_broker_and_lands broker::a_required_queue_claims_nothing_while_its_broker_is_stopped_and_tells_the_inbox broker::a_required_worker_does_its_task_only_through_the_broker_and_lands,1,logs/update-1791364169-3ff0b88fe955.e2e.log
2026-10-07T10:00:10.463Z,122938,afterB,update_e2e_passed,57820b7c09517f9e3c4c31e54e9d94087278f790,148,0,read,98.86,13,broker::a_preferred_worker_does_its_task_through_the_broker_and_lands broker::a_required_queue_claims_nothing_while_its_broker_is_stopped_and_tells_the_inbox broker::a_required_worker_does_its_task_only_through_the_broker_and_lands,3,broker::a_required_worker_does_its_task_only_through_the_broker_and_lands,1,broker::a_preferred_worker_does_its_task_through_the_broker_and_lands broker::a_required_queue_claims_nothing_while_its_broker_is_stopped_and_tells_the_inbox broker::a_required_worker_does_its_task_only_through_the_broker_and_lands,1,logs/update-1791366881-57820b7c0951.e2e.log
2026-10-07T11:06:25.944Z,123636,afterB,update_e2e_passed,33163a406daf9097fd486e1e12034e650f7d73f9,123,0,read,92.89,13,broker::a_required_worker_does_its_task_only_through_the_broker_and_lands broker::a_required_queue_claims_nothing_while_its_broker_is_stopped_and_tells_the_inbox broker::a_preferred_worker_does_its_task_through_the_broker_and_lands,3,broker::a_preferred_worker_does_its_task_through_the_broker_and_lands,1,broker::a_preferred_worker_does_its_task_through_the_broker_and_lands broker::a_required_queue_claims_nothing_while_its_broker_is_stopped_and_tells_the_inbox broker::a_required_worker_does_its_task_only_through_the_broker_and_lands,1,logs/update-1791370898-33163a406daf.e2e.log
2026-10-07T11:23:47.379Z,123758,afterB,update_e2e_passed,bc4dee62f4b82e164f567cb5329e82002d7ffe1e,163,0,read,104.64,13,broker::a_preferred_worker_does_its_task_through_the_broker_and_lands broker::a_required_queue_claims_nothing_while_its_broker_is_stopped_and_tells_the_inbox broker::a_required_worker_does_its_task_only_through_the_broker_and_lands,3,broker::a_required_worker_does_its_task_only_through_the_broker_and_lands,1,broker::a_preferred_worker_does_its_task_through_the_broker_and_lands broker::a_required_queue_claims_nothing_while_its_broker_is_stopped_and_tells_the_inbox broker::a_required_worker_does_its_task_only_through_the_broker_and_lands,1,logs/update-1791371833-bc4dee62f4b8.e2e.log
2026-10-07T11:57:42.427Z,123940,afterB,update_failed,c126196c1d141e9c484f7abd26c37bf8fe171c4a,,0,missing,欠測,欠測,欠測,欠測,欠測,欠測,欠測,欠測,logs/update-1791373946-c126196c1d14.e2e.log
